Student_ID,Student_Name,Gender,Class,Section,Subject,Attendance_Pct,Assignment_Score,Internal_Mark,Exam_Mark,Total_Mark,Grade,Result,Academic_Year,Fee_Status,,
STU00001,Arun,Male,11,C,English,84.70,46.00,48.00,79.00,63.10,C,Pass,2024-25,Paid,,
STU00002,Rahul,Male,7,A,Social Science,98.10,60.00,50.00,94.00,74.00,B,Pass,2025-26,Paid,,
STU00003,Kavya,Female,8,A,English,79.10,54.00,36.00,68.00,55.60,D,Pass,2024-25,Paid,,
STU00004,Divya,Female,8,C,Social Science,73.40,68.00,31.00,83.00,64.40,C,Pass,2026-27,Paid,,
STU00005,Divya,Female,10,C,Social Science,89.10,59.00,32.00,30.00,36.40,F,Fail,2026-27,Paid,,
STU00006,Divya,Female,12,B,Tamil,75.80,83.00,38.00,83.00,69.50,C,Pass,2026-27,Pending,,
STU00007,Pranav,Male,8,B,Mathematics,77.50,44.00,49.00,46.00,46.50,F,Pass,2026-27,Partial,,
STU00008,Vijay,Male,9,D,Mathematics,67.50,63.00,40.00,32.00,40.60,F,Pass,2024-25,Paid,,
STU00009,Swetha,Female,8,A,English,93.10,75.00,36.00,88.00,69.80,C,Pass,2025-26,Partial,,
STU00010,Keerthana,Female,8,B,English,75.30,68.00,48.00,79.00,67.50,C,Pass,2026-27,Pending,,
STU00011,Priya,Female,7,D,Tamil,82.70,54.00,50.00,45.00,48.30,F,Pass,2026-27,Pending,,
STU00012,Ajay,Male,9,D,Social Science,62.10,67.00,47.00,26.00,40.50,F,Pass,2026-27,Partial,,
STU00013,Hari,Male,12,C,Mathematics,90.20,93.00,30.00,58.00,56.60,D,Pass,2026-27,Paid,,
STU00014,Sanjay,Male,12,B,English,88.90,82.00,35.00,94.00,73.90,B,Pass,2026-27,Paid,,
STU00015,Pavithra,Female,6,A,Mathematics,95.70,74.00,37.00,32.00,41.90,F,Pass,2024-25,Partial,,
STU00016,Karthik,Male,11,D,Tamil,69.00,51.00,34.00,85.00,62.90,C,Pass,2026-27,Paid,,
STU00017,Aishwarya,Female,12,D,English,97.10,60.00,39.00,76.00,61.70,C,Pass,2026-27,Partial,,
STU00018,Pavithra,Female,10,D,Tamil,74.80,66.00,37.00,33.00,40.80,F,Pass,2025-26,Paid,,
STU00019,Madhan,Male,7,A,Tamil,81.10,43.00,31.00,67.00,51.40,D,Pass,2024-25,Partial,,
STU00020,Sanjay,Male,11,D,English,78.60,51.00,48.00,98.00,73.60,B,Pass,2025-26,Paid,,
STU00021,Swetha,Female,7,A,Tamil,76.90,87.00,44.00,31.00,46.10,F,Pass,2026-27,Partial,,
STU00022,Arun,Male,9,C,Tamil,74.10,66.00,36.00,49.00,48.50,F,Pass,2026-27,Pending,,
STU00023,Ajay,Male,7,C,Science,82.00,91.00,47.00,37.00,50.80,D,Pass,2024-25,Partial,,
STU00024,Karthik,Male,12,B,English,100.00,87.00,45.00,86.00,73.90,B,Pass,2024-25,Pending,,
STU00025,Vijay,Male,9,A,Science,80.30,93.00,39.00,79.00,69.80,C,Pass,2026-27,Partial,,
STU00026,Keerthana,Female,7,C,English,99.40,42.00,48.00,94.00,69.80,C,Pass,2024-25,Partial,,
STU00027,Ananya,Female,6,D,Social Science,92.80,42.00,46.00,35.00,39.70,F,Fail,2024-25,Paid,,
STU00028,Rahul,Male,9,A,Social Science,76.00,66.00,48.00,30.00,42.60,F,Pass,2026-27,Paid,,
STU00029,Kavya,Female,10,C,Mathematics,86.50,65.00,38.00,75.00,61.90,C,Pass,2024-25,Partial,,
STU00030,Pavithra,Female,8,A,Tamil,97.20,93.00,49.00,97.00,81.80,A,Pass,2024-25,Paid,,
STU00031,Hari,Male,8,B,Mathematics,97.10,82.00,39.00,45.00,50.60,D,Pass,2025-26,Partial,,
STU00032,Kavya,Female,12,A,Social Science,68.00,73.00,33.00,42.00,45.50,F,Pass,2025-26,Paid,,
STU00033,Hari,Male,7,C,Mathematics,69.40,61.00,50.00,58.00,56.20,D,Pass,2026-27,Pending,,
STU00034,Ananya,Female,6,D,Mathematics,72.30,40.00,30.00,67.00,50.50,D,Pass,2024-25,Partial,,
STU00035,Keerthana,Female,11,D,Social Science,78.50,49.00,32.00,44.00,41.40,F,Pass,2026-27,Paid,,
STU00036,Kavya,Female,10,B,Science,69.70,51.00,31.00,64.00,51.50,D,Pass,2025-26,Paid,,
STU00037,Priya,Female,11,B,Tamil,74.20,87.00,49.00,44.00,54.10,D,Pass,2024-25,Paid,,
STU00038,Ajay,Male,6,B,Mathematics,92.20,87.00,37.00,59.00,58.00,D,Pass,2024-25,Partial,,
STU00039,Ajay,Male,12,A,Science,85.20,93.00,41.00,64.00,62.90,C,Pass,2024-25,Paid,,
STU00040,Rahul,Male,9,C,Mathematics,100.00,43.00,38.00,69.00,54.50,D,Pass,2026-27,Partial,,
STU00041,Aishwarya,Female,8,A,Tamil,87.60,68.00,31.00,38.00,41.90,F,Pass,2026-27,Pending,,
STU00042,Nivetha,Female,9,A,Science,76.60,59.00,38.00,30.00,38.20,F,Fail,2026-27,Pending,,
STU00043,Hari,Male,12,B,Mathematics,59.90,77.00,49.00,65.00,62.60,C,Pass,2026-27,Paid,,
STU00044,Aishwarya,Female,8,D,Mathematics,92.20,86.00,39.00,95.00,76.40,B,Pass,2024-25,Paid,,
STU00045,Swetha,Female,11,B,Social Science,72.70,35.00,39.00,61.00,49.20,F,Pass,2024-25,Pending,,
STU00046,Pavithra,Female,9,D,English,77.70,100.00,45.00,46.00,56.50,D,Pass,2026-27,Paid,,
STU00047,Aishwarya,Female,11,C,Tamil,89.00,74.00,37.00,50.00,50.90,D,Pass,2024-25,Paid,,
STU00048,Rahul,Male,9,A,Science,66.80,88.00,50.00,98.00,81.60,A,Pass,2024-25,Partial,,
STU00049,Pavithra,Female,9,B,English,81.40,48.00,43.00,53.00,49.00,F,Pass,2024-25,Partial,,
STU00050,Ananya,Female,10,B,Tamil,81.10,93.00,34.00,84.00,70.80,B,Pass,2026-27,Partial,,
STU00051,Pavithra,Female,10,D,Social Science,76.40,95.00,44.00,58.00,61.20,C,Pass,2024-25,Partial,,
STU00052,Aishwarya,Female,9,B,Mathematics,84.00,91.00,32.00,61.00,58.30,D,Pass,2024-25,Pending,,
STU00053,Nivetha,Female,10,A,English,87.70,54.00,36.00,33.00,38.10,F,Fail,2025-26,Pending,,
STU00054,Aishwarya,Female,9,D,Tamil,90.00,61.00,43.00,74.00,62.10,C,Pass,2026-27,Partial,,
STU00055,Madhan,Male,9,D,Tamil,89.90,84.00,43.00,93.00,76.20,B,Pass,2026-27,Partial,,
STU00056,Dinesh,Male,7,C,Science,79.00,97.00,30.00,74.00,65.40,C,Pass,2025-26,Partial,,
STU00057,Keerthana,Female,12,D,English,94.30,85.00,48.00,97.00,79.90,B,Pass,2026-27,Paid,,
STU00058,Ajay,Male,7,D,English,80.50,41.00,38.00,73.00,56.10,D,Pass,2025-26,Paid,,
STU00059,Nivetha,Female,8,D,Mathematics,82.20,67.00,32.00,85.00,65.50,C,Pass,2024-25,Partial,,
STU00060,Pranav,Male,7,A,Tamil,63.10,38.00,37.00,50.00,43.70,F,Pass,2024-25,Partial,,
STU00061,Rahul,Male,7,D,Tamil,75.50,67.00,41.00,46.00,48.70,F,Pass,2026-27,Partial,,
STU00062,Vijay,Male,8,A,Social Science,79.30,38.00,39.00,98.00,68.30,C,Pass,2026-27,Pending,,
STU00063,Priya,Female,6,B,Tamil,79.20,50.00,48.00,30.00,39.40,F,Fail,2025-26,Partial,,
STU00064,Nivetha,Female,6,C,Tamil,74.00,88.00,45.00,38.00,50.10,D,Pass,2025-26,Pending,,
STU00065,Keerthana,Female,9,B,Social Science,89.70,96.00,44.00,80.00,72.40,B,Pass,2026-27,Partial,,
STU00066,Nivetha,Female,12,B,Tamil,80.30,70.00,44.00,56.00,55.20,D,Pass,2025-26,Partial,,
STU00067,Nivetha,Female,6,D,Mathematics,84.90,68.00,40.00,60.00,55.60,D,Pass,2026-27,Partial,,
STU00068,Aishwarya,Female,6,B,Tamil,88.30,65.00,43.00,87.00,69.40,C,Pass,2026-27,Paid,,
STU00069,Pavithra,Female,9,A,Tamil,79.20,66.00,39.00,99.00,74.40,B,Pass,2025-26,Pending,,
STU00070,Swetha,Female,11,C,Mathematics,91.80,93.00,38.00,64.00,62.00,C,Pass,2025-26,Paid,,
STU00071,Rahul,Male,8,A,Social Science,96.60,59.00,36.00,86.00,65.60,C,Pass,2025-26,Partial,,
STU00072,Divya,Female,12,B,Mathematics,77.30,64.00,41.00,47.00,48.60,F,Pass,2025-26,Paid,,
STU00073,Sanjay,Male,6,A,Social Science,75.70,97.00,33.00,26.00,42.30,F,Pass,2026-27,Pending,,
STU00074,Pavithra,Female,9,C,English,100.00,41.00,38.00,86.00,62.60,C,Pass,2024-25,Paid,,
STU00075,Pavithra,Female,6,A,English,89.60,73.00,32.00,56.00,52.20,D,Pass,2024-25,Partial,,
STU00076,Kavya,Female,10,B,Social Science,92.40,83.00,44.00,81.00,70.30,B,Pass,2025-26,Partial,,
STU00077,Harini,Female,10,A,Social Science,86.40,61.00,50.00,52.00,53.20,D,Pass,2025-26,Partial,,
STU00078,Vijay,Male,7,B,Social Science,80.90,44.00,35.00,25.00,31.80,F,Fail,2025-26,Pending,,
STU00079,Harini,Female,6,B,Mathematics,77.80,93.00,32.00,54.00,55.20,D,Pass,2025-26,Partial,,
STU00080,Ajay,Male,6,B,English,67.00,69.00,34.00,34.00,41.00,F,Pass,2024-25,Paid,,
STU00081,Kavya,Female,11,C,Science,92.80,86.00,38.00,89.00,73.10,B,Pass,2026-27,Pending,,
STU00082,Divya,Female,10,A,Science,92.80,76.00,49.00,57.00,58.40,D,Pass,2024-25,Paid,,
STU00083,Madhan,Male,10,A,Mathematics,66.90,57.00,45.00,91.00,70.40,B,Pass,2026-27,Pending,,
STU00084,Keerthana,Female,10,D,Science,74.20,46.00,45.00,69.00,57.20,D,Pass,2025-26,Pending,,
STU00085,Divya,Female,12,B,Mathematics,72.10,86.00,47.00,29.00,45.80,F,Pass,2025-26,Paid,,
STU00086,Harini,Female,8,A,Science,88.20,100.00,30.00,94.00,76.00,B,Pass,2025-26,Pending,,
STU00087,Rahul,Male,10,C,Social Science,82.60,41.00,36.00,59.00,48.50,F,Pass,2026-27,Paid,,
STU00088,Pavithra,Female,11,D,Tamil,68.00,38.00,50.00,55.00,50.10,D,Pass,2026-27,Paid,,
STU00089,Aishwarya,Female,6,D,Tamil,85.00,49.00,44.00,40.00,43.00,F,Pass,2026-27,Paid,,
STU00090,Harini,Female,10,C,Science,100.00,96.00,45.00,56.00,60.70,C,Pass,2025-26,Partial,,
STU00091,Ajay,Male,7,B,Tamil,79.10,88.00,40.00,89.00,74.10,B,Pass,2025-26,Paid,,
STU00092,Harini,Female,12,D,English,99.40,92.00,47.00,86.00,75.50,B,Pass,2025-26,Pending,,
STU00093,Pavithra,Female,8,B,English,75.40,87.00,31.00,65.00,59.20,D,Pass,2026-27,Pending,,
STU00094,Swetha,Female,11,B,Science,78.80,39.00,34.00,89.00,62.50,C,Pass,2026-27,Pending,,
STU00095,Dinesh,Male,6,D,Tamil,80.20,54.00,32.00,85.00,62.90,C,Pass,2025-26,Pending,,
STU00096,Divya,Female,12,C,Social Science,71.90,83.00,40.00,87.00,72.10,B,Pass,2026-27,Paid,,
STU00097,Rahul,Male,11,C,English,81.80,47.00,50.00,37.00,42.90,F,Pass,2025-26,Paid,,
STU00098,Ananya,Female,6,C,Tamil,71.30,72.00,41.00,72.00,62.70,C,Pass,2025-26,Paid,,
STU00099,Hari,Male,9,B,English,88.20,83.00,49.00,55.00,58.80,D,Pass,2025-26,Partial,,
STU00100,Rahul,Male,9,C,Science,94.20,67.00,30.00,84.00,64.40,C,Pass,2025-26,Partial,,
STU00101,Karthik,Male,9,C,Social Science,74.20,67.00,44.00,63.00,58.10,D,Pass,2024-25,Pending,,
STU00102,Divya,Female,7,D,Social Science,100.00,80.00,48.00,62.00,61.40,C,Pass,2026-27,Pending,,
STU00103,Ajay,Male,8,A,Social Science,93.50,41.00,49.00,88.00,66.90,C,Pass,2025-26,Paid,,
STU00104,Priya,Female,11,B,Social Science,69.00,67.00,34.00,37.00,42.10,F,Pass,2026-27,Partial,,
STU00105,Sanjay,Male,12,D,Tamil,67.80,46.00,39.00,66.00,53.90,D,Pass,2026-27,Pending,,
STU00106,Rahul,Male,7,C,Social Science,74.20,99.00,38.00,46.00,54.20,D,Pass,2025-26,Pending,,
STU00107,Nivetha,Female,12,A,Science,87.40,63.00,42.00,96.00,73.20,B,Pass,2025-26,Paid,,
STU00108,Ananya,Female,8,A,Science,80.70,82.00,38.00,99.00,77.30,B,Pass,2025-26,Partial,,
STU00109,Divya,Female,11,B,Science,100.00,76.00,49.00,53.00,56.40,D,Pass,2026-27,Paid,,
STU00110,Harini,Female,11,D,Tamil,85.30,52.00,31.00,29.00,34.20,F,Fail,2025-26,Pending,,
STU00111,Karthik,Male,7,B,Science,67.70,88.00,48.00,44.00,54.00,D,Pass,2025-26,Partial,,
STU00112,Dinesh,Male,10,D,Mathematics,86.30,39.00,41.00,52.00,46.10,F,Pass,2025-26,Pending,,
STU00113,Pranav,Male,6,C,Social Science,93.70,42.00,42.00,60.00,51.00,D,Pass,2024-25,Paid,,
STU00114,Divya,Female,11,B,Social Science,73.70,37.00,31.00,67.00,50.20,D,Pass,2024-25,Paid,,
STU00115,Karthik,Male,12,B,Social Science,86.30,77.00,34.00,25.00,38.10,F,Fail,2025-26,Paid,,
STU00116,Hari,Male,8,B,Tamil,100.00,38.00,34.00,26.00,30.80,F,Fail,2025-26,Paid,,
STU00117,Ananya,Female,7,C,Tamil,89.30,49.00,32.00,85.00,61.90,C,Pass,2025-26,Pending,,
STU00118,Dinesh,Male,10,B,Social Science,89.50,40.00,46.00,63.00,53.30,D,Pass,2025-26,Partial,,
STU00119,Arun,Male,9,D,Science,77.50,91.00,32.00,35.00,45.30,F,Pass,2025-26,Partial,,
STU00120,Karthik,Male,7,C,Social Science,71.30,76.00,42.00,92.00,73.80,B,Pass,2025-26,Pending,,
STU00121,Divya,Female,12,A,Social Science,80.70,92.00,37.00,77.00,68.00,C,Pass,2025-26,Pending,,
STU00122,Swetha,Female,11,A,Mathematics,75.20,89.00,40.00,57.00,58.30,D,Pass,2025-26,Paid,,
STU00123,Divya,Female,6,A,Tamil,67.00,82.00,34.00,96.00,74.60,B,Pass,2024-25,Partial,,
STU00124,Divya,Female,9,C,Science,88.90,41.00,39.00,64.00,51.90,D,Pass,2025-26,Paid,,
STU00125,Vijay,Male,11,D,English,87.30,82.00,33.00,60.00,56.30,D,Pass,2026-27,Paid,,
STU00126,Aishwarya,Female,12,A,Social Science,74.40,69.00,30.00,48.00,46.80,F,Pass,2025-26,Partial,,
STU00127,Nivetha,Female,8,A,English,90.80,86.00,32.00,43.00,48.30,F,Pass,2026-27,Partial,,
STU00128,Karthik,Male,11,B,Science,72.60,88.00,44.00,68.00,64.80,C,Pass,2024-25,Pending,,
STU00129,Nivetha,Female,12,A,Tamil,91.40,41.00,32.00,59.00,47.30,F,Pass,2025-26,Partial,,
STU00130,Pavithra,Female,10,D,Science,95.90,69.00,36.00,90.00,69.60,C,Pass,2024-25,Pending,,
STU00131,Divya,Female,8,D,Social Science,80.50,85.00,49.00,32.00,47.70,F,Pass,2024-25,Paid,,
STU00132,Priya,Female,12,B,Mathematics,79.40,72.00,40.00,40.00,46.40,F,Pass,2024-25,Pending,,
STU00133,Keerthana,Female,7,D,Social Science,78.60,80.00,32.00,75.00,63.10,C,Pass,2026-27,Paid,,
STU00134,Ananya,Female,9,A,Mathematics,70.70,89.00,48.00,76.00,70.20,B,Pass,2026-27,Partial,,
STU00135,Harini,Female,6,D,Tamil,88.00,93.00,41.00,36.00,48.90,F,Pass,2025-26,Paid,,
STU00136,Ajay,Male,10,D,Social Science,80.70,45.00,42.00,64.00,53.60,D,Pass,2026-27,Pending,,
STU00137,Pranav,Male,12,B,Tamil,77.10,100.00,36.00,69.00,65.30,C,Pass,2025-26,Partial,,
STU00138,Rahul,Male,6,B,Mathematics,81.70,60.00,35.00,44.00,44.50,F,Pass,2026-27,Paid,,
STU00139,Dinesh,Male,9,D,Social Science,63.70,76.00,50.00,65.00,62.70,C,Pass,2024-25,Pending,,
STU00140,Dinesh,Male,9,C,Mathematics,59.00,42.00,41.00,89.00,65.20,C,Pass,2024-25,Pending,,
STU00141,Pavithra,Female,6,A,Mathematics,84.00,46.00,49.00,89.00,68.40,C,Pass,2025-26,Pending,,
STU00142,Dinesh,Male,12,B,Mathematics,78.50,95.00,46.00,44.00,54.80,D,Pass,2024-25,Pending,,
STU00143,Pranav,Male,11,A,Social Science,80.30,91.00,44.00,92.00,77.40,B,Pass,2026-27,Partial,,
STU00144,Pranav,Male,8,C,Science,79.80,87.00,40.00,31.00,44.90,F,Pass,2026-27,Partial,,
STU00145,Divya,Female,8,A,Social Science,78.40,54.00,40.00,35.00,40.30,F,Pass,2026-27,Partial,,
STU00146,Pranav,Male,8,D,English,74.60,45.00,39.00,96.00,68.70,C,Pass,2025-26,Partial,,
STU00147,Keerthana,Female,11,A,Science,80.10,74.00,35.00,52.00,51.30,D,Pass,2025-26,Pending,,
STU00148,Rahul,Male,7,B,Tamil,81.90,72.00,33.00,89.00,68.80,C,Pass,2026-27,Partial,,
STU00149,Pranav,Male,12,B,Social Science,77.70,56.00,44.00,30.00,39.40,F,Fail,2025-26,Pending,,
STU00150,Dinesh,Male,10,C,Science,86.20,64.00,47.00,55.00,54.40,D,Pass,2025-26,Pending,,
STU00151,Pranav,Male,11,D,Science,84.10,99.00,46.00,78.00,72.60,B,Pass,2024-25,Paid,,
STU00152,Sanjay,Male,6,D,Mathematics,64.80,48.00,46.00,40.00,43.40,F,Pass,2025-26,Paid,,
STU00153,Sanjay,Male,9,B,Science,100.00,92.00,41.00,28.00,44.70,F,Pass,2025-26,Paid,,
STU00154,Aishwarya,Female,8,B,Science,94.00,45.00,41.00,53.00,47.80,F,Pass,2024-25,Pending,,
STU00155,Pranav,Male,12,B,English,100.00,95.00,34.00,85.00,71.70,B,Pass,2025-26,Partial,,
STU00156,Karthik,Male,6,C,English,87.30,54.00,47.00,92.00,70.90,B,Pass,2025-26,Paid,,
STU00157,Priya,Female,8,A,Tamil,83.00,93.00,32.00,39.00,47.70,F,Pass,2025-26,Partial,,
STU00158,Hari,Male,10,B,English,96.20,72.00,43.00,25.00,39.80,F,Fail,2026-27,Pending,,
STU00159,Madhan,Male,9,B,Tamil,72.60,99.00,46.00,95.00,81.10,A,Pass,2024-25,Pending,,
STU00160,Ananya,Female,11,D,Mathematics,80.60,67.00,30.00,70.00,57.40,D,Pass,2024-25,Pending,,
STU00161,Karthik,Male,12,C,English,94.10,57.00,44.00,86.00,67.60,C,Pass,2026-27,Paid,,
STU00162,Karthik,Male,11,D,Tamil,85.50,72.00,36.00,30.00,40.20,F,Pass,2024-25,Paid,,
STU00163,Harini,Female,10,D,Social Science,79.30,59.00,39.00,70.00,58.50,D,Pass,2024-25,Partial,,
STU00164,Harini,Female,6,C,Science,82.50,86.00,44.00,74.00,67.40,C,Pass,2025-26,Paid,,
STU00165,Pavithra,Female,8,C,Tamil,81.40,58.00,47.00,62.00,56.70,D,Pass,2025-26,Paid,,
STU00166,Pranav,Male,11,C,Mathematics,78.00,92.00,49.00,79.00,72.60,B,Pass,2024-25,Partial,,
STU00167,Nivetha,Female,9,A,Mathematics,74.00,42.00,32.00,76.00,56.00,D,Pass,2025-26,Partial,,
STU00168,Arun,Male,7,D,Tamil,74.90,51.00,32.00,55.00,47.30,F,Pass,2026-27,Pending,,
STU00169,Swetha,Female,10,A,Social Science,88.20,82.00,41.00,81.00,69.20,C,Pass,2024-25,Partial,,
STU00170,Hari,Male,8,D,Mathematics,91.00,70.00,37.00,39.00,44.60,F,Pass,2024-25,Partial,,
STU00171,Dinesh,Male,10,D,Social Science,94.80,92.00,36.00,61.00,59.70,D,Pass,2026-27,Pending,,
STU00172,Karthik,Male,7,A,Science,93.60,57.00,44.00,36.00,42.60,F,Pass,2026-27,Pending,,
STU00173,Divya,Female,10,C,Mathematics,91.40,57.00,41.00,90.00,68.70,C,Pass,2024-25,Paid,,
STU00174,Vijay,Male,7,D,Tamil,69.30,81.00,47.00,98.00,79.30,B,Pass,2025-26,Pending,,
STU00175,Madhan,Male,6,A,Mathematics,69.30,96.00,46.00,77.00,71.50,B,Pass,2025-26,Partial,,
STU00176,Vijay,Male,8,A,Science,91.50,94.00,46.00,69.00,67.10,C,Pass,2024-25,Partial,,
STU00177,Vijay,Male,9,A,Tamil,73.50,55.00,40.00,53.00,49.50,F,Pass,2025-26,Partial,,
STU00178,Divya,Female,8,B,Social Science,81.00,70.00,34.00,63.00,55.70,D,Pass,2026-27,Partial,,
STU00179,Hari,Male,11,B,Social Science,87.40,78.00,48.00,30.00,45.00,F,Pass,2024-25,Paid,,
STU00180,Madhan,Male,8,B,Social Science,79.90,88.00,49.00,28.00,46.30,F,Pass,2025-26,Partial,,
STU00181,Harini,Female,9,B,Science,80.90,42.00,35.00,81.00,59.40,D,Pass,2025-26,Pending,,
STU00182,Priya,Female,8,B,Mathematics,85.70,75.00,41.00,76.00,65.30,C,Pass,2024-25,Pending,,
STU00183,Pranav,Male,7,D,Tamil,81.20,47.00,31.00,62.00,49.70,F,Pass,2025-26,Partial,,
STU00184,Priya,Female,12,B,Mathematics,89.50,75.00,36.00,45.00,48.30,F,Pass,2025-26,Partial,,
STU00185,Pavithra,Female,8,D,Tamil,90.40,93.00,37.00,52.00,55.70,D,Pass,2026-27,Pending,,
STU00186,Arun,Male,8,D,Social Science,87.40,95.00,39.00,93.00,77.20,B,Pass,2024-25,Paid,,
STU00187,Keerthana,Female,8,C,Science,75.30,59.00,41.00,95.00,71.60,B,Pass,2025-26,Paid,,
STU00188,Aishwarya,Female,9,C,Social Science,89.50,50.00,34.00,37.00,38.70,F,Fail,2025-26,Pending,,
STU00189,Aishwarya,Female,8,B,English,73.90,40.00,31.00,29.00,31.80,F,Fail,2024-25,Partial,,
STU00190,Pavithra,Female,10,D,English,75.90,100.00,34.00,66.00,63.20,C,Pass,2026-27,Pending,,
STU00191,Ajay,Male,10,C,Social Science,72.30,97.00,48.00,63.00,65.30,C,Pass,2025-26,Paid,,
STU00192,Nivetha,Female,11,A,Science,98.10,74.00,50.00,28.00,43.80,F,Pass,2026-27,Pending,,
STU00193,Kavya,Female,10,B,Tamil,76.70,83.00,34.00,56.00,54.80,D,Pass,2024-25,Partial,,
STU00194,Rahul,Male,6,D,Mathematics,78.90,88.00,34.00,77.00,66.30,C,Pass,2026-27,Paid,,
STU00195,Aishwarya,Female,12,D,Tamil,78.70,76.00,45.00,92.00,74.70,B,Pass,2025-26,Pending,,
STU00196,Dinesh,Male,10,C,Social Science,70.40,80.00,50.00,58.00,60.00,C,Pass,2026-27,Pending,,
STU00197,Rahul,Male,8,C,English,100.00,71.00,36.00,87.00,68.50,C,Pass,2025-26,Pending,,
STU00198,Aishwarya,Female,12,C,Mathematics,71.80,50.00,48.00,94.00,71.40,B,Pass,2025-26,Pending,,
STU00199,Keerthana,Female,8,A,Mathematics,85.90,91.00,50.00,57.00,61.70,C,Pass,2026-27,Pending,,
STU00200,Rahul,Male,12,C,Social Science,80.90,69.00,34.00,38.00,43.00,F,Pass,2026-27,Partial,,
STU00201,Rahul,Male,6,B,English,91.80,95.00,33.00,42.00,49.90,F,Pass,2024-25,Partial,,
STU00202,Ajay,Male,11,D,Science,85.30,60.00,39.00,66.00,56.70,D,Pass,2025-26,Partial,,
STU00203,Karthik,Male,11,B,Social Science,80.60,39.00,35.00,78.00,57.30,D,Pass,2024-25,Paid,,
STU00204,Pavithra,Female,7,C,Tamil,62.60,36.00,39.00,97.00,67.40,C,Pass,2026-27,Paid,,
STU00205,Harini,Female,9,D,English,88.70,59.00,33.00,67.00,55.20,D,Pass,2024-25,Partial,,
STU00206,Harini,Female,11,B,Tamil,73.00,78.00,39.00,97.00,75.80,B,Pass,2026-27,Paid,,
STU00207,Madhan,Male,12,D,Science,77.80,47.00,35.00,42.00,40.90,F,Pass,2025-26,Pending,,
STU00208,Arun,Male,8,D,English,81.60,92.00,38.00,67.00,63.30,C,Pass,2025-26,Partial,,
STU00209,Sanjay,Male,11,C,English,86.60,74.00,35.00,76.00,63.30,C,Pass,2026-27,Partial,,
STU00210,Divya,Female,11,C,Mathematics,83.90,63.00,37.00,42.00,44.70,F,Pass,2025-26,Paid,,
STU00211,Kavya,Female,8,D,Social Science,96.40,62.00,37.00,35.00,41.00,F,Pass,2026-27,Pending,,
STU00212,Divya,Female,10,A,Tamil,73.20,99.00,36.00,98.00,79.60,B,Pass,2026-27,Paid,,
STU00213,Pranav,Male,12,D,Tamil,75.30,97.00,32.00,90.00,74.00,B,Pass,2025-26,Paid,,
STU00214,Keerthana,Female,10,D,Science,67.60,42.00,47.00,84.00,64.50,C,Pass,2026-27,Pending,,
STU00215,Ajay,Male,8,A,English,79.30,79.00,32.00,94.00,72.40,B,Pass,2024-25,Paid,,
STU00216,Ananya,Female,8,D,English,80.60,52.00,50.00,78.00,64.40,C,Pass,2025-26,Pending,,
STU00217,Swetha,Female,9,A,Social Science,95.30,50.00,35.00,93.00,67.00,C,Pass,2025-26,Partial,,
STU00218,Rahul,Male,12,A,Tamil,96.70,73.00,44.00,94.00,74.80,B,Pass,2025-26,Partial,,
STU00219,Priya,Female,7,D,Mathematics,85.60,49.00,31.00,78.00,58.10,D,Pass,2026-27,Paid,,
STU00220,Rahul,Male,6,A,Social Science,87.30,39.00,44.00,31.00,36.50,F,Fail,2024-25,Partial,,
STU00221,Ajay,Male,9,B,Social Science,86.10,42.00,34.00,89.00,63.10,C,Pass,2025-26,Paid,,
STU00222,Kavya,Female,10,C,English,100.00,73.00,34.00,91.00,70.30,B,Pass,2024-25,Pending,,
STU00223,Harini,Female,6,B,Science,79.10,79.00,50.00,73.00,67.30,C,Pass,2026-27,Pending,,
STU00224,Swetha,Female,7,C,Science,80.90,58.00,47.00,85.00,68.20,C,Pass,2024-25,Paid,,
STU00225,Keerthana,Female,12,D,Tamil,57.80,52.00,42.00,56.00,51.00,D,Pass,2025-26,Paid,,
STU00226,Divya,Female,9,C,Tamil,72.00,59.00,31.00,59.00,50.60,D,Pass,2025-26,Partial,,
STU00227,Karthik,Male,7,B,Science,87.60,73.00,30.00,52.00,49.60,F,Pass,2024-25,Partial,,
STU00228,Dinesh,Male,7,B,Science,100.00,65.00,47.00,66.00,60.10,C,Pass,2025-26,Pending,,
STU00229,Aishwarya,Female,11,C,Mathematics,81.10,98.00,44.00,37.00,51.30,D,Pass,2026-27,Pending,,
STU00230,Priya,Female,8,C,Science,94.00,40.00,48.00,53.00,48.90,F,Pass,2026-27,Paid,,
STU00231,Sanjay,Male,10,D,Mathematics,87.10,83.00,48.00,56.00,59.00,D,Pass,2025-26,Partial,,
STU00232,Harini,Female,12,D,Science,89.30,93.00,35.00,70.00,64.10,C,Pass,2024-25,Paid,,
STU00233,Keerthana,Female,10,A,Social Science,100.00,41.00,30.00,77.00,55.70,D,Pass,2024-25,Partial,,
STU00234,Karthik,Male,11,B,Tamil,86.10,62.00,46.00,83.00,67.70,C,Pass,2025-26,Paid,,
STU00235,Pavithra,Female,6,A,Social Science,80.50,70.00,47.00,61.00,58.60,D,Pass,2024-25,Partial,,
STU00236,Keerthana,Female,6,A,Social Science,81.50,54.00,37.00,49.00,46.40,F,Pass,2026-27,Partial,,
STU00237,Nivetha,Female,8,D,Tamil,74.90,66.00,37.00,63.00,55.80,D,Pass,2026-27,Paid,,
STU00238,Karthik,Male,9,D,Science,89.30,95.00,31.00,26.00,41.30,F,Pass,2026-27,Paid,,
STU00239,Dinesh,Male,12,D,Mathematics,63.90,47.00,46.00,30.00,38.20,F,Fail,2024-25,Paid,,
STU00240,Harini,Female,6,A,Mathematics,74.10,39.00,35.00,65.00,50.80,D,Pass,2024-25,Paid,,
STU00241,Ajay,Male,6,C,English,70.10,84.00,47.00,67.00,64.40,C,Pass,2025-26,Partial,,
STU00242,Karthik,Male,10,C,Tamil,76.90,47.00,43.00,54.00,49.30,F,Pass,2024-25,Pending,,
STU00243,Nivetha,Female,6,C,Science,72.60,83.00,43.00,48.00,53.50,D,Pass,2026-27,Partial,,
STU00244,Divya,Female,12,C,English,82.60,44.00,32.00,59.00,47.90,F,Pass,2024-25,Pending,,
STU00245,Ajay,Male,8,C,Tamil,100.00,91.00,41.00,59.00,60.00,C,Pass,2024-25,Paid,,
STU00246,Vijay,Male,9,D,Social Science,95.00,100.00,43.00,38.00,51.90,D,Pass,2024-25,Paid,,
STU00247,Aishwarya,Female,6,C,Science,92.30,45.00,47.00,56.00,51.10,D,Pass,2026-27,Partial,,
STU00248,Ajay,Male,7,B,Mathematics,82.80,73.00,38.00,88.00,70.00,B,Pass,2024-25,Paid,,
STU00249,Ajay,Male,8,D,Mathematics,78.00,67.00,37.00,88.00,68.50,C,Pass,2026-27,Partial,,
STU00250,Dinesh,Male,6,B,Mathematics,82.40,35.00,42.00,67.00,53.10,D,Pass,2026-27,Pending,,
STU00251,Pavithra,Female,8,D,Social Science,87.80,60.00,45.00,65.00,58.00,D,Pass,2024-25,Pending,,
STU00252,Harini,Female,11,D,Social Science,88.60,66.00,40.00,73.00,61.70,C,Pass,2025-26,Pending,,
STU00253,Divya,Female,10,B,Social Science,88.30,38.00,44.00,51.00,46.30,F,Pass,2025-26,Pending,,
STU00254,Ajay,Male,11,D,English,81.90,73.00,37.00,57.00,54.20,D,Pass,2026-27,Paid,,
STU00255,Swetha,Female,6,D,Social Science,72.00,99.00,43.00,94.00,79.70,B,Pass,2024-25,Pending,,
STU00256,Karthik,Male,12,B,Mathematics,83.30,56.00,50.00,30.00,41.20,F,Pass,2026-27,Partial,,
STU00257,Nivetha,Female,12,D,Tamil,89.70,100.00,46.00,96.00,81.80,A,Pass,2026-27,Partial,,
STU00258,Dinesh,Male,8,D,Science,82.50,99.00,34.00,69.00,64.50,C,Pass,2024-25,Pending,,
STU00259,Sanjay,Male,9,A,Tamil,89.90,79.00,39.00,68.00,61.50,C,Pass,2025-26,Paid,,
STU00260,Nivetha,Female,9,A,Science,67.90,92.00,40.00,33.00,46.90,F,Pass,2025-26,Paid,,
STU00261,Arun,Male,12,C,Tamil,79.40,66.00,46.00,47.00,50.50,D,Pass,2026-27,Paid,,
STU00262,Aishwarya,Female,9,D,English,76.60,86.00,50.00,48.00,56.20,D,Pass,2024-25,Partial,,
STU00263,Swetha,Female,6,B,Science,73.70,62.00,36.00,60.00,53.20,D,Pass,2026-27,Paid,,
STU00264,Hari,Male,7,C,Mathematics,76.60,60.00,44.00,39.00,44.70,F,Pass,2025-26,Partial,,
STU00265,Aishwarya,Female,11,C,Social Science,74.40,49.00,41.00,70.00,57.10,D,Pass,2025-26,Partial,,
STU00266,Sanjay,Male,10,A,English,88.40,75.00,33.00,55.00,52.40,D,Pass,2025-26,Paid,,
STU00267,Pranav,Male,11,B,Social Science,71.70,84.00,43.00,48.00,53.70,D,Pass,2025-26,Partial,,
STU00268,Hari,Male,7,D,Mathematics,90.70,52.00,35.00,65.00,53.40,D,Pass,2025-26,Partial,,
STU00269,Pranav,Male,6,D,English,85.30,99.00,50.00,88.00,78.80,B,Pass,2025-26,Partial,,
STU00270,Swetha,Female,11,D,Science,91.30,56.00,32.00,97.00,69.30,C,Pass,2024-25,Paid,,
STU00271,Ananya,Female,8,B,Social Science,77.80,98.00,47.00,90.00,78.70,B,Pass,2024-25,Partial,,
STU00272,Sanjay,Male,12,C,Social Science,98.90,40.00,44.00,94.00,68.20,C,Pass,2024-25,Pending,,
STU00273,Rahul,Male,8,A,Science,80.40,46.00,44.00,40.00,42.40,F,Pass,2024-25,Paid,,
STU00274,Kavya,Female,11,D,English,100.00,52.00,36.00,51.00,46.70,F,Pass,2024-25,Partial,,
STU00275,Aishwarya,Female,8,B,Mathematics,90.20,69.00,46.00,37.00,46.10,F,Pass,2024-25,Pending,,
STU00276,Sanjay,Male,12,B,English,80.90,66.00,34.00,66.00,56.40,D,Pass,2024-25,Partial,,
STU00277,Pavithra,Female,7,C,Science,79.20,46.00,42.00,90.00,66.80,C,Pass,2026-27,Pending,,
STU00278,Pavithra,Female,9,C,Social Science,84.80,35.00,32.00,83.00,58.10,D,Pass,2026-27,Partial,,
STU00279,Divya,Female,12,D,English,100.00,98.00,38.00,66.00,64.00,C,Pass,2025-26,Pending,,
STU00280,Madhan,Male,12,D,Mathematics,78.30,41.00,31.00,37.00,36.00,F,Fail,2026-27,Pending,,
STU00281,Karthik,Male,12,B,Science,52.10,89.00,36.00,41.00,49.10,F,Pass,2026-27,Pending,,
STU00282,Sanjay,Male,6,C,Mathematics,90.40,45.00,41.00,46.00,44.30,F,Pass,2024-25,Pending,,
STU00283,Priya,Female,9,A,Tamil,93.40,51.00,48.00,53.00,51.10,D,Pass,2026-27,Partial,,
STU00284,Ananya,Female,6,C,Tamil,82.10,89.00,34.00,86.00,71.00,B,Pass,2024-25,Paid,,
STU00285,Divya,Female,11,A,Tamil,74.00,52.00,42.00,42.00,44.00,F,Pass,2026-27,Partial,,
STU00286,Karthik,Male,10,A,Social Science,100.00,56.00,44.00,69.00,58.90,D,Pass,2026-27,Paid,,
STU00287,Ajay,Male,10,D,English,85.90,50.00,48.00,74.00,61.40,C,Pass,2025-26,Pending,,
STU00288,Keerthana,Female,7,C,Tamil,84.40,66.00,47.00,61.00,57.80,D,Pass,2026-27,Paid,,
STU00289,Priya,Female,10,B,Science,81.10,65.00,45.00,74.00,63.50,C,Pass,2024-25,Paid,,
STU00290,Kavya,Female,6,A,Mathematics,85.20,75.00,34.00,74.00,62.20,C,Pass,2026-27,Pending,,
STU00291,Aishwarya,Female,11,B,Science,98.50,37.00,48.00,33.00,38.30,F,Fail,2024-25,Pending,,
STU00292,Arun,Male,6,D,Social Science,77.20,71.00,50.00,89.00,73.70,B,Pass,2025-26,Pending,,
STU00293,Divya,Female,11,B,Mathematics,85.50,61.00,34.00,93.00,68.90,C,Pass,2025-26,Pending,,
STU00294,Sanjay,Male,11,D,English,84.00,42.00,37.00,36.00,37.50,F,Fail,2025-26,Paid,,
STU00295,Kavya,Female,10,A,Mathematics,74.60,57.00,33.00,26.00,34.30,F,Fail,2026-27,Paid,,
STU00296,Vijay,Male,9,C,Social Science,69.30,68.00,35.00,72.00,60.10,C,Pass,2024-25,Partial,,
STU00297,Divya,Female,12,A,Mathematics,84.80,43.00,38.00,98.00,69.00,C,Pass,2026-27,Paid,,
STU00298,Pavithra,Female,10,C,Tamil,74.50,98.00,48.00,46.00,57.00,D,Pass,2025-26,Paid,,
STU00299,Divya,Female,10,A,English,82.00,36.00,37.00,30.00,33.30,F,Fail,2025-26,Pending,,
STU00300,Keerthana,Female,7,A,Social Science,81.30,88.00,37.00,66.00,61.70,C,Pass,2024-25,Pending,,
STU00301,Harini,Female,12,A,Social Science,73.80,41.00,35.00,53.00,45.20,F,Pass,2026-27,Paid,,
STU00302,Divya,Female,9,C,Mathematics,90.50,76.00,32.00,95.00,72.30,B,Pass,2025-26,Paid,,
STU00303,Priya,Female,8,C,Social Science,82.40,98.00,36.00,94.00,77.40,B,Pass,2024-25,Paid,,
STU00304,Ajay,Male,6,B,Social Science,91.60,79.00,50.00,26.00,43.80,F,Pass,2025-26,Paid,,
STU00305,Harini,Female,6,B,Social Science,92.40,42.00,34.00,60.00,48.60,F,Pass,2024-25,Paid,,
STU00306,Hari,Male,9,C,Science,80.90,45.00,48.00,37.00,41.90,F,Pass,2026-27,Paid,,
STU00307,Divya,Female,10,A,Science,79.20,72.00,38.00,65.00,58.30,D,Pass,2025-26,Partial,,
STU00308,Nivetha,Female,9,C,English,77.50,44.00,36.00,42.00,40.60,F,Pass,2026-27,Paid,,
STU00309,Karthik,Male,7,D,Science,80.00,80.00,36.00,82.00,67.80,C,Pass,2025-26,Pending,,
STU00310,Divya,Female,6,B,Mathematics,86.70,40.00,36.00,66.00,51.80,D,Pass,2024-25,Paid,,
STU00311,Pranav,Male,9,A,Mathematics,80.00,38.00,42.00,82.00,61.20,C,Pass,2026-27,Partial,,
STU00312,Karthik,Male,9,A,English,100.00,50.00,30.00,32.00,35.00,F,Fail,2024-25,Paid,,
STU00313,Ajay,Male,8,A,Social Science,62.90,44.00,30.00,33.00,34.30,F,Fail,2024-25,Partial,,
STU00314,Keerthana,Female,6,C,Tamil,70.50,40.00,44.00,31.00,36.70,F,Fail,2024-25,Partial,,
STU00315,Swetha,Female,9,A,Science,79.50,62.00,35.00,60.00,52.90,D,Pass,2025-26,Pending,,
STU00316,Arun,Male,10,B,Mathematics,76.40,98.00,43.00,95.00,80.00,A,Pass,2025-26,Paid,,
STU00317,Sanjay,Male,9,B,Science,88.50,66.00,50.00,94.00,75.20,B,Pass,2024-25,Pending,,
STU00318,Pavithra,Female,10,D,Mathematics,100.00,99.00,40.00,74.00,68.80,C,Pass,2025-26,Paid,,
STU00319,Pranav,Male,10,B,Tamil,95.80,42.00,45.00,92.00,67.90,C,Pass,2025-26,Partial,,
STU00320,Vijay,Male,6,B,English,71.40,69.00,47.00,32.00,43.90,F,Pass,2024-25,Partial,,
STU00321,Nivetha,Female,12,B,English,82.70,80.00,48.00,28.00,44.40,F,Pass,2026-27,Partial,,
STU00322,Kavya,Female,10,B,Social Science,90.70,59.00,45.00,94.00,72.30,B,Pass,2025-26,Paid,,
STU00323,Ananya,Female,6,A,English,80.40,96.00,30.00,67.00,61.70,C,Pass,2026-27,Paid,,
STU00324,Pranav,Male,11,B,Mathematics,80.80,42.00,30.00,43.00,38.90,F,Fail,2026-27,Partial,,
STU00325,Karthik,Male,12,C,Tamil,65.30,85.00,48.00,37.00,49.90,F,Pass,2025-26,Pending,,
STU00326,Keerthana,Female,7,D,Science,99.00,75.00,35.00,96.00,73.50,B,Pass,2026-27,Partial,,
STU00327,Priya,Female,11,B,Science,76.70,51.00,35.00,25.00,33.20,F,Fail,2026-27,Partial,,
STU00328,Kavya,Female,6,B,Social Science,96.30,75.00,49.00,53.00,56.20,D,Pass,2026-27,Partial,,
STU00329,Dinesh,Male,7,C,Tamil,84.10,56.00,50.00,36.00,44.20,F,Pass,2026-27,Partial,,
STU00330,Pavithra,Female,6,C,English,100.00,66.00,32.00,69.00,57.30,D,Pass,2025-26,Paid,,
STU00331,Arun,Male,9,D,Science,100.00,98.00,42.00,69.00,66.70,C,Pass,2026-27,Pending,,
STU00332,Dinesh,Male,12,B,English,78.00,92.00,32.00,29.00,42.50,F,Pass,2025-26,Paid,,
STU00333,Harini,Female,6,A,Mathematics,86.70,44.00,47.00,36.00,40.90,F,Pass,2025-26,Partial,,
STU00334,Ananya,Female,9,B,Social Science,90.50,90.00,35.00,31.00,44.00,F,Pass,2024-25,Pending,,
STU00335,Rahul,Male,9,C,Mathematics,80.70,85.00,48.00,95.00,78.90,B,Pass,2025-26,Paid,,
STU00336,Pranav,Male,6,D,Tamil,86.30,72.00,50.00,86.00,72.40,B,Pass,2024-25,Paid,,
STU00337,Rahul,Male,7,C,Tamil,77.10,85.00,45.00,87.00,74.00,B,Pass,2026-27,Pending,,
STU00338,Hari,Male,9,B,Mathematics,82.80,83.00,41.00,48.00,52.90,D,Pass,2025-26,Paid,,
STU00339,Pavithra,Female,9,C,English,88.70,54.00,33.00,35.00,38.20,F,Fail,2026-27,Pending,,
STU00340,Kavya,Female,7,A,Science,71.00,88.00,47.00,85.00,74.20,B,Pass,2026-27,Paid,,
STU00341,Harini,Female,6,D,Tamil,60.50,53.00,33.00,82.00,61.50,C,Pass,2024-25,Paid,,
STU00342,Rahul,Male,7,A,Science,81.70,45.00,43.00,50.00,46.90,F,Pass,2026-27,Paid,,
STU00343,Nivetha,Female,11,A,Tamil,74.30,76.00,38.00,91.00,72.10,B,Pass,2025-26,Paid,,
STU00344,Divya,Female,9,B,English,88.50,47.00,33.00,97.00,67.80,C,Pass,2024-25,Pending,,
STU00345,Swetha,Female,8,D,Science,71.80,57.00,38.00,76.00,60.80,C,Pass,2024-25,Partial,,
STU00346,Ananya,Female,9,C,English,77.10,41.00,45.00,59.00,51.20,D,Pass,2025-26,Paid,,
STU00347,Harini,Female,8,C,Science,91.60,64.00,34.00,63.00,54.50,D,Pass,2026-27,Pending,,
STU00348,Harini,Female,11,D,Social Science,70.20,46.00,36.00,81.00,60.50,C,Pass,2024-25,Pending,,
STU00349,Aishwarya,Female,12,C,Tamil,76.10,74.00,46.00,76.00,66.60,C,Pass,2024-25,Partial,,
STU00350,Vijay,Male,7,B,Tamil,81.40,66.00,31.00,83.00,64.00,C,Pass,2024-25,Pending,,
STU00351,Sanjay,Male,8,D,Social Science,63.90,38.00,37.00,72.00,54.70,D,Pass,2025-26,Partial,,
STU00352,Keerthana,Female,12,D,Social Science,95.70,79.00,41.00,45.00,50.60,D,Pass,2025-26,Partial,,
STU00353,Sanjay,Male,6,D,Tamil,88.80,62.00,37.00,53.00,50.00,D,Pass,2026-27,Paid,,
STU00354,Swetha,Female,10,A,Tamil,93.10,95.00,34.00,47.00,52.70,D,Pass,2026-27,Paid,,
STU00355,Sanjay,Male,10,C,Mathematics,73.40,79.00,44.00,57.00,57.50,D,Pass,2024-25,Pending,,
STU00356,Aishwarya,Female,12,D,Social Science,86.50,48.00,30.00,90.00,63.60,C,Pass,2026-27,Pending,,
STU00357,Harini,Female,11,A,Science,100.00,76.00,38.00,58.00,55.60,D,Pass,2026-27,Partial,,
STU00358,Priya,Female,7,B,Tamil,93.70,86.00,40.00,42.00,50.20,D,Pass,2026-27,Paid,,
STU00359,Harini,Female,8,D,Science,80.00,59.00,40.00,53.00,50.30,D,Pass,2026-27,Partial,,
STU00360,Nivetha,Female,10,C,English,83.70,58.00,39.00,37.00,41.80,F,Pass,2025-26,Paid,,
STU00361,Aishwarya,Female,12,B,Mathematics,78.00,63.00,39.00,78.00,63.30,C,Pass,2025-26,Pending,,
STU00362,Kavya,Female,8,D,Tamil,76.20,95.00,31.00,99.00,77.80,B,Pass,2026-27,Partial,,
STU00363,Dinesh,Male,7,A,Science,71.90,54.00,34.00,50.00,46.00,F,Pass,2025-26,Pending,,
STU00364,Keerthana,Female,8,B,Tamil,80.10,97.00,40.00,47.00,54.90,D,Pass,2025-26,Partial,,
STU00365,Arun,Male,9,C,English,82.40,55.00,45.00,36.00,42.50,F,Pass,2024-25,Partial,,
STU00366,Swetha,Female,9,D,Science,75.90,84.00,30.00,29.00,40.30,F,Pass,2026-27,Paid,,
STU00367,Ananya,Female,8,B,Tamil,75.80,66.00,37.00,69.00,58.80,D,Pass,2025-26,Paid,,
STU00368,Ajay,Male,10,C,English,69.40,43.00,31.00,63.00,49.40,F,Pass,2025-26,Pending,,
STU00369,Swetha,Female,11,B,Mathematics,93.60,59.00,35.00,76.00,60.30,C,Pass,2024-25,Paid,,
STU00370,Vijay,Male,7,A,Social Science,81.70,99.00,35.00,40.00,50.30,D,Pass,2025-26,Partial,,
STU00371,Ajay,Male,11,C,Social Science,72.40,41.00,33.00,27.00,31.60,F,Fail,2024-25,Partial,,
STU00372,Ajay,Male,9,D,Tamil,72.60,67.00,45.00,44.00,48.90,F,Pass,2024-25,Partial,,
STU00373,Sanjay,Male,9,A,Social Science,80.30,52.00,43.00,38.00,42.30,F,Pass,2026-27,Partial,,
STU00374,Sanjay,Male,6,A,Science,95.50,60.00,49.00,50.00,51.70,D,Pass,2025-26,Partial,,
STU00375,Pranav,Male,11,D,Mathematics,88.70,61.00,45.00,67.00,59.20,D,Pass,2024-25,Paid,,
STU00376,Karthik,Male,6,D,English,92.70,46.00,46.00,34.00,40.00,F,Pass,2026-27,Partial,,
STU00377,Sanjay,Male,11,B,Science,90.40,94.00,31.00,37.00,46.60,F,Pass,2024-25,Paid,,
STU00378,Nivetha,Female,12,C,Science,81.40,49.00,33.00,30.00,34.70,F,Fail,2024-25,Paid,,
STU00379,Pranav,Male,8,D,Social Science,80.10,82.00,40.00,48.00,52.40,D,Pass,2024-25,Pending,,
STU00380,Pavithra,Female,8,D,Science,98.10,88.00,50.00,46.00,55.60,D,Pass,2024-25,Paid,,
STU00381,Vijay,Male,6,D,Social Science,69.10,91.00,35.00,73.00,65.20,C,Pass,2025-26,Partial,,
STU00382,Vijay,Male,9,D,Tamil,83.40,87.00,44.00,30.00,45.60,F,Pass,2024-25,Pending,,
STU00383,Ananya,Female,11,B,Mathematics,66.80,47.00,43.00,56.00,50.30,D,Pass,2025-26,Pending,,
STU00384,Keerthana,Female,12,A,Tamil,80.20,55.00,46.00,85.00,67.30,C,Pass,2025-26,Paid,,
STU00385,Dinesh,Male,8,B,Mathematics,85.20,63.00,47.00,73.00,63.20,C,Pass,2025-26,Paid,,
STU00386,Dinesh,Male,9,D,Tamil,81.40,98.00,44.00,65.00,65.30,C,Pass,2024-25,Pending,,
STU00387,Karthik,Male,9,D,Tamil,81.80,46.00,49.00,63.00,55.40,D,Pass,2026-27,Partial,,
STU00388,Dinesh,Male,8,C,Tamil,81.90,63.00,44.00,67.00,59.30,D,Pass,2026-27,Partial,,
STU00389,Nivetha,Female,11,D,Tamil,94.00,35.00,40.00,70.00,54.00,D,Pass,2026-27,Pending,,
STU00390,Divya,Female,6,B,Science,90.40,52.00,43.00,38.00,42.30,F,Pass,2025-26,Partial,,
STU00391,Rahul,Male,6,D,English,65.20,78.00,33.00,78.00,64.50,C,Pass,2024-25,Partial,,
STU00392,Dinesh,Male,9,B,Science,86.60,35.00,46.00,31.00,36.30,F,Fail,2026-27,Pending,,
STU00393,Aishwarya,Female,12,B,Social Science,90.50,48.00,42.00,66.00,55.20,D,Pass,2026-27,Pending,,
STU00394,Kavya,Female,11,B,Mathematics,98.30,85.00,40.00,62.00,60.00,C,Pass,2025-26,Paid,,
STU00395,Ajay,Male,10,C,Social Science,92.10,62.00,36.00,51.00,48.70,F,Pass,2026-27,Partial,,
STU00396,Nivetha,Female,11,B,English,69.90,99.00,47.00,66.00,66.90,C,Pass,2026-27,Paid,,
STU00397,Aishwarya,Female,9,D,Social Science,77.70,36.00,46.00,38.00,40.00,F,Pass,2024-25,Pending,,
STU00398,Arun,Male,11,A,English,100.00,69.00,35.00,61.00,54.80,D,Pass,2026-27,Pending,,
STU00399,Arun,Male,11,C,English,82.10,92.00,33.00,96.00,76.30,B,Pass,2024-25,Partial,,
STU00400,Priya,Female,10,C,Tamil,79.40,83.00,42.00,78.00,68.20,C,Pass,2026-27,Pending,,
STU00401,Arun,Male,11,C,English,69.30,91.00,37.00,72.00,65.30,C,Pass,2026-27,Partial,,
STU00402,Rahul,Male,8,D,English,70.00,44.00,35.00,47.00,42.80,F,Pass,2026-27,Partial,,
STU00403,Ajay,Male,6,D,Mathematics,77.10,67.00,30.00,67.00,55.90,D,Pass,2025-26,Partial,,
STU00404,Arun,Male,7,C,Social Science,80.20,41.00,50.00,63.00,54.70,D,Pass,2025-26,Partial,,
STU00405,Divya,Female,12,C,Social Science,83.20,43.00,46.00,45.00,44.90,F,Pass,2025-26,Partial,,
STU00406,Divya,Female,8,B,English,88.30,77.00,40.00,71.00,62.90,C,Pass,2025-26,Paid,,
STU00407,Aishwarya,Female,12,A,Tamil,76.70,66.00,31.00,66.00,55.50,D,Pass,2025-26,Paid,,
STU00408,Harini,Female,10,C,Tamil,72.50,82.00,46.00,90.00,75.20,B,Pass,2025-26,Pending,,
STU00409,Sanjay,Male,11,B,Mathematics,57.80,56.00,47.00,93.00,71.80,B,Pass,2024-25,Partial,,
STU00410,Rahul,Male,11,B,Science,79.90,48.00,36.00,93.00,66.90,C,Pass,2026-27,Partial,,
STU00411,Divya,Female,11,B,Tamil,73.30,46.00,32.00,31.00,34.30,F,Fail,2024-25,Pending,,
STU00412,Madhan,Male,12,B,Mathematics,84.30,87.00,42.00,82.00,71.00,B,Pass,2026-27,Pending,,
STU00413,Nivetha,Female,6,D,Tamil,68.00,43.00,48.00,30.00,38.00,F,Fail,2026-27,Paid,,
STU00414,Aishwarya,Female,6,C,Mathematics,78.90,46.00,39.00,81.00,61.40,C,Pass,2025-26,Pending,,
STU00415,Dinesh,Male,7,B,English,81.60,72.00,50.00,43.00,50.90,D,Pass,2025-26,Partial,,
STU00416,Ananya,Female,10,B,Tamil,64.20,40.00,30.00,98.00,66.00,C,Pass,2026-27,Pending,,
STU00417,Sanjay,Male,7,C,English,69.70,100.00,34.00,45.00,52.70,D,Pass,2024-25,Paid,,
STU00418,Priya,Female,6,B,Social Science,89.50,41.00,47.00,84.00,64.30,C,Pass,2026-27,Partial,,
STU00419,Sanjay,Male,11,A,Mathematics,95.10,97.00,40.00,70.00,66.40,C,Pass,2024-25,Partial,,
STU00420,Karthik,Male,8,A,English,91.30,75.00,45.00,82.00,69.50,C,Pass,2025-26,Partial,,
STU00421,Kavya,Female,7,C,Mathematics,87.90,75.00,37.00,53.00,52.60,D,Pass,2026-27,Partial,,
STU00422,Harini,Female,12,C,English,80.40,77.00,45.00,84.00,70.90,B,Pass,2025-26,Pending,,
STU00423,Pavithra,Female,10,A,English,79.50,70.00,34.00,93.00,70.70,B,Pass,2024-25,Pending,,
STU00424,Karthik,Male,6,A,Social Science,78.70,86.00,48.00,52.00,57.60,D,Pass,2024-25,Partial,,
STU00425,Aishwarya,Female,10,D,English,77.30,72.00,34.00,84.00,66.60,C,Pass,2026-27,Partial,,
STU00426,Ajay,Male,8,A,English,87.30,56.00,46.00,42.00,46.00,F,Pass,2025-26,Paid,,
STU00427,Madhan,Male,10,B,Science,84.70,97.00,37.00,33.00,47.00,F,Pass,2025-26,Pending,,
STU00428,Arun,Male,11,B,Social Science,80.90,81.00,42.00,85.00,71.30,B,Pass,2025-26,Paid,,
STU00429,Pranav,Male,6,C,Mathematics,70.60,83.00,50.00,73.00,68.10,C,Pass,2025-26,Partial,,
STU00430,Hari,Male,8,D,English,75.80,86.00,41.00,69.00,64.00,C,Pass,2025-26,Pending,,
STU00431,Hari,Male,7,D,English,83.50,70.00,36.00,44.00,46.80,F,Pass,2024-25,Paid,,
STU00432,Kavya,Female,11,A,English,93.90,88.00,40.00,39.00,49.10,F,Pass,2025-26,Partial,,
STU00433,Pavithra,Female,7,B,Science,84.90,55.00,34.00,90.00,66.20,C,Pass,2024-25,Partial,,
STU00434,Arun,Male,7,C,English,82.40,86.00,49.00,97.00,80.40,A,Pass,2026-27,Paid,,
STU00435,Divya,Female,7,D,Social Science,100.00,56.00,37.00,77.00,60.80,C,Pass,2026-27,Paid,,
STU00436,Madhan,Male,11,C,English,81.10,78.00,44.00,100.00,78.80,B,Pass,2024-25,Paid,,
STU00437,Swetha,Female,7,A,Tamil,87.80,99.00,43.00,44.00,54.70,D,Pass,2026-27,Paid,,
STU00438,Dinesh,Male,10,A,Social Science,100.00,99.00,33.00,36.00,47.70,F,Pass,2025-26,Partial,,
STU00439,Madhan,Male,10,A,Science,72.50,40.00,46.00,79.00,61.30,C,Pass,2024-25,Pending,,
STU00440,Nivetha,Female,10,A,Science,80.70,52.00,38.00,86.00,64.80,C,Pass,2024-25,Paid,,
STU00441,Kavya,Female,10,D,Mathematics,87.90,35.00,48.00,91.00,66.90,C,Pass,2024-25,Partial,,
STU00442,Ajay,Male,11,B,Mathematics,96.60,87.00,41.00,38.00,48.70,F,Pass,2024-25,Pending,,
STU00443,Harini,Female,12,D,Social Science,76.70,85.00,36.00,77.00,66.30,C,Pass,2026-27,Partial,,
STU00444,Keerthana,Female,8,D,Mathematics,88.00,74.00,48.00,69.00,63.70,C,Pass,2026-27,Pending,,
STU00445,Karthik,Male,11,B,Science,87.00,47.00,36.00,90.00,65.20,C,Pass,2025-26,Pending,,
STU00446,Vijay,Male,9,A,Tamil,58.10,53.00,45.00,80.00,64.10,C,Pass,2024-25,Paid,,
STU00447,Priya,Female,8,A,Social Science,91.60,86.00,49.00,91.00,77.40,B,Pass,2025-26,Partial,,
STU00448,Vijay,Male,11,D,Science,84.30,36.00,36.00,91.00,63.50,C,Pass,2025-26,Paid,,
STU00449,Madhan,Male,10,B,Social Science,83.30,65.00,50.00,25.00,40.50,F,Pass,2024-25,Paid,,
STU00450,Swetha,Female,8,D,Science,84.40,60.00,46.00,26.00,38.80,F,Fail,2026-27,Partial,,
STU00451,Karthik,Male,10,C,Social Science,90.00,70.00,37.00,49.00,49.60,F,Pass,2025-26,Pending,,
STU00452,Sanjay,Male,7,D,Social Science,77.30,48.00,47.00,34.00,40.70,F,Pass,2026-27,Pending,,
STU00453,Divya,Female,12,C,Social Science,87.10,91.00,42.00,97.00,79.30,B,Pass,2025-26,Paid,,
STU00454,Pavithra,Female,11,D,Social Science,69.90,38.00,45.00,39.00,40.60,F,Pass,2025-26,Paid,,
STU00455,Priya,Female,11,B,Mathematics,74.00,36.00,38.00,56.00,46.60,F,Pass,2025-26,Paid,,
STU00456,Nivetha,Female,6,B,Science,86.90,75.00,41.00,52.00,53.30,D,Pass,2026-27,Pending,,
STU00457,Rahul,Male,9,B,English,80.10,61.00,37.00,50.00,48.30,F,Pass,2024-25,Partial,,
STU00458,Keerthana,Female,12,A,Tamil,61.80,45.00,45.00,25.00,35.00,F,Fail,2026-27,Paid,,
STU00459,Nivetha,Female,10,C,Science,98.50,70.00,45.00,48.00,51.50,D,Pass,2026-27,Pending,,
STU00460,Priya,Female,12,B,Tamil,69.70,89.00,45.00,94.00,78.30,B,Pass,2024-25,Partial,,
STU00461,Swetha,Female,12,B,Science,97.30,93.00,40.00,26.00,43.60,F,Pass,2024-25,Partial,,
STU00462,Ajay,Male,10,A,Mathematics,79.70,81.00,49.00,58.00,59.90,D,Pass,2024-25,Partial,,
STU00463,Priya,Female,8,D,Social Science,78.50,89.00,36.00,78.00,67.60,C,Pass,2026-27,Pending,,
STU00464,Swetha,Female,8,D,English,87.30,51.00,48.00,54.00,51.60,D,Pass,2024-25,Partial,,
STU00465,Priya,Female,10,D,Science,88.00,54.00,45.00,26.00,37.30,F,Fail,2024-25,Pending,,
STU00466,Keerthana,Female,12,C,Science,98.90,73.00,38.00,96.00,74.00,B,Pass,2026-27,Paid,,
STU00467,Divya,Female,11,B,Tamil,83.60,47.00,44.00,67.00,56.10,D,Pass,2025-26,Pending,,
STU00468,Aishwarya,Female,10,C,Mathematics,89.50,37.00,43.00,40.00,40.30,F,Pass,2025-26,Partial,,
STU00469,Madhan,Male,10,B,Mathematics,72.80,97.00,44.00,35.00,50.10,D,Pass,2025-26,Partial,,
STU00470,Pavithra,Female,11,B,English,93.80,78.00,43.00,98.00,77.50,B,Pass,2025-26,Paid,,
STU00471,Vijay,Male,8,B,Mathematics,78.60,69.00,49.00,75.00,66.00,C,Pass,2025-26,Pending,,
STU00472,Kavya,Female,10,D,Science,89.60,56.00,35.00,27.00,35.20,F,Fail,2024-25,Partial,,
STU00473,Sanjay,Male,11,A,English,84.30,43.00,45.00,95.00,69.60,C,Pass,2024-25,Paid,,
STU00474,Aishwarya,Female,12,A,Tamil,86.00,68.00,49.00,44.00,50.30,D,Pass,2024-25,Partial,,
STU00475,Harini,Female,7,B,Mathematics,77.10,56.00,30.00,29.00,34.70,F,Fail,2026-27,Pending,,
STU00476,Pavithra,Female,9,C,Social Science,83.80,91.00,34.00,94.00,75.40,B,Pass,2024-25,Partial,,
STU00477,Kavya,Female,9,C,Mathematics,74.90,46.00,44.00,64.00,54.40,D,Pass,2025-26,Pending,,
STU00478,Keerthana,Female,8,A,Tamil,82.80,52.00,41.00,61.00,53.20,D,Pass,2025-26,Partial,,
STU00479,Dinesh,Male,12,D,Mathematics,92.60,72.00,49.00,54.00,56.10,D,Pass,2024-25,Partial,,
STU00480,Priya,Female,9,D,Science,82.60,66.00,35.00,74.00,60.70,C,Pass,2025-26,Paid,,
STU00481,Divya,Female,9,B,Social Science,84.00,69.00,39.00,93.00,72.00,B,Pass,2025-26,Pending,,
STU00482,Karthik,Male,7,B,Mathematics,60.10,49.00,50.00,83.00,66.30,C,Pass,2026-27,Pending,,
STU00483,Kavya,Female,9,B,Mathematics,85.20,37.00,35.00,38.00,36.90,F,Fail,2025-26,Pending,,
STU00484,Dinesh,Male,11,A,English,82.40,46.00,34.00,26.00,32.40,F,Fail,2025-26,Paid,,
STU00485,Swetha,Female,8,D,Mathematics,64.80,77.00,32.00,43.00,46.50,F,Pass,2024-25,Pending,,
STU00486,Divya,Female,10,D,English,86.00,59.00,38.00,73.00,59.70,D,Pass,2024-25,Paid,,
STU00487,Ajay,Male,12,D,English,81.80,93.00,33.00,91.00,74.00,B,Pass,2026-27,Paid,,
STU00488,Swetha,Female,11,C,Mathematics,79.40,55.00,50.00,30.00,41.00,F,Pass,2026-27,Partial,,
STU00489,Sanjay,Male,9,C,English,79.90,62.00,33.00,55.00,49.80,F,Pass,2026-27,Pending,,
STU00490,Ananya,Female,7,C,Social Science,84.50,50.00,42.00,56.00,50.60,D,Pass,2024-25,Paid,,
STU00491,Kavya,Female,7,C,Tamil,82.10,78.00,50.00,32.00,46.60,F,Pass,2024-25,Pending,,
STU00492,Hari,Male,12,A,English,93.80,97.00,37.00,65.00,63.00,C,Pass,2026-27,Partial,,
STU00493,Pavithra,Female,11,B,Tamil,78.50,52.00,38.00,30.00,36.80,F,Fail,2025-26,Partial,,
STU00494,Aishwarya,Female,8,D,English,73.30,58.00,47.00,69.00,60.20,C,Pass,2025-26,Partial,,
STU00495,Harini,Female,12,B,Tamil,71.30,68.00,47.00,71.00,63.20,C,Pass,2025-26,Paid,,
STU00496,Keerthana,Female,6,C,Social Science,79.90,65.00,40.00,33.00,41.50,F,Pass,2026-27,Partial,,
STU00497,Priya,Female,10,D,Social Science,86.60,87.00,50.00,66.00,65.40,C,Pass,2024-25,Paid,,
STU00498,Arun,Male,12,B,English,88.70,39.00,36.00,38.00,37.60,F,Fail,2025-26,Paid,,
STU00499,Arun,Male,10,D,Science,66.70,67.00,31.00,71.00,58.20,D,Pass,2024-25,Partial,,
STU00500,Arun,Male,7,D,Tamil,79.50,94.00,50.00,32.00,49.80,F,Pass,2025-26,Partial,,
STU00501,Nivetha,Female,12,A,Social Science,81.70,44.00,39.00,34.00,37.50,F,Fail,2024-25,Partial,,
STU00502,Karthik,Male,11,B,Social Science,84.90,84.00,36.00,49.00,52.10,D,Pass,2026-27,Partial,,
STU00503,Madhan,Male,11,B,Social Science,81.90,48.00,50.00,98.00,73.60,B,Pass,2025-26,Partial,,
STU00504,Swetha,Female,6,B,English,71.60,86.00,46.00,68.00,65.00,C,Pass,2026-27,Paid,,
STU00505,Nivetha,Female,8,C,Mathematics,69.90,76.00,49.00,55.00,57.40,D,Pass,2026-27,Partial,,
STU00506,Ajay,Male,12,C,Mathematics,89.40,92.00,44.00,75.00,69.10,C,Pass,2024-25,Partial,,
STU00507,Sanjay,Male,10,A,Social Science,95.90,35.00,39.00,53.00,45.20,F,Pass,2024-25,Pending,,
STU00508,Sanjay,Male,10,B,Tamil,97.80,39.00,44.00,70.00,56.00,D,Pass,2024-25,Paid,,
STU00509,Nivetha,Female,10,B,English,81.70,86.00,48.00,52.00,57.60,D,Pass,2026-27,Paid,,
STU00510,Pavithra,Female,7,D,Social Science,90.40,47.00,49.00,63.00,55.60,D,Pass,2024-25,Partial,,
STU00511,Divya,Female,12,A,Mathematics,71.40,88.00,33.00,54.00,54.50,D,Pass,2026-27,Partial,,
STU00512,Ajay,Male,6,C,Social Science,97.10,40.00,40.00,94.00,67.00,C,Pass,2026-27,Paid,,
STU00513,Aishwarya,Female,11,B,English,97.40,85.00,44.00,98.00,79.20,B,Pass,2026-27,Paid,,
STU00514,Ajay,Male,8,D,English,87.10,51.00,40.00,35.00,39.70,F,Fail,2025-26,Partial,,
STU00515,Hari,Male,9,C,Tamil,73.40,51.00,34.00,86.00,63.40,C,Pass,2026-27,Paid,,
STU00516,Swetha,Female,11,B,Social Science,88.40,66.00,37.00,34.00,41.30,F,Pass,2025-26,Pending,,
STU00517,Kavya,Female,6,A,Science,73.80,76.00,41.00,28.00,41.50,F,Pass,2025-26,Paid,,
STU00518,Kavya,Female,12,D,Social Science,86.30,53.00,44.00,30.00,38.80,F,Fail,2024-25,Paid,,
STU00519,Keerthana,Female,12,A,Tamil,81.50,53.00,39.00,26.00,35.30,F,Fail,2025-26,Partial,,
STU00520,Sanjay,Male,9,D,Tamil,74.60,77.00,36.00,93.00,72.70,B,Pass,2024-25,Paid,,
STU00521,Aishwarya,Female,9,B,Tamil,66.50,40.00,38.00,46.00,42.40,F,Pass,2024-25,Pending,,
STU00522,Madhan,Male,8,A,Science,97.20,36.00,32.00,74.00,53.80,D,Pass,2026-27,Pending,,
STU00523,Divya,Female,6,C,Science,83.20,47.00,40.00,87.00,64.90,C,Pass,2026-27,Partial,,
STU00524,Vijay,Male,7,D,Social Science,91.70,37.00,31.00,56.00,44.70,F,Pass,2026-27,Pending,,
STU00525,Pavithra,Female,9,B,Tamil,76.70,73.00,37.00,89.00,70.20,B,Pass,2025-26,Paid,,
STU00526,Swetha,Female,12,A,Social Science,89.60,70.00,37.00,44.00,47.10,F,Pass,2025-26,Pending,,
STU00527,Karthik,Male,11,D,Social Science,95.30,64.00,43.00,55.00,53.20,D,Pass,2026-27,Paid,,
STU00528,Harini,Female,10,C,Science,78.60,51.00,36.00,42.00,42.00,F,Pass,2026-27,Partial,,
STU00529,Vijay,Male,8,B,Science,100.00,53.00,50.00,97.00,74.10,B,Pass,2024-25,Pending,,
STU00530,Hari,Male,10,A,English,81.30,75.00,34.00,28.00,39.20,F,Fail,2025-26,Pending,,
STU00531,Harini,Female,9,C,English,82.90,58.00,30.00,59.00,50.10,D,Pass,2026-27,Partial,,
STU00532,Madhan,Male,7,B,Tamil,77.30,80.00,32.00,86.00,68.60,C,Pass,2024-25,Partial,,
STU00533,Nivetha,Female,7,D,Science,76.10,63.00,31.00,77.00,60.40,C,Pass,2024-25,Pending,,
STU00534,Priya,Female,11,B,English,83.00,43.00,35.00,81.00,59.60,D,Pass,2026-27,Pending,,
STU00535,Pavithra,Female,7,D,Science,84.20,83.00,40.00,75.00,66.10,C,Pass,2026-27,Partial,,
STU00536,Hari,Male,6,D,Science,68.50,40.00,37.00,91.00,64.60,C,Pass,2026-27,Pending,,
STU00537,Hari,Male,9,A,English,79.40,73.00,39.00,84.00,68.30,C,Pass,2024-25,Pending,,
STU00538,Kavya,Female,6,B,Science,91.70,92.00,32.00,89.00,72.50,B,Pass,2024-25,Paid,,
STU00539,Ajay,Male,9,C,Science,92.90,60.00,44.00,36.00,43.20,F,Pass,2025-26,Pending,,
STU00540,Karthik,Male,6,A,Science,83.70,81.00,32.00,92.00,71.80,B,Pass,2026-27,Pending,,
STU00541,Ajay,Male,10,D,Tamil,84.50,54.00,35.00,43.00,42.80,F,Pass,2024-25,Partial,,
STU00542,Ajay,Male,8,C,Science,60.10,71.00,50.00,48.00,53.20,D,Pass,2024-25,Paid,,
STU00543,Arun,Male,10,C,Tamil,63.00,35.00,49.00,88.00,65.70,C,Pass,2024-25,Paid,,
STU00544,Pavithra,Female,9,D,Tamil,87.10,35.00,37.00,95.00,65.60,C,Pass,2025-26,Partial,,
STU00545,Arun,Male,7,B,Tamil,80.40,39.00,48.00,63.00,53.70,D,Pass,2025-26,Paid,,
STU00546,Karthik,Male,9,B,English,79.80,71.00,49.00,98.00,77.90,B,Pass,2026-27,Paid,,
STU00547,Kavya,Female,8,A,Tamil,83.00,83.00,32.00,79.00,65.70,C,Pass,2026-27,Paid,,
STU00548,Pavithra,Female,7,A,Mathematics,73.20,77.00,46.00,77.00,67.70,C,Pass,2026-27,Paid,,
STU00549,Madhan,Male,6,A,Social Science,80.20,46.00,45.00,61.00,53.20,D,Pass,2025-26,Partial,,
STU00550,Harini,Female,10,C,English,68.00,98.00,46.00,88.00,77.40,B,Pass,2025-26,Paid,,
STU00551,Sanjay,Male,7,A,Tamil,95.90,50.00,36.00,78.00,59.80,D,Pass,2025-26,Paid,,
STU00552,Nivetha,Female,10,B,Tamil,84.10,60.00,39.00,57.00,52.20,D,Pass,2024-25,Pending,,
STU00553,Aishwarya,Female,10,C,Tamil,88.80,85.00,48.00,28.00,45.40,F,Pass,2024-25,Paid,,
STU00554,Nivetha,Female,11,D,Science,87.90,39.00,50.00,42.00,43.80,F,Pass,2025-26,Paid,,
STU00555,Aishwarya,Female,8,D,Science,85.10,73.00,48.00,65.00,61.50,C,Pass,2026-27,Partial,,
STU00556,Rahul,Male,10,C,Mathematics,80.50,43.00,34.00,60.00,48.80,F,Pass,2024-25,Pending,,
STU00557,Aishwarya,Female,12,B,Social Science,76.90,49.00,39.00,65.00,54.00,D,Pass,2026-27,Paid,,
STU00558,Swetha,Female,6,D,English,78.00,82.00,44.00,63.00,61.10,C,Pass,2024-25,Partial,,
STU00559,Keerthana,Female,6,C,Tamil,85.80,91.00,46.00,28.00,46.00,F,Pass,2025-26,Partial,,
STU00560,Rahul,Male,8,D,Social Science,60.20,74.00,40.00,43.00,48.30,F,Pass,2024-25,Partial,,
STU00561,Rahul,Male,11,A,Science,66.80,49.00,30.00,64.00,50.80,D,Pass,2024-25,Partial,,
STU00562,Pranav,Male,9,A,Tamil,95.00,74.00,30.00,98.00,72.80,B,Pass,2025-26,Partial,,
STU00563,Pranav,Male,7,B,Mathematics,80.50,91.00,33.00,59.00,57.60,D,Pass,2024-25,Paid,,
STU00564,Divya,Female,6,A,English,90.60,79.00,47.00,65.00,62.40,C,Pass,2025-26,Paid,,
STU00565,Kavya,Female,7,B,Tamil,74.10,91.00,31.00,41.00,48.00,F,Pass,2024-25,Pending,,
STU00566,Karthik,Male,9,A,Tamil,100.00,89.00,42.00,47.00,53.90,D,Pass,2026-27,Partial,,
STU00567,Kavya,Female,8,C,Mathematics,88.50,45.00,44.00,97.00,70.70,B,Pass,2024-25,Paid,,
STU00568,Divya,Female,9,C,Science,67.60,95.00,37.00,53.00,56.60,D,Pass,2024-25,Partial,,
STU00569,Nivetha,Female,9,B,Mathematics,87.00,93.00,45.00,28.00,46.10,F,Pass,2024-25,Pending,,
STU00570,Pranav,Male,9,D,English,61.90,71.00,41.00,98.00,75.50,B,Pass,2024-25,Partial,,
STU00571,Ajay,Male,12,A,Mathematics,78.40,73.00,47.00,84.00,70.70,B,Pass,2025-26,Partial,,
STU00572,Priya,Female,10,B,Social Science,80.70,55.00,45.00,74.00,61.50,C,Pass,2024-25,Pending,,
STU00573,Madhan,Male,9,D,Social Science,84.90,65.00,35.00,34.00,40.50,F,Pass,2026-27,Partial,,
STU00574,Divya,Female,10,D,Mathematics,69.80,47.00,44.00,47.00,46.10,F,Pass,2025-26,Pending,,
STU00575,Madhan,Male,6,D,Mathematics,67.30,46.00,36.00,42.00,41.00,F,Pass,2026-27,Partial,,
STU00576,Vijay,Male,11,B,Science,82.50,72.00,42.00,98.00,76.00,B,Pass,2025-26,Paid,,
STU00577,Pranav,Male,8,C,Science,77.50,46.00,48.00,26.00,36.60,F,Fail,2026-27,Partial,,
STU00578,Keerthana,Female,12,C,Tamil,60.20,82.00,47.00,31.00,46.00,F,Pass,2024-25,Partial,,
STU00579,Divya,Female,12,C,Tamil,83.40,85.00,50.00,65.00,64.50,C,Pass,2026-27,Pending,,
STU00580,Swetha,Female,9,B,English,97.50,95.00,34.00,49.00,53.70,D,Pass,2026-27,Pending,,
STU00581,Swetha,Female,7,C,English,84.60,37.00,34.00,87.00,61.10,C,Pass,2026-27,Pending,,
STU00582,Karthik,Male,7,D,Science,84.90,89.00,49.00,48.00,56.50,D,Pass,2025-26,Partial,,
STU00583,Aishwarya,Female,12,D,Science,78.10,35.00,48.00,88.00,65.40,C,Pass,2026-27,Paid,,
STU00584,Swetha,Female,10,C,Tamil,87.10,39.00,48.00,86.00,65.20,C,Pass,2026-27,Pending,,
STU00585,Madhan,Male,9,A,English,80.50,70.00,44.00,91.00,72.70,B,Pass,2024-25,Partial,,
STU00586,Rahul,Male,9,A,Social Science,69.90,74.00,49.00,31.00,45.00,F,Pass,2025-26,Partial,,
STU00587,Dinesh,Male,9,D,Social Science,80.90,72.00,39.00,46.00,49.10,F,Pass,2024-25,Partial,,
STU00588,Kavya,Female,8,A,Science,71.60,56.00,48.00,31.00,41.10,F,Pass,2026-27,Pending,,
STU00589,Sanjay,Male,9,A,English,62.50,70.00,38.00,41.00,45.90,F,Pass,2026-27,Pending,,
STU00590,Harini,Female,6,A,Social Science,81.30,57.00,48.00,44.00,47.80,F,Pass,2026-27,Pending,,
STU00591,Keerthana,Female,8,B,Science,87.20,39.00,40.00,35.00,37.30,F,Fail,2024-25,Partial,,
STU00592,Dinesh,Male,12,D,Science,93.10,65.00,44.00,46.00,49.20,F,Pass,2024-25,Partial,,
STU00593,Ananya,Female,11,C,Tamil,92.60,95.00,39.00,85.00,73.20,B,Pass,2026-27,Partial,,
STU00594,Ajay,Male,11,D,Science,85.60,68.00,34.00,92.00,69.80,C,Pass,2025-26,Paid,,
STU00595,Pavithra,Female,9,C,Social Science,80.80,80.00,43.00,59.00,58.40,D,Pass,2025-26,Pending,,
STU00596,Divya,Female,8,D,Science,79.40,65.00,48.00,49.00,51.90,D,Pass,2026-27,Pending,,
STU00597,Pranav,Male,10,A,Tamil,82.80,47.00,46.00,38.00,42.20,F,Pass,2026-27,Pending,,
STU00598,Priya,Female,11,C,Mathematics,80.60,59.00,31.00,28.00,35.10,F,Fail,2026-27,Paid,,
STU00599,Madhan,Male,11,B,Social Science,71.90,50.00,32.00,41.00,40.10,F,Pass,2025-26,Partial,,
STU00600,Karthik,Male,11,B,Mathematics,70.00,72.00,44.00,34.00,44.60,F,Pass,2026-27,Pending,,
STU00601,Swetha,Female,11,C,Mathematics,84.10,42.00,42.00,74.00,58.00,D,Pass,2025-26,Paid,,
STU00602,Harini,Female,7,D,Tamil,85.30,97.00,36.00,75.00,67.70,C,Pass,2024-25,Partial,,
STU00603,Divya,Female,7,D,English,78.40,91.00,38.00,38.00,48.60,F,Pass,2024-25,Paid,,
STU00604,Madhan,Male,11,C,Science,78.90,37.00,45.00,44.00,42.90,F,Pass,2026-27,Partial,,
STU00605,Arun,Male,11,D,Mathematics,87.20,85.00,48.00,25.00,43.90,F,Pass,2026-27,Partial,,
STU00606,Pavithra,Female,9,D,Tamil,89.30,63.00,30.00,74.00,58.60,D,Pass,2026-27,Pending,,
STU00607,Madhan,Male,10,C,Mathematics,77.80,46.00,41.00,93.00,68.00,C,Pass,2025-26,Paid,,
STU00608,Harini,Female,11,B,English,72.80,40.00,42.00,49.00,45.10,F,Pass,2025-26,Partial,,
STU00609,Divya,Female,11,C,Science,94.20,59.00,34.00,29.00,36.50,F,Fail,2024-25,Paid,,
STU00610,Dinesh,Male,9,A,Social Science,89.20,74.00,45.00,93.00,74.80,B,Pass,2025-26,Paid,,
STU00611,Pranav,Male,6,C,Tamil,76.30,93.00,47.00,44.00,54.70,D,Pass,2026-27,Partial,,
STU00612,Karthik,Male,6,B,Science,85.90,37.00,45.00,30.00,35.90,F,Fail,2024-25,Partial,,
STU00613,Arun,Male,7,A,Mathematics,83.90,56.00,48.00,33.00,42.10,F,Pass,2024-25,Paid,,
STU00614,Kavya,Female,12,B,Tamil,77.90,60.00,43.00,68.00,58.90,D,Pass,2026-27,Partial,,
STU00615,Nivetha,Female,6,B,Mathematics,91.20,40.00,48.00,47.00,45.90,F,Pass,2025-26,Paid,,
STU00616,Sanjay,Male,7,D,English,66.80,82.00,47.00,46.00,53.50,D,Pass,2025-26,Paid,,
STU00617,Vijay,Male,6,D,English,93.50,35.00,30.00,47.00,39.50,F,Fail,2024-25,Partial,,
STU00618,Swetha,Female,11,D,English,83.10,61.00,34.00,59.00,51.90,D,Pass,2026-27,Pending,,
STU00619,Priya,Female,7,A,Social Science,87.00,46.00,50.00,63.00,55.70,D,Pass,2025-26,Pending,,
STU00620,Hari,Male,7,B,Tamil,92.70,47.00,49.00,71.00,59.60,D,Pass,2026-27,Partial,,
STU00621,Dinesh,Male,12,B,Mathematics,86.60,54.00,45.00,88.00,68.30,C,Pass,2024-25,Paid,,
STU00622,Arun,Male,11,C,Mathematics,83.60,61.00,43.00,57.00,53.60,D,Pass,2025-26,Partial,,
STU00623,Ananya,Female,6,A,Social Science,89.90,97.00,46.00,39.00,52.70,D,Pass,2024-25,Paid,,
STU00624,Kavya,Female,10,C,Science,97.70,60.00,40.00,54.00,51.00,D,Pass,2024-25,Pending,,
STU00625,Karthik,Male,7,D,English,77.00,95.00,48.00,87.00,76.90,B,Pass,2024-25,Pending,,
STU00626,Rahul,Male,10,D,English,87.00,84.00,41.00,42.00,50.10,D,Pass,2025-26,Partial,,
STU00627,Pranav,Male,8,B,Mathematics,92.70,42.00,38.00,42.00,40.80,F,Pass,2024-25,Pending,,
STU00628,Swetha,Female,7,C,English,93.00,72.00,49.00,45.00,51.60,D,Pass,2026-27,Partial,,
STU00629,Madhan,Male,10,B,Tamil,71.70,62.00,48.00,85.00,69.30,C,Pass,2025-26,Pending,,
STU00630,Ajay,Male,11,B,English,88.40,76.00,43.00,99.00,77.60,B,Pass,2024-25,Partial,,
STU00631,Madhan,Male,6,D,Tamil,92.90,99.00,31.00,79.00,68.60,C,Pass,2026-27,Pending,,
STU00632,Divya,Female,9,D,English,84.80,45.00,47.00,26.00,36.10,F,Fail,2026-27,Partial,,
STU00633,Priya,Female,7,C,Mathematics,84.50,37.00,45.00,64.00,52.90,D,Pass,2024-25,Partial,,
STU00634,Kavya,Female,11,A,Science,100.00,94.00,34.00,76.00,67.00,C,Pass,2024-25,Pending,,
STU00635,Ananya,Female,12,A,Science,89.10,39.00,39.00,79.00,59.00,D,Pass,2025-26,Partial,,
STU00636,Karthik,Male,10,C,Tamil,76.40,100.00,41.00,31.00,47.80,F,Pass,2024-25,Pending,,
STU00637,Pavithra,Female,10,A,Mathematics,72.30,43.00,47.00,51.00,48.20,F,Pass,2024-25,Pending,,
STU00638,Hari,Male,6,D,Social Science,92.80,61.00,37.00,66.00,56.30,D,Pass,2025-26,Pending,,
STU00639,Harini,Female,6,A,Mathematics,75.50,50.00,45.00,93.00,70.00,B,Pass,2026-27,Partial,,
STU00640,Pavithra,Female,10,C,Tamil,91.50,59.00,44.00,36.00,43.00,F,Pass,2024-25,Pending,,
STU00641,Sanjay,Male,6,A,English,79.50,98.00,34.00,51.00,55.30,D,Pass,2026-27,Partial,,
STU00642,Sanjay,Male,9,B,Science,97.30,79.00,43.00,81.00,69.20,C,Pass,2026-27,Partial,,
STU00643,Sanjay,Male,7,A,Tamil,87.00,77.00,43.00,99.00,77.80,B,Pass,2025-26,Partial,,
STU00644,Pavithra,Female,10,D,Science,76.80,73.00,48.00,41.00,49.50,F,Pass,2025-26,Paid,,
STU00645,Priya,Female,9,C,Mathematics,82.40,80.00,39.00,83.00,69.20,C,Pass,2024-25,Partial,,
STU00646,Hari,Male,8,B,English,78.90,54.00,35.00,55.00,48.80,F,Pass,2024-25,Paid,,
STU00647,Kavya,Female,7,D,Mathematics,77.40,39.00,40.00,69.00,54.30,D,Pass,2024-25,Pending,,
STU00648,Aishwarya,Female,7,C,Tamil,86.90,38.00,42.00,88.00,64.20,C,Pass,2024-25,Pending,,
STU00649,Keerthana,Female,6,C,Mathematics,73.80,53.00,48.00,81.00,65.50,C,Pass,2025-26,Partial,,
STU00650,Dinesh,Male,6,B,Social Science,83.40,49.00,39.00,28.00,35.50,F,Fail,2025-26,Partial,,
STU00651,Dinesh,Male,8,A,Mathematics,95.50,63.00,38.00,50.00,49.00,F,Pass,2024-25,Paid,,
STU00652,Divya,Female,10,D,English,86.90,97.00,40.00,90.00,76.40,B,Pass,2024-25,Partial,,
STU00653,Swetha,Female,7,D,Mathematics,80.80,79.00,41.00,64.00,60.10,C,Pass,2025-26,Partial,,
STU00654,Rahul,Male,11,D,Science,83.00,91.00,39.00,45.00,52.40,D,Pass,2026-27,Pending,,
STU00655,Keerthana,Female,12,A,English,85.00,77.00,32.00,100.00,75.00,B,Pass,2025-26,Paid,,
STU00656,Ajay,Male,11,C,Science,92.90,57.00,47.00,84.00,67.50,C,Pass,2026-27,Partial,,
STU00657,Rahul,Male,7,D,Mathematics,79.20,73.00,48.00,63.00,60.50,C,Pass,2025-26,Partial,,
STU00658,Priya,Female,6,A,English,81.00,68.00,39.00,85.00,67.80,C,Pass,2024-25,Partial,,
STU00659,Swetha,Female,7,D,English,98.70,98.00,32.00,71.00,64.70,C,Pass,2026-27,Pending,,
STU00660,Harini,Female,11,D,Tamil,85.00,82.00,46.00,98.00,79.20,B,Pass,2024-25,Pending,,
STU00661,Madhan,Male,6,B,Mathematics,67.10,80.00,35.00,31.00,42.00,F,Pass,2025-26,Pending,,
STU00662,Nivetha,Female,6,C,Mathematics,85.70,44.00,46.00,49.00,47.10,F,Pass,2026-27,Paid,,
STU00663,Madhan,Male,12,B,Social Science,78.20,73.00,38.00,71.00,61.50,C,Pass,2024-25,Partial,,
STU00664,Keerthana,Female,6,B,Social Science,89.80,71.00,41.00,87.00,70.00,B,Pass,2025-26,Pending,,
STU00665,Karthik,Male,7,B,Social Science,83.20,49.00,43.00,83.00,64.20,C,Pass,2024-25,Paid,,
STU00666,Arun,Male,9,C,Mathematics,88.40,81.00,34.00,81.00,66.90,C,Pass,2026-27,Partial,,
STU00667,Keerthana,Female,11,C,Tamil,81.80,51.00,34.00,54.00,47.40,F,Pass,2025-26,Paid,,
STU00668,Vijay,Male,6,D,Tamil,77.00,44.00,30.00,86.00,60.80,C,Pass,2025-26,Paid,,
STU00669,Karthik,Male,6,A,Science,87.60,43.00,39.00,26.00,33.30,F,Fail,2024-25,Paid,,
STU00670,Madhan,Male,7,B,Mathematics,87.20,38.00,32.00,43.00,38.70,F,Fail,2026-27,Pending,,
STU00671,Nivetha,Female,7,B,Social Science,77.90,36.00,46.00,52.00,47.00,F,Pass,2026-27,Paid,,
STU00672,Keerthana,Female,12,A,Tamil,80.00,62.00,46.00,85.00,68.70,C,Pass,2025-26,Partial,,
STU00673,Dinesh,Male,11,A,English,96.30,89.00,36.00,90.00,73.60,B,Pass,2024-25,Pending,,
STU00674,Pranav,Male,6,D,Tamil,57.70,52.00,45.00,71.00,59.40,D,Pass,2026-27,Pending,,
STU00675,Karthik,Male,8,D,Tamil,73.70,74.00,44.00,53.00,54.50,D,Pass,2026-27,Pending,,
STU00676,Swetha,Female,7,A,Science,89.30,82.00,35.00,26.00,39.90,F,Fail,2026-27,Pending,,
STU00677,Ajay,Male,9,A,Tamil,88.30,48.00,35.00,33.00,36.60,F,Fail,2025-26,Paid,,
STU00678,Priya,Female,10,D,Tamil,89.90,64.00,43.00,88.00,69.70,C,Pass,2025-26,Partial,,
STU00679,Swetha,Female,8,D,Social Science,100.00,100.00,38.00,43.00,52.90,D,Pass,2025-26,Paid,,
STU00680,Sanjay,Male,9,D,English,72.90,52.00,30.00,37.00,37.90,F,Fail,2026-27,Paid,,
STU00681,Dinesh,Male,11,A,English,70.80,54.00,39.00,37.00,41.00,F,Pass,2024-25,Partial,,
STU00682,Pavithra,Female,7,C,Science,92.10,97.00,46.00,58.00,62.20,C,Pass,2026-27,Pending,,
STU00683,Arun,Male,9,A,Science,63.40,91.00,44.00,29.00,45.90,F,Pass,2024-25,Paid,,
STU00684,Keerthana,Female,9,D,English,88.00,74.00,42.00,87.00,70.90,B,Pass,2024-25,Partial,,
STU00685,Aishwarya,Female,11,D,Science,76.60,42.00,42.00,58.00,50.00,D,Pass,2025-26,Partial,,
STU00686,Kavya,Female,11,C,Mathematics,79.80,76.00,31.00,28.00,38.50,F,Fail,2026-27,Paid,,
STU00687,Pranav,Male,8,A,Mathematics,74.30,80.00,43.00,69.00,63.40,C,Pass,2024-25,Partial,,
STU00688,Rahul,Male,7,C,Social Science,89.20,45.00,32.00,64.00,50.60,D,Pass,2024-25,Pending,,
STU00689,Arun,Male,10,C,Tamil,62.60,100.00,43.00,59.00,62.40,C,Pass,2024-25,Partial,,
STU00690,Kavya,Female,6,C,Science,86.90,84.00,40.00,98.00,77.80,B,Pass,2024-25,Pending,,
STU00691,Rahul,Male,8,D,Social Science,87.60,56.00,49.00,63.00,57.40,D,Pass,2025-26,Pending,,
STU00692,Dinesh,Male,11,A,Social Science,68.30,62.00,39.00,58.00,53.10,D,Pass,2024-25,Pending,,
STU00693,Priya,Female,10,A,Social Science,89.50,43.00,48.00,92.00,69.00,C,Pass,2025-26,Pending,,
STU00694,Pranav,Male,12,A,Mathematics,87.10,99.00,39.00,80.00,71.50,B,Pass,2026-27,Partial,,
STU00695,Priya,Female,9,D,Mathematics,74.20,58.00,30.00,91.00,66.10,C,Pass,2024-25,Partial,,
STU00696,Priya,Female,11,D,Mathematics,74.20,90.00,48.00,32.00,48.40,F,Pass,2026-27,Paid,,
STU00697,Pavithra,Female,7,B,English,81.60,90.00,43.00,65.00,63.40,C,Pass,2024-25,Partial,,
STU00698,Ajay,Male,8,C,English,65.00,67.00,49.00,55.00,55.60,D,Pass,2025-26,Paid,,
STU00699,Vijay,Male,7,A,English,84.50,97.00,47.00,80.00,73.50,B,Pass,2025-26,Partial,,
STU00700,Rahul,Male,7,C,English,73.80,38.00,38.00,60.00,49.00,F,Pass,2026-27,Partial,,
STU00701,Arun,Male,11,D,Tamil,100.00,75.00,49.00,63.00,61.20,C,Pass,2024-25,Pending,,
STU00702,Divya,Female,9,B,English,89.30,49.00,48.00,89.00,68.70,C,Pass,2024-25,Partial,,
STU00703,Pavithra,Female,6,B,Social Science,95.00,77.00,48.00,74.00,66.80,C,Pass,2026-27,Partial,,
STU00704,Ajay,Male,7,B,Tamil,94.60,57.00,36.00,60.00,52.20,D,Pass,2025-26,Pending,,
STU00705,Kavya,Female,6,D,Social Science,64.80,75.00,47.00,79.00,68.60,C,Pass,2025-26,Partial,,
STU00706,Sanjay,Male,12,B,Mathematics,99.30,95.00,41.00,64.00,63.30,C,Pass,2024-25,Partial,,
STU00707,Arun,Male,11,B,Mathematics,73.90,81.00,33.00,93.00,72.60,B,Pass,2024-25,Pending,,
STU00708,Ananya,Female,9,C,Mathematics,79.20,46.00,37.00,63.00,51.80,D,Pass,2024-25,Paid,,
STU00709,Nivetha,Female,12,D,Tamil,81.40,97.00,45.00,77.00,71.40,B,Pass,2025-26,Partial,,
STU00710,Divya,Female,12,B,Mathematics,86.00,99.00,32.00,70.00,64.40,C,Pass,2025-26,Partial,,
STU00711,Pavithra,Female,11,A,Tamil,78.00,91.00,50.00,42.00,54.20,D,Pass,2024-25,Pending,,
STU00712,Sanjay,Male,8,A,Tamil,77.10,55.00,37.00,91.00,67.60,C,Pass,2026-27,Partial,,
STU00713,Madhan,Male,11,D,Mathematics,62.60,52.00,38.00,47.00,45.30,F,Pass,2026-27,Partial,,
STU00714,Harini,Female,7,A,Science,88.10,82.00,35.00,75.00,64.40,C,Pass,2025-26,Partial,,
STU00715,Arun,Male,6,B,Tamil,88.60,56.00,31.00,76.00,58.50,D,Pass,2026-27,Pending,,
STU00716,Keerthana,Female,6,C,English,80.90,50.00,30.00,92.00,65.00,C,Pass,2025-26,Pending,,
STU00717,Divya,Female,7,B,English,99.30,69.00,39.00,88.00,69.50,C,Pass,2025-26,Paid,,
STU00718,Priya,Female,10,B,Mathematics,75.90,59.00,43.00,48.00,48.70,F,Pass,2025-26,Paid,,
STU00719,Sanjay,Male,8,B,Social Science,74.80,93.00,32.00,26.00,41.20,F,Pass,2025-26,Paid,,
STU00720,Swetha,Female,11,B,Science,84.30,89.00,49.00,57.00,61.00,C,Pass,2024-25,Paid,,
STU00721,Arun,Male,8,B,Science,100.00,40.00,30.00,57.00,45.50,F,Pass,2026-27,Partial,,
STU00722,Harini,Female,9,C,English,63.60,40.00,48.00,47.00,45.90,F,Pass,2025-26,Paid,,
STU00723,Nivetha,Female,9,B,Tamil,77.00,53.00,38.00,39.00,41.50,F,Pass,2025-26,Paid,,
STU00724,Dinesh,Male,12,C,Mathematics,93.20,90.00,39.00,58.00,58.70,D,Pass,2026-27,Pending,,
STU00725,Swetha,Female,7,C,Science,82.50,91.00,31.00,49.00,52.00,D,Pass,2024-25,Paid,,
STU00726,Vijay,Male,6,D,Mathematics,76.30,55.00,44.00,80.00,64.20,C,Pass,2024-25,Pending,,
STU00727,Dinesh,Male,8,D,Science,62.70,53.00,33.00,69.00,55.00,D,Pass,2024-25,Paid,,
STU00728,Keerthana,Female,12,B,Social Science,82.90,69.00,48.00,99.00,77.70,B,Pass,2024-25,Partial,,
STU00729,Hari,Male,12,B,Science,88.60,98.00,33.00,67.00,63.00,C,Pass,2024-25,Pending,,
STU00730,Ajay,Male,8,A,Mathematics,78.40,54.00,30.00,35.00,37.30,F,Fail,2025-26,Partial,,
STU00731,Pavithra,Female,11,C,Social Science,77.10,40.00,50.00,82.00,64.00,C,Pass,2025-26,Partial,,
STU00732,Rahul,Male,12,A,Mathematics,74.50,76.00,31.00,34.00,41.50,F,Pass,2026-27,Partial,,
STU00733,Divya,Female,9,C,English,83.10,86.00,32.00,27.00,40.30,F,Pass,2024-25,Paid,,
STU00734,Swetha,Female,8,B,Tamil,99.10,73.00,45.00,80.00,68.10,C,Pass,2026-27,Pending,,
STU00735,Pranav,Male,11,A,Mathematics,70.40,84.00,45.00,59.00,59.80,D,Pass,2026-27,Partial,,
STU00736,Divya,Female,12,D,Mathematics,81.10,58.00,43.00,79.00,64.00,C,Pass,2024-25,Paid,,
STU00737,Pavithra,Female,11,B,English,93.10,45.00,39.00,84.00,62.70,C,Pass,2025-26,Paid,,
STU00738,Harini,Female,7,B,Mathematics,76.80,66.00,46.00,79.00,66.50,C,Pass,2025-26,Partial,,
STU00739,Hari,Male,6,A,Social Science,90.20,47.00,44.00,97.00,71.10,B,Pass,2025-26,Pending,,
STU00740,Kavya,Female,6,A,Tamil,88.60,94.00,35.00,48.00,53.30,D,Pass,2025-26,Paid,,
STU00741,Ajay,Male,11,C,Mathematics,72.60,92.00,49.00,58.00,62.10,C,Pass,2025-26,Paid,,
STU00742,Vijay,Male,6,C,Tamil,76.30,90.00,47.00,27.00,45.60,F,Pass,2024-25,Pending,,
STU00743,Arun,Male,7,D,Science,74.80,97.00,39.00,71.00,66.60,C,Pass,2026-27,Partial,,
STU00744,Harini,Female,6,B,English,63.20,36.00,36.00,39.00,37.50,F,Fail,2024-25,Partial,,
STU00745,Arun,Male,7,D,English,75.70,59.00,32.00,63.00,52.90,D,Pass,2025-26,Paid,,
STU00746,Swetha,Female,6,A,English,73.40,54.00,44.00,87.00,67.50,C,Pass,2025-26,Paid,,
STU00747,Kavya,Female,7,B,Mathematics,64.80,41.00,40.00,26.00,33.20,F,Fail,2024-25,Partial,,
STU00748,Swetha,Female,12,D,Social Science,74.00,72.00,31.00,87.00,67.20,C,Pass,2025-26,Pending,,
STU00749,Priya,Female,11,A,Social Science,95.00,43.00,38.00,78.00,59.00,D,Pass,2025-26,Paid,,
STU00750,Kavya,Female,11,C,Science,83.60,90.00,30.00,45.00,49.50,F,Pass,2025-26,Partial,,
STU00751,Dinesh,Male,8,D,English,68.70,78.00,49.00,84.00,72.30,B,Pass,2024-25,Pending,,
STU00752,Swetha,Female,12,C,Science,81.40,55.00,49.00,51.00,51.20,D,Pass,2025-26,Partial,,
STU00753,Dinesh,Male,7,B,English,88.50,88.00,45.00,63.00,62.60,C,Pass,2024-25,Paid,,
STU00754,Arun,Male,8,C,Mathematics,91.70,55.00,35.00,89.00,66.00,C,Pass,2024-25,Paid,,
STU00755,Swetha,Female,6,B,Tamil,71.30,78.00,41.00,30.00,42.90,F,Pass,2026-27,Pending,,
STU00756,Hari,Male,10,A,Tamil,77.60,91.00,44.00,39.00,50.90,D,Pass,2024-25,Partial,,
STU00757,Hari,Male,6,A,English,68.10,81.00,35.00,62.00,57.70,D,Pass,2026-27,Pending,,
STU00758,Divya,Female,7,C,Mathematics,67.30,52.00,33.00,50.00,45.30,F,Pass,2025-26,Pending,,
STU00759,Rahul,Male,12,D,Mathematics,80.60,69.00,41.00,78.00,65.10,C,Pass,2025-26,Partial,,
STU00760,Vijay,Male,12,D,English,88.00,52.00,43.00,77.00,61.80,C,Pass,2025-26,Pending,,
STU00761,Ananya,Female,9,B,Tamil,79.60,43.00,32.00,68.00,52.20,D,Pass,2025-26,Pending,,
STU00762,Ajay,Male,6,D,Tamil,70.20,54.00,48.00,32.00,41.20,F,Pass,2026-27,Partial,,
STU00763,Swetha,Female,9,C,Mathematics,83.10,70.00,46.00,43.00,49.30,F,Pass,2026-27,Pending,,
STU00764,Priya,Female,10,D,Mathematics,81.30,86.00,36.00,63.00,59.50,D,Pass,2024-25,Paid,,
STU00765,Swetha,Female,11,B,Social Science,90.20,46.00,46.00,95.00,70.50,B,Pass,2025-26,Partial,,
STU00766,Keerthana,Female,6,A,Social Science,81.60,68.00,37.00,63.00,56.20,D,Pass,2026-27,Pending,,
STU00767,Arun,Male,12,C,Mathematics,75.50,41.00,50.00,40.00,43.20,F,Pass,2025-26,Pending,,
STU00768,Dinesh,Male,8,B,Social Science,75.30,64.00,41.00,63.00,56.60,D,Pass,2025-26,Partial,,
STU00769,Ajay,Male,10,B,Tamil,75.80,81.00,44.00,37.00,47.90,F,Pass,2024-25,Partial,,
STU00770,Swetha,Female,6,A,Tamil,93.70,89.00,34.00,85.00,70.50,B,Pass,2024-25,Pending,,
STU00771,Pranav,Male,11,D,Social Science,65.80,68.00,48.00,88.00,72.00,B,Pass,2026-27,Pending,,
STU00772,Pavithra,Female,11,D,English,75.70,53.00,46.00,41.00,44.90,F,Pass,2025-26,Partial,,
STU00773,Keerthana,Female,11,A,English,79.50,55.00,47.00,72.00,61.10,C,Pass,2024-25,Partial,,
STU00774,Divya,Female,6,C,Social Science,82.70,72.00,31.00,91.00,69.20,C,Pass,2024-25,Paid,,
STU00775,Harini,Female,8,C,Mathematics,64.40,53.00,48.00,78.00,64.00,C,Pass,2024-25,Pending,,
STU00776,Priya,Female,7,D,Tamil,83.60,50.00,47.00,69.00,58.60,D,Pass,2024-25,Paid,,
STU00777,Pavithra,Female,10,C,Social Science,73.30,83.00,45.00,41.00,50.60,D,Pass,2024-25,Partial,,
STU00778,Pavithra,Female,11,D,English,84.70,76.00,32.00,77.00,63.30,C,Pass,2025-26,Paid,,
STU00779,Nivetha,Female,10,A,Science,80.70,56.00,30.00,98.00,69.20,C,Pass,2026-27,Partial,,
STU00780,Aishwarya,Female,11,A,Social Science,67.60,45.00,36.00,94.00,66.80,C,Pass,2026-27,Paid,,
STU00781,Dinesh,Male,10,A,Tamil,75.30,37.00,38.00,51.00,44.30,F,Pass,2024-25,Partial,,
STU00782,Divya,Female,12,C,Science,71.70,40.00,45.00,27.00,35.00,F,Fail,2025-26,Pending,,
STU00783,Ajay,Male,6,C,Science,81.80,47.00,47.00,46.00,46.50,F,Pass,2025-26,Paid,,
STU00784,Sanjay,Male,12,A,English,86.90,74.00,43.00,46.00,50.70,D,Pass,2024-25,Partial,,
STU00785,Keerthana,Female,6,A,Mathematics,75.20,87.00,40.00,58.00,58.40,D,Pass,2025-26,Paid,,
STU00786,Rahul,Male,7,B,Science,87.60,100.00,46.00,74.00,70.80,B,Pass,2024-25,Pending,,
STU00787,Pranav,Male,9,D,Tamil,71.80,64.00,30.00,59.00,51.30,D,Pass,2026-27,Partial,,
STU00788,Rahul,Male,12,B,Mathematics,83.00,87.00,44.00,35.00,48.10,F,Pass,2026-27,Partial,,
STU00789,Vijay,Male,8,B,English,71.80,92.00,31.00,25.00,40.20,F,Pass,2025-26,Partial,,
STU00790,Keerthana,Female,6,A,Science,79.50,69.00,49.00,57.00,57.00,D,Pass,2026-27,Pending,,
STU00791,Priya,Female,10,C,Tamil,88.50,43.00,39.00,36.00,38.30,F,Fail,2025-26,Partial,,
STU00792,Vijay,Male,11,C,Science,92.50,61.00,49.00,89.00,71.40,B,Pass,2025-26,Partial,,
STU00793,Harini,Female,12,D,Mathematics,82.70,78.00,36.00,83.00,67.90,C,Pass,2026-27,Pending,,
STU00794,Vijay,Male,11,A,Social Science,100.00,95.00,30.00,26.00,41.00,F,Pass,2026-27,Paid,,
STU00795,Aishwarya,Female,11,D,Science,64.90,44.00,47.00,28.00,36.90,F,Fail,2026-27,Pending,,
STU00796,Pranav,Male,12,D,Social Science,77.80,80.00,42.00,47.00,52.10,D,Pass,2026-27,Paid,,
STU00797,Dinesh,Male,8,B,Science,98.50,70.00,41.00,49.00,50.80,D,Pass,2024-25,Partial,,
STU00798,Priya,Female,7,D,Mathematics,83.00,39.00,38.00,88.00,63.20,C,Pass,2026-27,Partial,,
STU00799,Arun,Male,7,D,Tamil,90.90,98.00,35.00,95.00,77.60,B,Pass,2024-25,Partial,,
STU00800,Karthik,Male,10,B,Tamil,72.50,51.00,38.00,97.00,70.10,B,Pass,2024-25,Partial,,
STU00801,Priya,Female,12,A,Social Science,70.60,93.00,30.00,79.00,67.10,C,Pass,2026-27,Partial,,
STU00802,Pranav,Male,9,D,Mathematics,72.00,50.00,46.00,84.00,65.80,C,Pass,2025-26,Pending,,
STU00803,Rahul,Male,6,C,Science,73.50,85.00,36.00,67.00,61.30,C,Pass,2024-25,Partial,,
STU00804,Rahul,Male,11,D,Tamil,80.20,66.00,36.00,46.00,47.00,F,Pass,2025-26,Pending,,
STU00805,Karthik,Male,6,D,Science,86.80,77.00,38.00,56.00,54.80,D,Pass,2024-25,Pending,,
STU00806,Pranav,Male,12,A,Mathematics,69.50,65.00,32.00,81.00,63.10,C,Pass,2024-25,Partial,,
STU00807,Kavya,Female,6,A,Tamil,90.40,43.00,34.00,32.00,34.80,F,Fail,2025-26,Paid,,
STU00808,Kavya,Female,11,D,Tamil,77.10,48.00,31.00,96.00,66.90,C,Pass,2024-25,Pending,,
STU00809,Swetha,Female,6,D,English,93.60,36.00,44.00,74.00,57.40,D,Pass,2025-26,Pending,,
STU00810,Pranav,Male,11,A,Science,68.80,77.00,48.00,49.00,54.30,D,Pass,2024-25,Paid,,
STU00811,Madhan,Male,11,A,Social Science,83.60,51.00,50.00,90.00,70.20,B,Pass,2025-26,Pending,,
STU00812,Pavithra,Female,11,D,English,75.60,66.00,34.00,30.00,38.40,F,Fail,2024-25,Paid,,
STU00813,Kavya,Female,9,C,Mathematics,71.20,53.00,34.00,85.00,63.30,C,Pass,2025-26,Partial,,
STU00814,Harini,Female,8,A,Social Science,75.70,53.00,31.00,55.00,47.40,F,Pass,2026-27,Partial,,
STU00815,Ajay,Male,8,B,English,77.70,43.00,40.00,49.00,45.10,F,Pass,2026-27,Pending,,
STU00816,Kavya,Female,11,C,Social Science,76.80,77.00,49.00,63.00,61.60,C,Pass,2025-26,Pending,,
STU00817,Karthik,Male,9,A,Science,82.20,63.00,37.00,84.00,65.70,C,Pass,2026-27,Paid,,
STU00818,Dinesh,Male,11,C,Science,82.80,61.00,42.00,48.00,48.80,F,Pass,2024-25,Pending,,
STU00819,Karthik,Male,8,A,Social Science,88.20,59.00,50.00,99.00,76.30,B,Pass,2025-26,Paid,,
STU00820,Rahul,Male,7,C,English,87.50,63.00,38.00,47.00,47.50,F,Pass,2025-26,Partial,,
STU00821,Vijay,Male,7,A,English,94.10,37.00,34.00,73.00,54.10,D,Pass,2026-27,Paid,,
STU00822,Priya,Female,8,D,English,63.70,82.00,41.00,46.00,51.70,D,Pass,2026-27,Partial,,
STU00823,Divya,Female,6,B,English,83.80,83.00,41.00,65.00,61.40,C,Pass,2026-27,Pending,,
STU00824,Arun,Male,12,B,Social Science,75.70,72.00,34.00,66.00,57.60,D,Pass,2024-25,Paid,,
STU00825,Keerthana,Female,12,D,English,79.50,43.00,35.00,90.00,64.10,C,Pass,2025-26,Partial,,
STU00826,Pavithra,Female,10,D,English,64.70,76.00,41.00,92.00,73.50,B,Pass,2026-27,Pending,,
STU00827,Pavithra,Female,8,D,Social Science,78.00,60.00,44.00,55.00,52.70,D,Pass,2025-26,Paid,,
STU00828,Swetha,Female,9,B,Mathematics,76.50,67.00,47.00,35.00,45.00,F,Pass,2024-25,Paid,,
STU00829,Pavithra,Female,10,C,English,72.30,78.00,43.00,82.00,69.50,C,Pass,2025-26,Pending,,
STU00830,Nivetha,Female,12,D,Mathematics,76.40,69.00,42.00,28.00,40.40,F,Pass,2024-25,Pending,,
STU00831,Sanjay,Male,11,A,Mathematics,88.80,99.00,46.00,94.00,80.60,A,Pass,2026-27,Paid,,
STU00832,Priya,Female,6,A,Tamil,77.20,81.00,31.00,94.00,72.50,B,Pass,2024-25,Pending,,
STU00833,Pranav,Male,8,C,Mathematics,87.00,52.00,47.00,58.00,53.50,D,Pass,2024-25,Pending,,
STU00834,Nivetha,Female,12,D,Science,94.70,36.00,45.00,90.00,65.70,C,Pass,2024-25,Pending,,
STU00835,Rahul,Male,11,B,Science,83.40,94.00,44.00,68.00,66.00,C,Pass,2024-25,Pending,,
STU00836,Ajay,Male,12,D,English,95.20,91.00,44.00,96.00,79.40,B,Pass,2024-25,Pending,,
STU00837,Madhan,Male,12,B,Mathematics,83.30,80.00,40.00,53.00,54.50,D,Pass,2025-26,Pending,,
STU00838,Aishwarya,Female,8,C,Social Science,81.50,37.00,48.00,29.00,36.30,F,Fail,2024-25,Paid,,
STU00839,Kavya,Female,11,D,Science,84.80,84.00,36.00,85.00,70.10,B,Pass,2024-25,Pending,,
STU00840,Harini,Female,6,B,Tamil,91.50,57.00,31.00,87.00,64.20,C,Pass,2024-25,Paid,,
STU00841,Karthik,Male,9,C,English,83.60,43.00,44.00,32.00,37.80,F,Fail,2025-26,Partial,,
STU00842,Vijay,Male,8,D,Science,96.60,55.00,33.00,41.00,41.40,F,Pass,2026-27,Pending,,
STU00843,Divya,Female,9,B,English,87.90,95.00,35.00,98.00,78.50,B,Pass,2025-26,Partial,,
STU00844,Hari,Male,11,D,Mathematics,75.70,60.00,30.00,43.00,42.50,F,Pass,2025-26,Paid,,
STU00845,Kavya,Female,12,B,Social Science,75.80,97.00,44.00,84.00,74.60,B,Pass,2026-27,Paid,,
STU00846,Sanjay,Male,11,D,Mathematics,93.40,73.00,42.00,47.00,50.70,D,Pass,2025-26,Paid,,
STU00847,Madhan,Male,11,D,Science,71.00,47.00,42.00,30.00,37.00,F,Fail,2024-25,Paid,,
STU00848,Aishwarya,Female,8,A,English,91.70,98.00,43.00,95.00,80.00,A,Pass,2024-25,Pending,,
STU00849,Karthik,Male,10,C,Science,74.70,99.00,31.00,84.00,71.10,B,Pass,2024-25,Paid,,
STU00850,Swetha,Female,8,D,English,84.30,85.00,31.00,26.00,39.30,F,Fail,2025-26,Paid,,
STU00851,Pranav,Male,11,D,Science,78.00,66.00,44.00,42.00,47.40,F,Pass,2025-26,Pending,,
STU00852,Vijay,Male,12,A,Social Science,83.00,47.00,35.00,62.00,50.90,D,Pass,2024-25,Partial,,
STU00853,Keerthana,Female,6,A,Mathematics,87.40,62.00,31.00,93.00,68.20,C,Pass,2024-25,Pending,,
STU00854,Hari,Male,11,A,Science,89.70,74.00,44.00,31.00,43.50,F,Pass,2026-27,Paid,,
STU00855,Ajay,Male,12,B,English,76.80,46.00,30.00,78.00,57.20,D,Pass,2024-25,Paid,,
STU00856,Priya,Female,11,A,English,87.20,47.00,35.00,46.00,42.90,F,Pass,2024-25,Pending,,
STU00857,Pranav,Male,8,B,Social Science,85.30,89.00,33.00,54.00,54.70,D,Pass,2024-25,Paid,,
STU00858,Nivetha,Female,7,A,Science,94.00,75.00,30.00,74.00,61.00,C,Pass,2024-25,Pending,,
STU00859,Karthik,Male,11,C,Social Science,79.50,62.00,43.00,63.00,56.80,D,Pass,2026-27,Pending,,
STU00860,Hari,Male,12,B,Mathematics,84.70,47.00,49.00,66.00,57.10,D,Pass,2026-27,Partial,,
STU00861,Keerthana,Female,8,B,Mathematics,96.70,43.00,40.00,27.00,34.10,F,Fail,2026-27,Partial,,
STU00862,Swetha,Female,10,B,Social Science,80.00,36.00,37.00,27.00,31.80,F,Fail,2026-27,Paid,,
STU00863,Priya,Female,11,D,English,79.40,82.00,45.00,62.00,60.90,C,Pass,2024-25,Paid,,
STU00864,Priya,Female,11,A,English,79.60,91.00,40.00,42.00,51.20,D,Pass,2025-26,Pending,,
STU00865,Hari,Male,12,D,Mathematics,82.00,77.00,40.00,56.00,55.40,D,Pass,2024-25,Partial,,
STU00866,Rahul,Male,12,B,Social Science,74.80,83.00,46.00,66.00,63.40,C,Pass,2024-25,Pending,,
STU00867,Karthik,Male,12,D,Tamil,85.10,53.00,36.00,41.00,41.90,F,Pass,2024-25,Paid,,
STU00868,Rahul,Male,10,A,Science,81.10,94.00,39.00,46.00,53.50,D,Pass,2026-27,Paid,,
STU00869,Ajay,Male,7,B,Mathematics,79.60,60.00,38.00,86.00,66.40,C,Pass,2024-25,Pending,,
STU00870,Swetha,Female,7,D,Science,92.60,89.00,46.00,80.00,71.60,B,Pass,2024-25,Pending,,
STU00871,Ajay,Male,9,A,Mathematics,77.20,57.00,38.00,73.00,59.30,D,Pass,2025-26,Pending,,
STU00872,Harini,Female,9,D,Tamil,78.80,77.00,34.00,85.00,68.10,C,Pass,2024-25,Paid,,
STU00873,Arun,Male,6,C,Science,73.40,85.00,41.00,74.00,66.30,C,Pass,2025-26,Pending,,
STU00874,Ajay,Male,6,A,Science,87.90,55.00,36.00,80.00,61.80,C,Pass,2025-26,Partial,,
STU00875,Aishwarya,Female,11,D,Mathematics,77.20,89.00,37.00,56.00,56.90,D,Pass,2025-26,Paid,,
STU00876,Ananya,Female,11,B,Mathematics,68.30,93.00,34.00,57.00,57.30,D,Pass,2024-25,Partial,,
STU00877,Arun,Male,6,A,Science,71.40,45.00,46.00,49.00,47.30,F,Pass,2025-26,Paid,,
STU00878,Harini,Female,11,C,Social Science,90.00,83.00,48.00,64.00,63.00,C,Pass,2026-27,Pending,,
STU00879,Karthik,Male,11,C,English,81.20,85.00,39.00,25.00,41.20,F,Pass,2024-25,Pending,,
STU00880,Karthik,Male,6,D,Social Science,88.80,88.00,50.00,61.00,63.10,C,Pass,2026-27,Pending,,
STU00881,Vijay,Male,8,B,English,84.00,49.00,44.00,97.00,71.50,B,Pass,2024-25,Paid,,
STU00882,Arun,Male,11,B,English,88.00,68.00,43.00,81.00,67.00,C,Pass,2026-27,Partial,,
STU00883,Vijay,Male,6,C,Tamil,76.20,78.00,30.00,99.00,74.10,B,Pass,2024-25,Pending,,
STU00884,Divya,Female,6,A,Mathematics,87.60,35.00,48.00,30.00,36.40,F,Fail,2024-25,Paid,,
STU00885,Ajay,Male,10,C,Science,73.10,89.00,40.00,72.00,65.80,C,Pass,2026-27,Pending,,
STU00886,Priya,Female,8,D,Science,83.50,42.00,41.00,67.00,54.20,D,Pass,2024-25,Paid,,
STU00887,Swetha,Female,11,B,Tamil,65.80,70.00,37.00,72.00,61.10,C,Pass,2025-26,Partial,,
STU00888,Aishwarya,Female,9,B,Tamil,70.00,76.00,30.00,71.00,59.70,D,Pass,2024-25,Partial,,
STU00889,Pavithra,Female,7,D,Science,80.80,79.00,43.00,85.00,71.20,B,Pass,2026-27,Partial,,
STU00890,Ajay,Male,8,B,English,64.30,99.00,31.00,41.00,49.60,F,Pass,2025-26,Paid,,
STU00891,Aishwarya,Female,12,D,English,100.00,96.00,47.00,55.00,60.80,C,Pass,2024-25,Paid,,
STU00892,Karthik,Male,6,D,Tamil,66.90,55.00,40.00,74.00,60.00,C,Pass,2025-26,Paid,,
STU00893,Pavithra,Female,11,A,English,94.50,97.00,32.00,67.00,62.50,C,Pass,2024-25,Partial,,
STU00894,Pranav,Male,9,D,Social Science,75.40,90.00,37.00,53.00,55.60,D,Pass,2025-26,Paid,,
STU00895,Divya,Female,6,A,Mathematics,80.60,49.00,48.00,72.00,60.20,C,Pass,2024-25,Pending,,
STU00896,Kavya,Female,11,A,Mathematics,58.50,42.00,48.00,93.00,69.30,C,Pass,2024-25,Pending,,
STU00897,Nivetha,Female,12,C,English,68.50,63.00,33.00,75.00,60.00,C,Pass,2024-25,Partial,,
STU00898,Nivetha,Female,7,C,English,80.30,98.00,44.00,43.00,54.30,D,Pass,2026-27,Pending,,
STU00899,Arun,Male,10,C,Mathematics,66.70,70.00,48.00,86.00,71.40,B,Pass,2026-27,Paid,,
STU00900,Harini,Female,11,D,Tamil,81.80,77.00,34.00,51.00,51.10,D,Pass,2026-27,Paid,,
STU00901,Vijay,Male,12,D,Science,76.40,55.00,30.00,95.00,67.50,C,Pass,2025-26,Pending,,
STU00902,Pavithra,Female,8,D,Science,99.50,44.00,46.00,61.00,53.10,D,Pass,2025-26,Partial,,
STU00903,Hari,Male,9,A,English,74.10,41.00,39.00,83.00,61.40,C,Pass,2026-27,Paid,,
STU00904,Dinesh,Male,11,D,Mathematics,97.90,53.00,36.00,52.00,47.40,F,Pass,2026-27,Paid,,
STU00905,Pranav,Male,11,A,English,61.70,56.00,31.00,37.00,39.00,F,Fail,2025-26,Pending,,
STU00906,Arun,Male,6,C,Social Science,100.00,90.00,34.00,76.00,66.20,C,Pass,2024-25,Paid,,
STU00907,Rahul,Male,9,D,Mathematics,72.60,83.00,32.00,84.00,68.20,C,Pass,2026-27,Pending,,
STU00908,Pavithra,Female,8,A,Tamil,59.00,49.00,32.00,40.00,39.40,F,Fail,2025-26,Partial,,
STU00909,Arun,Male,10,D,Mathematics,80.50,58.00,42.00,86.00,67.20,C,Pass,2026-27,Partial,,
STU00910,Harini,Female,10,B,Tamil,77.80,76.00,32.00,93.00,71.30,B,Pass,2024-25,Pending,,
STU00911,Ajay,Male,10,D,Tamil,68.80,50.00,36.00,40.00,40.80,F,Pass,2024-25,Partial,,
STU00912,Arun,Male,10,D,Mathematics,80.40,50.00,31.00,41.00,39.80,F,Fail,2026-27,Paid,,
STU00913,Karthik,Male,10,C,Tamil,86.40,73.00,41.00,94.00,73.90,B,Pass,2024-25,Pending,,
STU00914,Rahul,Male,8,A,Social Science,84.60,72.00,47.00,81.00,69.00,C,Pass,2024-25,Partial,,
STU00915,Nivetha,Female,10,C,Social Science,75.30,47.00,31.00,55.00,46.20,F,Pass,2024-25,Paid,,
STU00916,Sanjay,Male,12,B,English,80.40,62.00,48.00,70.00,61.80,C,Pass,2025-26,Paid,,
STU00917,Divya,Female,10,C,Mathematics,66.10,86.00,44.00,35.00,47.90,F,Pass,2025-26,Partial,,
STU00918,Keerthana,Female,10,B,Tamil,96.60,69.00,50.00,49.00,53.30,D,Pass,2026-27,Pending,,
STU00919,Ajay,Male,12,B,Mathematics,92.70,38.00,49.00,56.00,50.30,D,Pass,2024-25,Pending,,
STU00920,Hari,Male,6,D,Tamil,81.50,77.00,50.00,36.00,48.40,F,Pass,2025-26,Pending,,
STU00921,Keerthana,Female,12,B,Mathematics,91.70,63.00,42.00,38.00,44.20,F,Pass,2024-25,Paid,,
STU00922,Kavya,Female,12,D,Tamil,82.60,79.00,48.00,61.00,60.70,C,Pass,2026-27,Pending,,
STU00923,Arun,Male,7,C,Science,89.60,86.00,45.00,100.00,80.70,A,Pass,2024-25,Pending,,
STU00924,Hari,Male,11,B,English,98.40,53.00,42.00,97.00,71.70,B,Pass,2026-27,Pending,,
STU00925,Pranav,Male,11,B,Social Science,72.40,91.00,41.00,84.00,72.50,B,Pass,2026-27,Pending,,
STU00926,Swetha,Female,10,B,Mathematics,87.40,46.00,39.00,77.00,59.40,D,Pass,2025-26,Paid,,
STU00927,Karthik,Male,11,B,Tamil,83.70,71.00,47.00,88.00,72.30,B,Pass,2024-25,Pending,,
STU00928,Dinesh,Male,9,A,Science,85.00,36.00,49.00,49.00,46.40,F,Pass,2026-27,Paid,,
STU00929,Aishwarya,Female,11,C,English,96.70,40.00,49.00,82.00,63.70,C,Pass,2024-25,Partial,,
STU00930,Vijay,Male,6,C,English,81.50,100.00,41.00,31.00,47.80,F,Pass,2025-26,Pending,,
STU00931,Keerthana,Female,8,A,Mathematics,88.50,50.00,39.00,63.00,53.20,D,Pass,2025-26,Pending,,
STU00932,Priya,Female,6,D,English,78.10,74.00,50.00,90.00,74.80,B,Pass,2024-25,Pending,,
STU00933,Ananya,Female,8,A,Social Science,73.80,48.00,30.00,69.00,53.10,D,Pass,2026-27,Paid,,
STU00934,Nivetha,Female,6,A,Science,84.10,97.00,36.00,35.00,47.70,F,Pass,2026-27,Partial,,
STU00935,Ajay,Male,6,D,Tamil,90.20,63.00,45.00,75.00,63.60,C,Pass,2025-26,Pending,,
STU00936,Swetha,Female,7,C,Tamil,94.10,91.00,44.00,45.00,53.90,D,Pass,2024-25,Pending,,
STU00937,Ananya,Female,8,B,Tamil,83.10,85.00,43.00,67.00,63.40,C,Pass,2024-25,Paid,,
STU00938,Dinesh,Male,11,C,Tamil,84.70,88.00,45.00,95.00,78.60,B,Pass,2025-26,Partial,,
STU00939,Pranav,Male,12,D,Social Science,79.50,84.00,34.00,39.00,46.50,F,Pass,2024-25,Paid,,
STU00940,Vijay,Male,8,A,English,65.70,41.00,40.00,79.00,59.70,D,Pass,2026-27,Partial,,
STU00941,Ajay,Male,9,C,Mathematics,65.10,66.00,49.00,44.00,49.90,F,Pass,2026-27,Partial,,
STU00942,Rahul,Male,8,A,Mathematics,83.50,66.00,43.00,50.00,51.10,D,Pass,2025-26,Partial,,
STU00943,Hari,Male,10,B,English,95.40,54.00,37.00,40.00,41.90,F,Pass,2024-25,Pending,,
STU00944,Sanjay,Male,7,B,Science,81.40,37.00,49.00,50.00,47.10,F,Pass,2024-25,Paid,,
STU00945,Swetha,Female,10,C,English,83.90,42.00,46.00,79.00,61.70,C,Pass,2026-27,Paid,,
STU00946,Divya,Female,8,C,Mathematics,92.40,79.00,43.00,56.00,56.70,D,Pass,2025-26,Paid,,
STU00947,Arun,Male,6,A,Mathematics,84.70,47.00,43.00,48.00,46.30,F,Pass,2025-26,Pending,,
STU00948,Nivetha,Female,8,A,Tamil,93.00,36.00,47.00,41.00,41.80,F,Pass,2025-26,Pending,,
STU00949,Kavya,Female,10,C,English,78.00,84.00,32.00,38.00,45.40,F,Pass,2024-25,Partial,,
STU00950,Arun,Male,10,B,English,76.40,92.00,33.00,34.00,45.30,F,Pass,2026-27,Partial,,
STU00951,Harini,Female,11,D,English,76.40,51.00,36.00,78.00,60.00,C,Pass,2026-27,Partial,,
STU00952,Aishwarya,Female,8,C,Science,80.80,50.00,43.00,33.00,39.40,F,Fail,2025-26,Pending,,
STU00953,Vijay,Male,10,C,English,75.80,42.00,36.00,75.00,56.70,D,Pass,2025-26,Partial,,
STU00954,Vijay,Male,9,D,Social Science,100.00,84.00,42.00,59.00,58.90,D,Pass,2024-25,Paid,,
STU00955,Vijay,Male,10,B,Social Science,75.20,100.00,44.00,89.00,77.70,B,Pass,2026-27,Partial,,
STU00956,Harini,Female,12,B,Mathematics,62.60,69.00,47.00,40.00,47.90,F,Pass,2024-25,Paid,,
STU00957,Hari,Male,7,C,Tamil,66.70,70.00,34.00,59.00,53.70,D,Pass,2024-25,Partial,,
STU00958,Rahul,Male,10,A,Tamil,63.60,79.00,50.00,72.00,66.80,C,Pass,2025-26,Paid,,
STU00959,Keerthana,Female,9,C,Mathematics,96.00,36.00,41.00,53.00,46.00,F,Pass,2026-27,Pending,,
STU00960,Sanjay,Male,6,A,Science,80.70,67.00,50.00,95.00,75.90,B,Pass,2024-25,Pending,,
STU00961,Pranav,Male,8,B,Social Science,68.50,85.00,34.00,82.00,68.20,C,Pass,2024-25,Partial,,
STU00962,Nivetha,Female,7,D,Tamil,67.60,98.00,35.00,83.00,71.60,B,Pass,2024-25,Paid,,
STU00963,Madhan,Male,9,B,Mathematics,87.90,57.00,42.00,49.00,48.50,F,Pass,2024-25,Paid,,
STU00964,Ajay,Male,7,D,Science,82.80,47.00,46.00,42.00,44.20,F,Pass,2026-27,Paid,,
STU00965,Ajay,Male,9,A,Tamil,89.90,40.00,34.00,56.00,46.20,F,Pass,2024-25,Pending,,
STU00966,Madhan,Male,6,A,Tamil,66.90,78.00,32.00,50.00,50.20,D,Pass,2024-25,Pending,,
STU00967,Keerthana,Female,8,C,Science,83.90,69.00,50.00,94.00,75.80,B,Pass,2024-25,Paid,,
STU00968,Karthik,Male,10,C,Tamil,84.80,100.00,43.00,43.00,54.40,D,Pass,2024-25,Paid,,
STU00969,Rahul,Male,9,D,English,77.00,84.00,33.00,87.00,70.20,B,Pass,2024-25,Paid,,
STU00970,Karthik,Male,8,C,Tamil,88.60,77.00,33.00,71.00,60.80,C,Pass,2024-25,Paid,,
STU00971,Vijay,Male,9,C,Social Science,86.40,73.00,49.00,61.00,59.80,D,Pass,2025-26,Paid,,
STU00972,Pavithra,Female,11,C,Mathematics,91.60,44.00,30.00,44.00,39.80,F,Fail,2026-27,Paid,,
STU00973,Keerthana,Female,9,D,Science,83.90,89.00,38.00,43.00,50.70,D,Pass,2024-25,Pending,,
STU00974,Vijay,Male,12,D,Mathematics,77.50,75.00,45.00,79.00,68.00,C,Pass,2025-26,Partial,,
STU00975,Kavya,Female,12,C,English,86.70,66.00,42.00,78.00,64.80,C,Pass,2026-27,Pending,,
STU00976,Aishwarya,Female,10,B,Science,68.20,45.00,48.00,78.00,62.40,C,Pass,2026-27,Partial,,
STU00977,Karthik,Male,7,C,Tamil,87.60,81.00,47.00,85.00,72.80,B,Pass,2024-25,Paid,,
STU00978,Pranav,Male,8,B,Mathematics,100.00,93.00,34.00,95.00,76.30,B,Pass,2025-26,Paid,,
STU00979,Rahul,Male,6,B,Tamil,97.20,83.00,30.00,79.00,65.10,C,Pass,2025-26,Paid,,
STU00980,Madhan,Male,6,D,Social Science,78.30,55.00,30.00,43.00,41.50,F,Pass,2025-26,Paid,,
STU00981,Rahul,Male,6,A,Social Science,87.10,58.00,45.00,42.00,46.10,F,Pass,2026-27,Partial,,
STU00982,Pavithra,Female,9,C,Science,72.90,36.00,39.00,39.00,38.40,F,Fail,2024-25,Paid,,
STU00983,Madhan,Male,12,B,Social Science,87.40,89.00,44.00,95.00,78.50,B,Pass,2026-27,Pending,,
STU00984,Priya,Female,9,B,Mathematics,90.50,46.00,46.00,73.00,59.50,D,Pass,2024-25,Partial,,
STU00985,Ajay,Male,10,A,English,67.50,44.00,44.00,86.00,65.00,C,Pass,2025-26,Partial,,
STU00986,Swetha,Female,7,A,Mathematics,93.60,89.00,36.00,59.00,58.10,D,Pass,2024-25,Paid,,
STU00987,Pranav,Male,10,C,Tamil,82.40,48.00,32.00,52.00,45.20,F,Pass,2026-27,Paid,,
STU00988,Priya,Female,10,B,Tamil,87.90,65.00,38.00,35.00,41.90,F,Pass,2026-27,Partial,,
STU00989,Madhan,Male,12,D,Tamil,86.20,74.00,30.00,70.00,58.80,D,Pass,2025-26,Pending,,
STU00990,Pranav,Male,12,D,Mathematics,83.30,51.00,33.00,67.00,53.60,D,Pass,2025-26,Partial,,
STU00991,Hari,Male,12,B,Tamil,73.60,39.00,39.00,45.00,42.00,F,Pass,2024-25,Partial,,
STU00992,Divya,Female,11,A,English,76.90,62.00,50.00,43.00,48.90,F,Pass,2026-27,Paid,,
STU00993,Pavithra,Female,12,B,Mathematics,78.50,90.00,31.00,74.00,64.30,C,Pass,2024-25,Paid,,
STU00994,Vijay,Male,10,D,Tamil,95.50,36.00,34.00,64.00,49.40,F,Pass,2026-27,Paid,,
STU00995,Divya,Female,9,C,English,87.40,70.00,48.00,71.00,63.90,C,Pass,2025-26,Paid,,
STU00996,Vijay,Male,11,D,Mathematics,79.60,95.00,38.00,81.00,70.90,B,Pass,2026-27,Paid,,
STU00997,Madhan,Male,9,A,Mathematics,88.40,51.00,44.00,71.00,58.90,D,Pass,2026-27,Partial,,
STU00998,Nivetha,Female,6,D,Social Science,74.20,92.00,38.00,30.00,44.80,F,Pass,2026-27,Partial,,
STU00999,Rahul,Male,11,A,English,87.00,55.00,48.00,76.00,63.40,C,Pass,2024-25,Paid,,
STU01000,Pavithra,Female,11,A,Mathematics,75.40,94.00,44.00,93.00,78.50,B,Pass,2025-26,Paid,,
STU01001,Vijay,Male,11,A,Science,82.80,77.00,32.00,65.00,57.50,D,Pass,2025-26,Partial,,
STU01002,Priya,Female,11,D,Tamil,75.40,70.00,44.00,29.00,41.70,F,Pass,2026-27,Paid,,
STU01003,Keerthana,Female,11,B,Mathematics,55.00,83.00,31.00,71.00,61.40,C,Pass,2025-26,Pending,,
STU01004,Arun,Male,7,A,Science,69.70,69.00,38.00,47.00,48.70,F,Pass,2024-25,Paid,,
STU01005,Sanjay,Male,9,A,Mathematics,89.70,88.00,46.00,52.00,57.40,D,Pass,2026-27,Pending,,
STU01006,Arun,Male,6,D,Mathematics,74.20,73.00,35.00,50.00,50.10,D,Pass,2025-26,Pending,,
STU01007,Pavithra,Female,10,B,Science,72.60,84.00,30.00,96.00,73.80,B,Pass,2026-27,Paid,,
STU01008,Madhan,Male,10,B,Mathematics,94.20,75.00,30.00,44.00,46.00,F,Pass,2025-26,Paid,,
STU01009,Nivetha,Female,6,D,Mathematics,81.10,92.00,34.00,82.00,69.60,C,Pass,2026-27,Partial,,
STU01010,Arun,Male,7,B,Science,81.90,56.00,49.00,73.00,62.40,C,Pass,2024-25,Pending,,
STU01011,Rahul,Male,11,A,Mathematics,82.70,74.00,46.00,40.00,48.60,F,Pass,2026-27,Pending,,
STU01012,Swetha,Female,9,C,Mathematics,80.30,89.00,46.00,67.00,65.10,C,Pass,2024-25,Paid,,
STU01013,Swetha,Female,8,B,Social Science,71.60,83.00,39.00,80.00,68.30,C,Pass,2026-27,Pending,,
STU01014,Karthik,Male,12,A,Tamil,75.00,37.00,49.00,77.00,60.60,C,Pass,2024-25,Pending,,
STU01015,Dinesh,Male,10,A,Mathematics,86.10,93.00,47.00,73.00,69.20,C,Pass,2024-25,Paid,,
STU01016,Divya,Female,8,D,Science,76.50,85.00,30.00,72.00,62.00,C,Pass,2024-25,Partial,,
STU01017,Harini,Female,11,C,Mathematics,91.40,88.00,37.00,25.00,41.20,F,Pass,2025-26,Paid,,
STU01018,Arun,Male,7,C,Social Science,66.90,75.00,40.00,46.00,50.00,D,Pass,2026-27,Pending,,
STU01019,Hari,Male,9,B,Social Science,70.40,89.00,34.00,74.00,65.00,C,Pass,2026-27,Paid,,
STU01020,Nivetha,Female,10,B,Science,67.20,64.00,33.00,41.00,43.20,F,Pass,2026-27,Paid,,
STU01021,Harini,Female,12,B,Mathematics,83.30,90.00,30.00,100.00,77.00,B,Pass,2024-25,Paid,,
STU01022,Madhan,Male,9,A,English,86.20,93.00,50.00,70.00,68.60,C,Pass,2024-25,Paid,,
STU01023,Sanjay,Male,7,B,Science,83.90,70.00,32.00,43.00,45.10,F,Pass,2026-27,Paid,,
STU01024,Karthik,Male,9,A,Tamil,67.40,53.00,39.00,58.00,51.30,D,Pass,2024-25,Paid,,
STU01025,Dinesh,Male,12,C,English,73.00,37.00,43.00,34.00,37.30,F,Fail,2025-26,Partial,,
STU01026,Rahul,Male,11,D,Science,89.40,75.00,50.00,82.00,71.00,B,Pass,2024-25,Paid,,
STU01027,Ananya,Female,7,A,Tamil,100.00,96.00,49.00,94.00,80.90,A,Pass,2024-25,Paid,,
STU01028,Divya,Female,7,A,Social Science,77.20,37.00,46.00,90.00,66.20,C,Pass,2024-25,Paid,,
STU01029,Divya,Female,7,A,Mathematics,84.70,51.00,38.00,60.00,51.60,D,Pass,2025-26,Paid,,
STU01030,Pranav,Male,11,C,Science,85.20,98.00,43.00,90.00,77.50,B,Pass,2025-26,Paid,,
STU01031,Keerthana,Female,7,C,Science,96.20,74.00,35.00,51.00,50.80,D,Pass,2026-27,Pending,,
STU01032,Pavithra,Female,9,C,Mathematics,92.70,48.00,49.00,74.00,61.30,C,Pass,2025-26,Paid,,
STU01033,Nivetha,Female,11,A,Science,83.30,100.00,38.00,100.00,81.40,A,Pass,2025-26,Pending,,
STU01034,Swetha,Female,6,A,English,84.30,76.00,43.00,48.00,52.10,D,Pass,2025-26,Paid,,
STU01035,Rahul,Male,11,C,Mathematics,87.30,36.00,40.00,26.00,32.20,F,Fail,2026-27,Pending,,
STU01036,Dinesh,Male,10,C,English,88.90,43.00,42.00,61.00,51.70,D,Pass,2026-27,Paid,,
STU01037,Karthik,Male,10,C,Social Science,99.10,44.00,48.00,78.00,62.20,C,Pass,2026-27,Pending,,
STU01038,Nivetha,Female,7,B,Tamil,76.00,98.00,45.00,30.00,48.10,F,Pass,2025-26,Pending,,
STU01039,Karthik,Male,9,B,Social Science,77.40,37.00,39.00,27.00,32.60,F,Fail,2026-27,Partial,,
STU01040,Dinesh,Male,8,B,Science,90.70,39.00,47.00,92.00,67.90,C,Pass,2024-25,Pending,,
STU01041,Karthik,Male,9,A,Science,80.70,79.00,42.00,35.00,45.90,F,Pass,2026-27,Pending,,
STU01042,Kavya,Female,6,D,Mathematics,74.10,93.00,45.00,40.00,52.10,D,Pass,2025-26,Partial,,
STU01043,Arun,Male,7,A,Tamil,100.00,90.00,37.00,46.00,52.10,D,Pass,2024-25,Paid,,
STU01044,Aishwarya,Female,6,A,Mathematics,100.00,40.00,33.00,31.00,33.40,F,Fail,2025-26,Paid,,
STU01045,Nivetha,Female,11,D,Mathematics,74.80,93.00,33.00,41.00,49.00,F,Pass,2025-26,Paid,,
STU01046,Pavithra,Female,11,A,Social Science,60.40,65.00,48.00,86.00,70.40,B,Pass,2026-27,Pending,,
STU01047,Nivetha,Female,12,D,English,96.30,45.00,41.00,96.00,69.30,C,Pass,2024-25,Partial,,
STU01048,Karthik,Male,6,D,Tamil,91.30,62.00,30.00,52.00,47.40,F,Pass,2025-26,Pending,,
STU01049,Dinesh,Male,6,C,English,88.60,100.00,40.00,64.00,64.00,C,Pass,2026-27,Pending,,
STU01050,Hari,Male,6,B,English,66.40,81.00,42.00,82.00,69.80,C,Pass,2026-27,Partial,,
STU01051,Ajay,Male,7,A,Mathematics,68.50,48.00,34.00,84.00,61.80,C,Pass,2024-25,Partial,,
STU01052,Rahul,Male,6,D,English,89.10,69.00,30.00,85.00,65.30,C,Pass,2026-27,Partial,,
STU01053,Nivetha,Female,8,A,Social Science,91.20,54.00,42.00,89.00,67.90,C,Pass,2025-26,Partial,,
STU01054,Ananya,Female,9,C,Mathematics,87.40,47.00,31.00,73.00,55.20,D,Pass,2026-27,Pending,,
STU01055,Sanjay,Male,7,D,English,71.80,98.00,46.00,80.00,73.40,B,Pass,2024-25,Partial,,
STU01056,Rahul,Male,6,B,Tamil,75.20,41.00,31.00,98.00,66.50,C,Pass,2025-26,Paid,,
STU01057,Hari,Male,6,C,English,93.50,86.00,42.00,75.00,67.30,C,Pass,2024-25,Paid,,
STU01058,Pavithra,Female,7,B,English,71.60,79.00,50.00,61.00,61.30,C,Pass,2026-27,Partial,,
STU01059,Ananya,Female,6,B,Social Science,93.70,74.00,37.00,46.00,48.90,F,Pass,2025-26,Partial,,
STU01060,Vijay,Male,7,C,Science,74.40,53.00,30.00,85.00,62.10,C,Pass,2025-26,Pending,,
STU01061,Vijay,Male,8,A,English,73.60,80.00,45.00,99.00,79.00,B,Pass,2024-25,Pending,,
STU01062,Dinesh,Male,6,A,Tamil,64.30,72.00,37.00,92.00,71.50,B,Pass,2026-27,Paid,,
STU01063,Karthik,Male,6,C,Mathematics,66.40,67.00,45.00,57.00,55.40,D,Pass,2025-26,Pending,,
STU01064,Pranav,Male,8,C,Social Science,86.80,96.00,33.00,59.00,58.60,D,Pass,2026-27,Partial,,
STU01065,Vijay,Male,9,B,English,80.40,90.00,41.00,51.00,55.80,D,Pass,2026-27,Paid,,
STU01066,Ajay,Male,11,A,Mathematics,84.00,92.00,46.00,47.00,55.70,D,Pass,2025-26,Partial,,
STU01067,Nivetha,Female,9,D,Mathematics,80.90,78.00,49.00,40.00,50.30,D,Pass,2025-26,Pending,,
STU01068,Harini,Female,6,A,Science,84.70,53.00,44.00,44.00,45.80,F,Pass,2026-27,Pending,,
STU01069,Sanjay,Male,9,C,Tamil,82.50,40.00,36.00,61.00,49.30,F,Pass,2026-27,Paid,,
STU01070,Dinesh,Male,8,A,Science,80.30,80.00,30.00,31.00,40.50,F,Pass,2025-26,Paid,,
STU01071,Harini,Female,12,B,Tamil,80.70,60.00,43.00,99.00,74.40,B,Pass,2024-25,Pending,,
STU01072,Arun,Male,9,C,English,76.60,84.00,43.00,76.00,67.70,C,Pass,2024-25,Pending,,
STU01073,Kavya,Female,8,B,Social Science,63.20,52.00,36.00,57.00,49.70,F,Pass,2024-25,Pending,,
STU01074,Sanjay,Male,8,A,Mathematics,90.00,94.00,47.00,48.00,56.90,D,Pass,2025-26,Pending,,
STU01075,Vijay,Male,10,D,Mathematics,66.80,80.00,44.00,70.00,64.20,C,Pass,2025-26,Pending,,
STU01076,Swetha,Female,9,A,Social Science,81.60,38.00,43.00,36.00,38.50,F,Fail,2024-25,Partial,,
STU01077,Priya,Female,10,C,English,66.40,72.00,31.00,75.00,61.20,C,Pass,2024-25,Pending,,
STU01078,Dinesh,Male,12,D,Tamil,67.20,45.00,31.00,59.00,47.80,F,Pass,2026-27,Paid,,
STU01079,Kavya,Female,6,C,Social Science,73.10,42.00,33.00,99.00,67.80,C,Pass,2026-27,Partial,,
STU01080,Rahul,Male,10,B,Social Science,83.00,98.00,34.00,53.00,56.30,D,Pass,2026-27,Partial,,
STU01081,Sanjay,Male,11,C,Tamil,86.80,60.00,33.00,33.00,38.40,F,Fail,2024-25,Paid,,
STU01082,Hari,Male,6,B,English,68.90,48.00,45.00,28.00,37.10,F,Fail,2026-27,Pending,,
STU01083,Ananya,Female,6,C,Science,75.70,65.00,47.00,58.00,56.10,D,Pass,2026-27,Partial,,
STU01084,Kavya,Female,6,D,English,82.70,37.00,35.00,43.00,39.40,F,Fail,2026-27,Partial,,
STU01085,Vijay,Male,10,B,Science,73.80,47.00,48.00,88.00,67.80,C,Pass,2025-26,Partial,,
STU01086,Swetha,Female,9,A,Science,83.00,88.00,43.00,43.00,52.00,D,Pass,2024-25,Pending,,
STU01087,Divya,Female,10,D,Tamil,79.70,91.00,31.00,70.00,62.50,C,Pass,2024-25,Pending,,
STU01088,Harini,Female,6,B,Mathematics,80.70,99.00,46.00,51.00,59.10,D,Pass,2025-26,Partial,,
STU01089,Aishwarya,Female,6,B,English,72.50,78.00,44.00,42.00,49.80,F,Pass,2025-26,Partial,,
STU01090,Swetha,Female,6,D,Science,94.80,95.00,49.00,48.00,57.70,D,Pass,2026-27,Partial,,
STU01091,Keerthana,Female,11,C,Social Science,90.90,86.00,32.00,30.00,41.80,F,Pass,2024-25,Partial,,
STU01092,Rahul,Male,6,A,Science,79.40,95.00,40.00,54.00,58.00,D,Pass,2026-27,Paid,,
STU01093,Vijay,Male,11,D,Science,85.20,67.00,33.00,29.00,37.80,F,Fail,2026-27,Paid,,
STU01094,Nivetha,Female,10,A,English,80.30,76.00,33.00,82.00,66.10,C,Pass,2025-26,Paid,,
STU01095,Rahul,Male,8,D,Science,78.90,55.00,43.00,92.00,69.90,C,Pass,2024-25,Paid,,
STU01096,Karthik,Male,7,A,English,75.60,35.00,41.00,77.00,57.80,D,Pass,2026-27,Partial,,
STU01097,Pranav,Male,7,D,English,88.40,95.00,46.00,70.00,67.80,C,Pass,2025-26,Partial,,
STU01098,Karthik,Male,9,D,Science,70.70,44.00,48.00,35.00,40.70,F,Pass,2024-25,Partial,,
STU01099,Divya,Female,6,D,English,93.80,37.00,37.00,62.00,49.50,F,Pass,2025-26,Pending,,
STU01100,Divya,Female,12,B,Mathematics,86.00,44.00,47.00,98.00,71.90,B,Pass,2024-25,Partial,,
STU01101,Swetha,Female,10,A,Social Science,80.40,95.00,38.00,28.00,44.40,F,Pass,2024-25,Pending,,
STU01102,Harini,Female,7,C,Tamil,77.40,52.00,36.00,95.00,68.70,C,Pass,2026-27,Pending,,
STU01103,Rahul,Male,9,A,Social Science,94.90,39.00,41.00,34.00,37.10,F,Fail,2025-26,Partial,,
STU01104,Hari,Male,9,B,Mathematics,73.20,40.00,33.00,29.00,32.40,F,Fail,2025-26,Partial,,
STU01105,Pranav,Male,9,D,Mathematics,86.00,64.00,30.00,32.00,37.80,F,Fail,2024-25,Paid,,
STU01106,Ananya,Female,10,D,Tamil,61.90,84.00,42.00,41.00,49.90,F,Pass,2025-26,Partial,,
STU01107,Aishwarya,Female,7,A,Science,92.20,82.00,41.00,49.00,53.20,D,Pass,2025-26,Pending,,
STU01108,Rahul,Male,7,A,Social Science,91.30,36.00,37.00,77.00,56.80,D,Pass,2026-27,Partial,,
STU01109,Arun,Male,12,B,Tamil,86.60,58.00,39.00,30.00,38.30,F,Fail,2025-26,Pending,,
STU01110,Sanjay,Male,7,D,Science,84.40,50.00,32.00,34.00,36.60,F,Fail,2025-26,Partial,,
STU01111,Dinesh,Male,11,C,English,74.00,81.00,47.00,62.00,61.30,C,Pass,2026-27,Paid,,
STU01112,Nivetha,Female,11,A,Tamil,84.90,79.00,43.00,87.00,72.20,B,Pass,2025-26,Paid,,
STU01113,Vijay,Male,12,B,Mathematics,81.70,82.00,34.00,29.00,41.10,F,Pass,2024-25,Partial,,
STU01114,Pavithra,Female,6,A,Science,75.10,39.00,38.00,60.00,49.20,F,Pass,2026-27,Pending,,
STU01115,Divya,Female,6,C,Social Science,80.50,83.00,42.00,81.00,69.70,C,Pass,2024-25,Paid,,
STU01116,Ajay,Male,7,D,Social Science,83.30,41.00,39.00,29.00,34.40,F,Fail,2026-27,Pending,,
STU01117,Madhan,Male,12,C,Mathematics,86.90,38.00,40.00,80.00,59.60,D,Pass,2025-26,Partial,,
STU01118,Karthik,Male,10,D,Mathematics,69.60,94.00,43.00,98.00,80.70,A,Pass,2026-27,Partial,,
STU01119,Keerthana,Female,9,D,English,83.20,70.00,32.00,56.00,51.60,D,Pass,2026-27,Pending,,
STU01120,Kavya,Female,9,A,Social Science,83.30,70.00,41.00,59.00,55.80,D,Pass,2026-27,Pending,,
STU01121,Karthik,Male,8,C,Mathematics,88.20,37.00,44.00,26.00,33.60,F,Fail,2025-26,Paid,,
STU01122,Pavithra,Female,11,B,Science,73.10,42.00,48.00,35.00,40.30,F,Pass,2025-26,Partial,,
STU01123,Divya,Female,9,B,Mathematics,82.80,98.00,34.00,54.00,56.80,D,Pass,2026-27,Paid,,
STU01124,Madhan,Male,11,A,English,74.00,49.00,50.00,29.00,39.30,F,Fail,2024-25,Partial,,
STU01125,Kavya,Female,8,A,Social Science,81.30,68.00,38.00,27.00,38.50,F,Fail,2026-27,Pending,,
STU01126,Madhan,Male,7,C,Tamil,78.50,44.00,46.00,81.00,63.10,C,Pass,2024-25,Partial,,
STU01127,Rahul,Male,7,C,Social Science,69.20,88.00,32.00,79.00,66.70,C,Pass,2025-26,Paid,,
STU01128,Pranav,Male,10,C,Mathematics,95.40,87.00,50.00,72.00,68.40,C,Pass,2025-26,Pending,,
STU01129,Vijay,Male,8,A,Mathematics,100.00,38.00,33.00,52.00,43.50,F,Pass,2025-26,Partial,,
STU01130,Priya,Female,9,A,English,72.70,83.00,50.00,35.00,49.10,F,Pass,2024-25,Paid,,
STU01131,Aishwarya,Female,11,A,Social Science,86.10,91.00,40.00,59.00,59.70,D,Pass,2024-25,Partial,,
STU01132,Priya,Female,8,B,Mathematics,69.00,64.00,44.00,65.00,58.50,D,Pass,2026-27,Paid,,
STU01133,Dinesh,Male,11,D,Mathematics,93.20,44.00,41.00,86.00,64.10,C,Pass,2026-27,Paid,,
STU01134,Swetha,Female,7,B,Social Science,88.20,66.00,43.00,99.00,75.60,B,Pass,2026-27,Paid,,
STU01135,Harini,Female,8,C,Tamil,91.10,53.00,48.00,88.00,69.00,C,Pass,2026-27,Paid,,
STU01136,Dinesh,Male,6,B,Tamil,87.10,88.00,38.00,95.00,76.50,B,Pass,2026-27,Pending,,
STU01137,Vijay,Male,12,A,Science,88.00,44.00,34.00,90.00,64.00,C,Pass,2026-27,Pending,,
STU01138,Nivetha,Female,7,D,Social Science,82.90,65.00,39.00,40.00,44.70,F,Pass,2025-26,Pending,,
STU01139,Arun,Male,6,C,Science,94.00,90.00,39.00,86.00,72.70,B,Pass,2026-27,Paid,,
STU01140,Madhan,Male,12,A,English,74.50,35.00,48.00,100.00,71.40,B,Pass,2025-26,Partial,,
STU01141,Swetha,Female,8,D,English,68.70,47.00,37.00,63.00,52.00,D,Pass,2025-26,Pending,,
STU01142,Madhan,Male,10,D,Mathematics,81.30,76.00,42.00,65.00,60.30,C,Pass,2024-25,Paid,,
STU01143,Rahul,Male,9,C,Social Science,88.30,79.00,39.00,46.00,50.50,D,Pass,2024-25,Pending,,
STU01144,Pavithra,Female,9,B,English,76.00,71.00,38.00,38.00,44.60,F,Pass,2024-25,Partial,,
STU01145,Keerthana,Female,6,B,Social Science,90.90,38.00,49.00,30.00,37.30,F,Fail,2026-27,Partial,,
STU01146,Arun,Male,9,A,Mathematics,67.80,61.00,39.00,98.00,72.90,B,Pass,2025-26,Partial,,
STU01147,Aishwarya,Female,7,D,Mathematics,95.80,50.00,44.00,80.00,63.20,C,Pass,2025-26,Pending,,
STU01148,Vijay,Male,8,A,Mathematics,74.20,45.00,37.00,34.00,37.10,F,Fail,2025-26,Paid,,
STU01149,Harini,Female,9,A,Mathematics,84.20,47.00,46.00,65.00,55.70,D,Pass,2024-25,Partial,,
STU01150,Arun,Male,7,B,Social Science,80.20,83.00,37.00,50.00,52.70,D,Pass,2025-26,Pending,,
STU01151,Dinesh,Male,12,B,Science,80.60,46.00,46.00,52.00,49.00,F,Pass,2024-25,Pending,,
STU01152,Dinesh,Male,10,B,English,88.50,39.00,43.00,58.00,49.70,F,Pass,2026-27,Pending,,
STU01153,Pranav,Male,9,B,Mathematics,93.00,97.00,45.00,75.00,70.40,B,Pass,2026-27,Pending,,
STU01154,Harini,Female,6,B,Tamil,64.80,71.00,43.00,82.00,68.10,C,Pass,2025-26,Paid,,
STU01155,Divya,Female,7,D,Mathematics,77.10,85.00,34.00,86.00,70.20,B,Pass,2025-26,Partial,,
STU01156,Priya,Female,6,C,Mathematics,74.20,99.00,36.00,77.00,69.10,C,Pass,2024-25,Partial,,
STU01157,Harini,Female,11,C,Science,73.60,86.00,38.00,31.00,44.10,F,Pass,2025-26,Pending,,
STU01158,Pranav,Male,11,A,Mathematics,88.80,92.00,43.00,53.00,57.80,D,Pass,2026-27,Paid,,
STU01159,Karthik,Male,10,C,English,80.40,37.00,42.00,36.00,38.00,F,Fail,2026-27,Pending,,
STU01160,Aishwarya,Female,6,A,Social Science,80.80,61.00,41.00,93.00,71.00,B,Pass,2024-25,Paid,,
STU01161,Priya,Female,8,B,Mathematics,78.60,66.00,30.00,29.00,36.70,F,Fail,2024-25,Partial,,
STU01162,Hari,Male,9,D,Tamil,88.10,55.00,39.00,63.00,54.20,D,Pass,2024-25,Paid,,
STU01163,Arun,Male,8,A,Science,79.00,69.00,32.00,34.00,40.40,F,Pass,2024-25,Partial,,
STU01164,Ananya,Female,6,B,Tamil,77.60,85.00,36.00,64.00,59.80,D,Pass,2025-26,Pending,,
STU01165,Sanjay,Male,8,D,English,100.00,95.00,42.00,62.00,62.60,C,Pass,2025-26,Paid,,
STU01166,Ajay,Male,10,C,Science,97.50,71.00,47.00,89.00,72.80,B,Pass,2024-25,Pending,,
STU01167,Dinesh,Male,11,D,Mathematics,83.30,92.00,37.00,98.00,78.50,B,Pass,2024-25,Pending,,
STU01168,Dinesh,Male,8,D,Social Science,66.20,48.00,50.00,64.00,56.60,D,Pass,2025-26,Paid,,
STU01169,Karthik,Male,10,B,English,89.70,66.00,32.00,43.00,44.30,F,Pass,2025-26,Partial,,
STU01170,Aishwarya,Female,11,B,Tamil,73.30,98.00,38.00,77.00,69.50,C,Pass,2025-26,Partial,,
STU01171,Keerthana,Female,6,C,Social Science,65.50,69.00,36.00,96.00,72.60,B,Pass,2025-26,Partial,,
STU01172,Nivetha,Female,11,B,Mathematics,70.20,94.00,45.00,90.00,77.30,B,Pass,2026-27,Partial,,
STU01173,Karthik,Male,9,A,Science,83.20,50.00,35.00,50.00,45.50,F,Pass,2025-26,Paid,,
STU01174,Ajay,Male,9,B,Social Science,83.20,97.00,34.00,95.00,77.10,B,Pass,2025-26,Pending,,
STU01175,Sanjay,Male,6,D,Mathematics,78.10,69.00,46.00,66.00,60.60,C,Pass,2026-27,Pending,,
STU01176,Vijay,Male,8,B,Social Science,61.80,82.00,46.00,57.00,58.70,D,Pass,2025-26,Pending,,
STU01177,Pranav,Male,11,B,English,63.40,36.00,40.00,78.00,58.20,D,Pass,2024-25,Paid,,
STU01178,Divya,Female,6,C,English,79.10,60.00,33.00,93.00,68.40,C,Pass,2025-26,Pending,,
STU01179,Arun,Male,10,D,Social Science,87.20,63.00,41.00,26.00,37.90,F,Fail,2024-25,Pending,,
STU01180,Swetha,Female,10,C,Mathematics,89.70,86.00,38.00,96.00,76.60,B,Pass,2026-27,Partial,,
STU01181,Karthik,Male,10,B,Tamil,81.00,68.00,48.00,38.00,47.00,F,Pass,2024-25,Partial,,
STU01182,Nivetha,Female,10,C,Social Science,74.00,95.00,36.00,46.00,52.80,D,Pass,2024-25,Paid,,
STU01183,Karthik,Male,12,B,English,92.40,76.00,32.00,31.00,40.30,F,Pass,2024-25,Partial,,
STU01184,Swetha,Female,11,D,Mathematics,99.50,73.00,46.00,40.00,48.40,F,Pass,2024-25,Partial,,
STU01185,Swetha,Female,12,D,Science,70.30,75.00,46.00,35.00,46.30,F,Pass,2026-27,Paid,,
STU01186,Sanjay,Male,11,B,Science,97.10,91.00,45.00,57.00,60.20,C,Pass,2026-27,Paid,,
STU01187,Nivetha,Female,7,A,Mathematics,92.60,79.00,43.00,52.00,54.70,D,Pass,2026-27,Partial,,
STU01188,Ajay,Male,8,B,Tamil,68.50,60.00,44.00,71.00,60.70,C,Pass,2026-27,Paid,,
STU01189,Madhan,Male,8,C,Tamil,100.00,99.00,30.00,59.00,58.30,D,Pass,2024-25,Partial,,
STU01190,Pavithra,Female,9,A,Mathematics,70.20,70.00,50.00,32.00,45.00,F,Pass,2026-27,Paid,,
STU01191,Kavya,Female,11,D,Science,89.70,48.00,31.00,72.00,54.90,D,Pass,2024-25,Partial,,
STU01192,Vijay,Male,12,B,Tamil,96.80,88.00,33.00,32.00,43.50,F,Pass,2025-26,Partial,,
STU01193,Pranav,Male,6,C,English,72.80,77.00,40.00,46.00,50.40,D,Pass,2026-27,Partial,,
STU01194,Aishwarya,Female,6,D,Science,68.50,42.00,32.00,49.00,42.50,F,Pass,2026-27,Paid,,
STU01195,Divya,Female,7,D,Tamil,80.90,99.00,43.00,47.00,56.20,D,Pass,2026-27,Partial,,
STU01196,Sanjay,Male,8,C,Tamil,88.60,78.00,44.00,97.00,77.30,B,Pass,2026-27,Paid,,
STU01197,Divya,Female,6,A,English,81.20,37.00,35.00,26.00,30.90,F,Fail,2024-25,Partial,,
STU01198,Pavithra,Female,6,B,Mathematics,75.60,59.00,34.00,64.00,54.00,D,Pass,2024-25,Pending,,
STU01199,Keerthana,Female,8,B,Social Science,79.10,59.00,38.00,50.00,48.20,F,Pass,2024-25,Pending,,
STU01200,Pavithra,Female,8,A,Science,88.60,80.00,48.00,71.00,65.90,C,Pass,2025-26,Partial,,
STU01201,Keerthana,Female,6,D,English,75.30,90.00,41.00,61.00,60.80,C,Pass,2024-25,Pending,,
STU01202,Divya,Female,10,B,Mathematics,80.40,62.00,44.00,58.00,54.60,D,Pass,2024-25,Paid,,
STU01203,Dinesh,Male,7,D,Social Science,76.30,39.00,40.00,38.00,38.80,F,Fail,2026-27,Pending,,
STU01204,Vijay,Male,9,D,Mathematics,93.50,78.00,50.00,37.00,49.10,F,Pass,2024-25,Pending,,
STU01205,Keerthana,Female,9,B,Tamil,69.20,90.00,42.00,85.00,73.10,B,Pass,2024-25,Pending,,
STU01206,Kavya,Female,8,D,Science,87.20,73.00,31.00,54.00,50.90,D,Pass,2026-27,Paid,,
STU01207,Swetha,Female,12,C,Social Science,80.00,100.00,35.00,63.00,62.00,C,Pass,2026-27,Partial,,
STU01208,Madhan,Male,12,B,English,83.40,77.00,31.00,36.00,42.70,F,Pass,2025-26,Paid,,
STU01209,Pavithra,Female,9,B,Science,87.60,57.00,39.00,64.00,55.10,D,Pass,2024-25,Paid,,
STU01210,Rahul,Male,9,A,English,82.00,54.00,47.00,72.00,60.90,C,Pass,2024-25,Pending,,
STU01211,Pranav,Male,6,D,Social Science,76.00,95.00,42.00,84.00,73.60,B,Pass,2026-27,Paid,,
STU01212,Ajay,Male,7,C,English,67.70,86.00,40.00,61.00,59.70,D,Pass,2026-27,Partial,,
STU01213,Kavya,Female,9,A,Mathematics,65.60,38.00,37.00,47.00,42.20,F,Pass,2024-25,Pending,,
STU01214,Nivetha,Female,10,A,Social Science,83.20,85.00,32.00,54.00,53.60,D,Pass,2024-25,Pending,,
STU01215,Arun,Male,7,C,Science,90.20,58.00,43.00,44.00,46.50,F,Pass,2025-26,Pending,,
STU01216,Pavithra,Female,6,C,Science,87.40,57.00,35.00,75.00,59.40,D,Pass,2026-27,Partial,,
STU01217,Dinesh,Male,12,A,Mathematics,80.20,86.00,30.00,45.00,48.70,F,Pass,2025-26,Paid,,
STU01218,Pavithra,Female,6,D,Science,77.70,89.00,31.00,63.00,58.60,D,Pass,2025-26,Pending,,
STU01219,Madhan,Male,12,D,Social Science,74.10,77.00,47.00,71.00,65.00,C,Pass,2024-25,Paid,,
STU01220,Aishwarya,Female,12,D,Tamil,90.10,54.00,30.00,68.00,53.80,D,Pass,2026-27,Partial,,
STU01221,Priya,Female,10,D,Science,89.80,50.00,45.00,83.00,65.00,C,Pass,2025-26,Paid,,
STU01222,Harini,Female,9,C,Mathematics,84.40,38.00,47.00,59.00,51.20,D,Pass,2024-25,Pending,,
STU01223,Swetha,Female,6,D,Mathematics,81.20,49.00,41.00,29.00,36.60,F,Fail,2026-27,Partial,,
STU01224,Priya,Female,7,A,Social Science,84.60,47.00,34.00,43.00,41.10,F,Pass,2026-27,Pending,,
STU01225,Harini,Female,8,D,Social Science,82.70,93.00,31.00,34.00,44.90,F,Pass,2025-26,Pending,,
STU01226,Vijay,Male,10,A,Science,100.00,100.00,32.00,68.00,63.60,C,Pass,2026-27,Partial,,
STU01227,Swetha,Female,9,A,English,89.30,45.00,43.00,39.00,41.40,F,Pass,2024-25,Partial,,
STU01228,Harini,Female,10,B,Tamil,79.60,82.00,48.00,85.00,73.30,B,Pass,2024-25,Pending,,
STU01229,Keerthana,Female,8,A,Social Science,76.90,71.00,38.00,25.00,38.10,F,Fail,2025-26,Paid,,
STU01230,Ajay,Male,11,B,Mathematics,85.80,69.00,44.00,65.00,59.50,D,Pass,2024-25,Paid,,
STU01231,Arun,Male,11,C,English,89.60,93.00,48.00,78.00,72.00,B,Pass,2026-27,Partial,,
STU01232,Aishwarya,Female,9,D,Social Science,85.20,36.00,40.00,68.00,53.20,D,Pass,2025-26,Pending,,
STU01233,Keerthana,Female,9,D,English,76.00,84.00,38.00,76.00,66.20,C,Pass,2024-25,Partial,,
STU01234,Dinesh,Male,10,C,Tamil,80.80,61.00,46.00,72.00,62.00,C,Pass,2025-26,Pending,,
STU01235,Pavithra,Female,11,D,Tamil,89.40,80.00,48.00,80.00,70.40,B,Pass,2025-26,Paid,,
STU01236,Aishwarya,Female,11,D,English,93.00,83.00,47.00,41.00,51.20,D,Pass,2025-26,Partial,,
STU01237,Karthik,Male,9,B,English,95.00,57.00,35.00,76.00,59.90,D,Pass,2026-27,Pending,,
STU01238,Priya,Female,9,C,Mathematics,81.40,81.00,50.00,38.00,50.20,D,Pass,2026-27,Partial,,
STU01239,Aishwarya,Female,10,D,English,89.40,94.00,39.00,82.00,71.50,B,Pass,2024-25,Paid,,
STU01240,Harini,Female,6,C,Science,73.00,57.00,33.00,74.00,58.30,D,Pass,2026-27,Partial,,
STU01241,Swetha,Female,9,B,Tamil,78.00,99.00,32.00,98.00,78.40,B,Pass,2026-27,Pending,,
STU01242,Pranav,Male,10,B,English,78.30,95.00,32.00,72.00,64.60,C,Pass,2024-25,Partial,,
STU01243,Aishwarya,Female,10,B,English,66.50,65.00,35.00,85.00,66.00,C,Pass,2026-27,Paid,,
STU01244,Keerthana,Female,8,A,Tamil,86.20,61.00,48.00,84.00,68.60,C,Pass,2025-26,Paid,,
STU01245,Priya,Female,12,B,Science,77.10,77.00,35.00,56.00,53.90,D,Pass,2025-26,Partial,,
STU01246,Arun,Male,11,A,Science,82.00,95.00,42.00,34.00,48.60,F,Pass,2025-26,Pending,,
STU01247,Madhan,Male,11,A,Science,66.00,72.00,42.00,30.00,42.00,F,Pass,2025-26,Pending,,
STU01248,Swetha,Female,12,A,Tamil,83.90,53.00,38.00,99.00,71.50,B,Pass,2024-25,Partial,,
STU01249,Pranav,Male,9,C,English,97.20,61.00,38.00,37.00,42.10,F,Pass,2025-26,Partial,,
STU01250,Dinesh,Male,11,D,English,72.70,68.00,40.00,62.00,56.60,D,Pass,2026-27,Pending,,
STU01251,Pavithra,Female,11,C,Social Science,81.60,52.00,34.00,91.00,66.10,C,Pass,2025-26,Paid,,
STU01252,Pranav,Male,10,C,Mathematics,84.70,74.00,35.00,97.00,73.80,B,Pass,2026-27,Pending,,
STU01253,Pavithra,Female,11,C,English,81.40,53.00,49.00,62.00,56.30,D,Pass,2025-26,Pending,,
STU01254,Arun,Male,12,B,Social Science,66.60,73.00,34.00,99.00,74.30,B,Pass,2024-25,Pending,,
STU01255,Aishwarya,Female,11,D,Science,77.50,79.00,50.00,44.00,52.80,D,Pass,2026-27,Partial,,
STU01256,Aishwarya,Female,8,D,Science,77.90,56.00,46.00,86.00,68.00,C,Pass,2024-25,Pending,,
STU01257,Ananya,Female,11,A,Mathematics,83.10,54.00,38.00,40.00,42.20,F,Pass,2026-27,Paid,,
STU01258,Pavithra,Female,9,A,Social Science,88.70,64.00,36.00,71.00,59.10,D,Pass,2026-27,Paid,,
STU01259,Divya,Female,8,A,Mathematics,70.30,45.00,31.00,82.00,59.30,D,Pass,2026-27,Partial,,
STU01260,Rahul,Male,8,B,English,77.90,64.00,44.00,47.00,49.50,F,Pass,2024-25,Partial,,
STU01261,Aishwarya,Female,8,A,English,79.70,51.00,46.00,63.00,55.50,D,Pass,2024-25,Paid,,
STU01262,Rahul,Male,10,D,Science,59.80,47.00,47.00,31.00,39.00,F,Fail,2025-26,Partial,,
STU01263,Rahul,Male,9,A,Science,87.70,62.00,49.00,87.00,70.60,B,Pass,2025-26,Partial,,
STU01264,Madhan,Male,9,A,Science,85.30,59.00,48.00,83.00,67.70,C,Pass,2024-25,Pending,,
STU01265,Kavya,Female,8,D,English,76.60,71.00,50.00,63.00,60.70,C,Pass,2025-26,Partial,,
STU01266,Pranav,Male,8,C,Science,92.10,49.00,35.00,87.00,63.80,C,Pass,2024-25,Pending,,
STU01267,Pavithra,Female,7,B,Tamil,83.00,47.00,44.00,68.00,56.60,D,Pass,2026-27,Partial,,
STU01268,Rahul,Male,12,A,English,67.10,62.00,39.00,89.00,68.60,C,Pass,2025-26,Pending,,
STU01269,Divya,Female,11,C,Social Science,85.70,76.00,35.00,49.00,50.20,D,Pass,2025-26,Paid,,
STU01270,Madhan,Male,11,B,Mathematics,96.50,95.00,50.00,78.00,73.00,B,Pass,2026-27,Pending,,
STU01271,Sanjay,Male,9,C,Mathematics,87.50,80.00,40.00,82.00,69.00,C,Pass,2025-26,Pending,,
STU01272,Swetha,Female,6,D,Tamil,89.10,87.00,41.00,42.00,50.70,D,Pass,2025-26,Pending,,
STU01273,Rahul,Male,7,C,Mathematics,83.10,89.00,42.00,66.00,63.40,C,Pass,2026-27,Partial,,
STU01274,Rahul,Male,10,D,Mathematics,80.10,48.00,32.00,56.00,47.20,F,Pass,2024-25,Pending,,
STU01275,Kavya,Female,9,A,Science,73.70,97.00,37.00,60.00,60.50,C,Pass,2026-27,Partial,,
STU01276,Ananya,Female,6,A,Mathematics,61.80,70.00,47.00,72.00,64.10,C,Pass,2025-26,Pending,,
STU01277,Dinesh,Male,7,A,Mathematics,98.10,54.00,34.00,100.00,71.00,B,Pass,2025-26,Partial,,
STU01278,Hari,Male,6,D,English,79.70,76.00,48.00,94.00,76.60,B,Pass,2026-27,Pending,,
STU01279,Ananya,Female,7,A,Mathematics,91.10,92.00,36.00,48.00,53.20,D,Pass,2025-26,Pending,,
STU01280,Dinesh,Male,8,C,English,79.50,68.00,38.00,27.00,38.50,F,Fail,2024-25,Paid,,
STU01281,Swetha,Female,9,D,Tamil,83.70,100.00,41.00,27.00,45.80,F,Pass,2026-27,Pending,,
STU01282,Hari,Male,12,C,Social Science,78.90,97.00,39.00,98.00,80.10,A,Pass,2025-26,Partial,,
STU01283,Karthik,Male,10,A,Social Science,84.40,100.00,32.00,98.00,78.60,B,Pass,2025-26,Partial,,
STU01284,Karthik,Male,12,D,Mathematics,69.90,94.00,44.00,44.00,54.00,D,Pass,2026-27,Pending,,
STU01285,Vijay,Male,11,C,Science,66.90,90.00,30.00,76.00,65.00,C,Pass,2026-27,Pending,,
STU01286,Madhan,Male,12,D,Tamil,79.30,36.00,37.00,66.00,51.30,D,Pass,2025-26,Paid,,
STU01287,Priya,Female,10,C,Social Science,67.70,80.00,48.00,44.00,52.40,D,Pass,2024-25,Paid,,
STU01288,Sanjay,Male,7,A,Tamil,85.90,40.00,34.00,94.00,65.20,C,Pass,2025-26,Paid,,
STU01289,Nivetha,Female,7,B,English,78.60,69.00,37.00,52.00,50.90,D,Pass,2025-26,Paid,,
STU01290,Dinesh,Male,6,D,Tamil,91.90,91.00,36.00,73.00,65.50,C,Pass,2024-25,Pending,,
STU01291,Swetha,Female,7,B,Science,77.60,57.00,46.00,99.00,74.70,B,Pass,2026-27,Partial,,
STU01292,Vijay,Male,12,B,Tamil,79.20,97.00,49.00,70.00,69.10,C,Pass,2026-27,Pending,,
STU01293,Priya,Female,7,A,Social Science,77.10,49.00,44.00,27.00,36.50,F,Fail,2024-25,Pending,,
STU01294,Swetha,Female,12,A,Mathematics,87.90,81.00,39.00,33.00,44.40,F,Pass,2025-26,Partial,,
STU01295,Priya,Female,11,A,Science,83.30,70.00,50.00,66.00,62.00,C,Pass,2024-25,Paid,,
STU01296,Vijay,Male,10,A,English,80.70,54.00,34.00,85.00,63.50,C,Pass,2024-25,Paid,,
STU01297,Sanjay,Male,8,D,English,76.60,54.00,35.00,71.00,56.80,D,Pass,2024-25,Paid,,
STU01298,Dinesh,Male,7,C,Science,85.00,82.00,38.00,66.00,60.80,C,Pass,2024-25,Paid,,
STU01299,Ananya,Female,9,A,English,84.60,83.00,49.00,92.00,77.30,B,Pass,2024-25,Paid,,
STU01300,Arun,Male,8,B,Tamil,80.40,88.00,32.00,39.00,46.70,F,Pass,2025-26,Pending,,
STU01301,Aishwarya,Female,9,B,Social Science,82.10,95.00,45.00,57.00,61.00,C,Pass,2024-25,Pending,,
STU01302,Kavya,Female,11,A,Science,81.60,98.00,48.00,50.00,59.00,D,Pass,2024-25,Paid,,
STU01303,Vijay,Male,7,A,Tamil,80.30,48.00,37.00,53.00,47.20,F,Pass,2025-26,Paid,,
STU01304,Nivetha,Female,11,D,Social Science,74.00,69.00,34.00,66.00,57.00,D,Pass,2025-26,Pending,,
STU01305,Madhan,Male,11,A,Science,70.00,58.00,30.00,43.00,42.10,F,Pass,2026-27,Paid,,
STU01306,Vijay,Male,9,C,Tamil,68.90,96.00,45.00,69.00,67.20,C,Pass,2024-25,Partial,,
STU01307,Pavithra,Female,7,D,Social Science,81.10,70.00,50.00,90.00,74.00,B,Pass,2025-26,Pending,,
STU01308,Sanjay,Male,8,D,Social Science,92.70,93.00,33.00,68.00,62.50,C,Pass,2026-27,Pending,,
STU01309,Pranav,Male,9,A,Social Science,87.00,93.00,33.00,40.00,48.50,F,Pass,2026-27,Partial,,
STU01310,Keerthana,Female,12,C,Mathematics,87.10,92.00,43.00,95.00,78.80,B,Pass,2024-25,Partial,,
STU01311,Ajay,Male,12,B,English,85.80,37.00,36.00,70.00,53.20,D,Pass,2026-27,Partial,,
STU01312,Madhan,Male,12,A,Social Science,76.00,81.00,47.00,54.00,57.30,D,Pass,2026-27,Partial,,
STU01313,Pranav,Male,7,A,English,68.90,63.00,34.00,94.00,69.80,C,Pass,2026-27,Pending,,
STU01314,Sanjay,Male,6,D,Mathematics,67.20,84.00,46.00,78.00,69.60,C,Pass,2025-26,Pending,,
STU01315,Keerthana,Female,11,C,Tamil,96.00,74.00,36.00,33.00,42.10,F,Pass,2024-25,Pending,,
STU01316,Vijay,Male,9,B,English,89.10,85.00,35.00,78.00,66.50,C,Pass,2025-26,Partial,,
STU01317,Rahul,Male,12,C,Tamil,85.60,52.00,42.00,40.00,43.00,F,Pass,2026-27,Partial,,
STU01318,Rahul,Male,9,B,Mathematics,100.00,76.00,30.00,40.00,44.20,F,Pass,2026-27,Pending,,
STU01319,Madhan,Male,9,B,Science,80.40,93.00,34.00,34.00,45.80,F,Pass,2026-27,Pending,,
STU01320,Ananya,Female,9,C,Tamil,86.90,94.00,43.00,99.00,81.20,A,Pass,2024-25,Partial,,
STU01321,Harini,Female,7,A,Tamil,95.60,81.00,37.00,88.00,71.30,B,Pass,2026-27,Pending,,
STU01322,Ananya,Female,11,A,Mathematics,81.80,70.00,38.00,90.00,70.40,B,Pass,2025-26,Pending,,
STU01323,Nivetha,Female,6,A,Tamil,79.40,98.00,37.00,100.00,80.70,A,Pass,2025-26,Partial,,
STU01324,Divya,Female,12,D,Social Science,70.80,83.00,49.00,91.00,76.80,B,Pass,2026-27,Pending,,
STU01325,Madhan,Male,6,A,Social Science,100.00,65.00,41.00,99.00,74.80,B,Pass,2026-27,Partial,,
STU01326,Swetha,Female,11,A,Mathematics,96.70,91.00,44.00,98.00,80.40,A,Pass,2026-27,Paid,,
STU01327,Swetha,Female,11,A,English,80.00,77.00,33.00,62.00,56.30,D,Pass,2025-26,Paid,,
STU01328,Harini,Female,8,C,Mathematics,81.10,66.00,38.00,82.00,65.60,C,Pass,2024-25,Pending,,
STU01329,Harini,Female,12,B,English,63.40,76.00,42.00,69.00,62.30,C,Pass,2024-25,Pending,,
STU01330,Pranav,Male,8,B,Mathematics,74.80,74.00,33.00,36.00,42.70,F,Pass,2026-27,Pending,,
STU01331,Kavya,Female,9,B,Science,87.80,97.00,41.00,68.00,65.70,C,Pass,2025-26,Pending,,
STU01332,Vijay,Male,8,A,Tamil,100.00,59.00,48.00,64.00,58.20,D,Pass,2026-27,Partial,,
STU01333,Aishwarya,Female,10,B,Science,79.10,46.00,32.00,76.00,56.80,D,Pass,2025-26,Paid,,
STU01334,Aishwarya,Female,8,D,English,79.30,84.00,33.00,62.00,57.70,D,Pass,2026-27,Partial,,
STU01335,Pranav,Male,7,D,Tamil,82.10,70.00,30.00,88.00,67.00,C,Pass,2024-25,Partial,,
STU01336,Rahul,Male,7,D,English,87.80,53.00,30.00,62.00,50.60,D,Pass,2024-25,Paid,,
STU01337,Pavithra,Female,9,B,Science,86.70,86.00,50.00,98.00,81.20,A,Pass,2025-26,Partial,,
STU01338,Nivetha,Female,12,C,Science,93.10,82.00,41.00,55.00,56.20,D,Pass,2025-26,Partial,,
STU01339,Divya,Female,11,B,Mathematics,100.00,66.00,47.00,99.00,76.80,B,Pass,2024-25,Paid,,
STU01340,Aishwarya,Female,8,A,Social Science,59.40,64.00,41.00,95.00,72.60,B,Pass,2024-25,Pending,,
STU01341,Kavya,Female,12,A,Science,73.40,90.00,32.00,46.00,50.60,D,Pass,2024-25,Partial,,
STU01342,Aishwarya,Female,11,A,Mathematics,74.00,96.00,34.00,33.00,45.90,F,Pass,2026-27,Pending,,
STU01343,Sanjay,Male,10,C,Tamil,79.40,52.00,42.00,52.00,49.00,F,Pass,2026-27,Pending,,
STU01344,Aishwarya,Female,11,C,Mathematics,70.70,64.00,48.00,90.00,72.20,B,Pass,2025-26,Paid,,
STU01345,Ananya,Female,10,A,Mathematics,67.30,44.00,49.00,33.00,40.00,F,Pass,2026-27,Pending,,
STU01346,Rahul,Male,7,B,English,73.00,38.00,50.00,88.00,66.60,C,Pass,2026-27,Paid,,
STU01347,Divya,Female,6,D,Social Science,77.40,87.00,42.00,85.00,72.50,B,Pass,2024-25,Pending,,
STU01348,Karthik,Male,8,C,English,67.50,90.00,38.00,88.00,73.40,B,Pass,2024-25,Paid,,
STU01349,Swetha,Female,7,B,Mathematics,96.10,78.00,44.00,37.00,47.30,F,Pass,2026-27,Pending,,
STU01350,Madhan,Male,6,A,Mathematics,80.70,47.00,35.00,25.00,32.40,F,Fail,2026-27,Paid,,
STU01351,Pranav,Male,9,C,Tamil,86.00,82.00,32.00,47.00,49.50,F,Pass,2024-25,Partial,,
STU01352,Keerthana,Female,10,B,Mathematics,69.70,47.00,34.00,72.00,55.60,D,Pass,2026-27,Paid,,
STU01353,Keerthana,Female,10,B,Science,84.80,50.00,39.00,62.00,52.70,D,Pass,2024-25,Pending,,
STU01354,Madhan,Male,10,B,Tamil,82.50,98.00,36.00,44.00,52.40,D,Pass,2026-27,Pending,,
STU01355,Aishwarya,Female,12,D,Science,96.00,43.00,40.00,56.00,48.60,F,Pass,2025-26,Paid,,
STU01356,Dinesh,Male,7,D,Tamil,76.90,80.00,31.00,86.00,68.30,C,Pass,2026-27,Partial,,
STU01357,Hari,Male,6,C,Social Science,67.60,85.00,47.00,50.00,56.10,D,Pass,2025-26,Pending,,
STU01358,Dinesh,Male,12,B,Mathematics,76.00,89.00,42.00,80.00,70.40,B,Pass,2025-26,Paid,,
STU01359,Ananya,Female,9,A,Mathematics,69.30,74.00,45.00,61.00,58.80,D,Pass,2026-27,Partial,,
STU01360,Hari,Male,12,A,English,76.90,46.00,39.00,100.00,70.90,B,Pass,2026-27,Partial,,
STU01361,Pranav,Male,11,A,Social Science,100.00,84.00,36.00,70.00,62.60,C,Pass,2026-27,Paid,,
STU01362,Aishwarya,Female,10,B,Social Science,86.60,82.00,31.00,52.00,51.70,D,Pass,2024-25,Pending,,
STU01363,Rahul,Male,11,C,Tamil,79.40,36.00,31.00,73.00,53.00,D,Pass,2024-25,Partial,,
STU01364,Sanjay,Male,6,B,Mathematics,70.60,57.00,42.00,54.00,51.00,D,Pass,2025-26,Pending,,
STU01365,Vijay,Male,7,B,Social Science,71.90,89.00,48.00,64.00,64.20,C,Pass,2024-25,Partial,,
STU01366,Swetha,Female,11,A,Science,64.00,87.00,42.00,60.00,60.00,C,Pass,2024-25,Pending,,
STU01367,Kavya,Female,6,D,Tamil,78.40,63.00,32.00,39.00,41.70,F,Pass,2024-25,Paid,,
STU01368,Divya,Female,7,C,English,71.70,67.00,42.00,61.00,56.50,D,Pass,2026-27,Pending,,
STU01369,Kavya,Female,8,A,Tamil,65.60,60.00,32.00,96.00,69.60,C,Pass,2025-26,Paid,,
STU01370,Hari,Male,6,D,Science,94.80,48.00,33.00,54.00,46.50,F,Pass,2024-25,Pending,,
STU01371,Karthik,Male,12,A,English,73.10,53.00,44.00,30.00,38.80,F,Fail,2026-27,Partial,,
STU01372,Rahul,Male,11,C,Tamil,85.80,36.00,34.00,68.00,51.40,D,Pass,2025-26,Paid,,
STU01373,Pavithra,Female,7,A,Science,64.30,99.00,32.00,53.00,55.90,D,Pass,2024-25,Partial,,
STU01374,Pranav,Male,11,D,Tamil,98.60,91.00,32.00,56.00,55.80,D,Pass,2026-27,Partial,,
STU01375,Aishwarya,Female,7,B,Social Science,85.30,43.00,43.00,91.00,67.00,C,Pass,2026-27,Paid,,
STU01376,Pranav,Male,8,A,English,81.20,48.00,37.00,25.00,33.20,F,Fail,2025-26,Paid,,
STU01377,Ajay,Male,12,A,English,82.20,44.00,30.00,85.00,60.30,C,Pass,2026-27,Partial,,
STU01378,Harini,Female,11,D,Science,79.30,65.00,45.00,57.00,55.00,D,Pass,2025-26,Partial,,
STU01379,Pavithra,Female,7,D,Social Science,87.20,71.00,50.00,47.00,52.70,D,Pass,2025-26,Pending,,
STU01380,Pranav,Male,11,A,Science,77.10,73.00,34.00,30.00,39.80,F,Fail,2025-26,Pending,,
STU01381,Ajay,Male,7,C,English,91.80,88.00,44.00,82.00,71.80,B,Pass,2025-26,Pending,,
STU01382,Nivetha,Female,8,C,Science,78.30,52.00,46.00,51.00,49.70,F,Pass,2024-25,Paid,,
STU01383,Madhan,Male,7,C,Science,65.80,87.00,41.00,64.00,61.70,C,Pass,2024-25,Pending,,
STU01384,Dinesh,Male,6,D,Mathematics,76.90,87.00,31.00,50.00,51.70,D,Pass,2024-25,Pending,,
STU01385,Ajay,Male,10,D,English,84.10,61.00,42.00,97.00,73.30,B,Pass,2026-27,Paid,,
STU01386,Kavya,Female,12,B,Science,81.20,60.00,34.00,77.00,60.70,C,Pass,2025-26,Pending,,
STU01387,Vijay,Male,12,D,Mathematics,68.90,39.00,33.00,33.00,34.20,F,Fail,2024-25,Paid,,
STU01388,Arun,Male,8,A,Mathematics,71.10,80.00,36.00,44.00,48.80,F,Pass,2024-25,Pending,,
STU01389,Pranav,Male,10,C,Social Science,91.00,78.00,35.00,62.00,57.10,D,Pass,2025-26,Paid,,
STU01390,Vijay,Male,7,D,Tamil,75.90,87.00,35.00,96.00,75.90,B,Pass,2026-27,Partial,,
STU01391,Harini,Female,11,B,Tamil,79.10,91.00,33.00,30.00,43.10,F,Pass,2024-25,Pending,,
STU01392,Swetha,Female,9,B,Tamil,77.20,81.00,44.00,99.00,78.90,B,Pass,2026-27,Paid,,
STU01393,Ananya,Female,9,C,Mathematics,100.00,43.00,35.00,42.00,40.10,F,Pass,2026-27,Pending,,
STU01394,Keerthana,Female,6,B,Mathematics,80.40,72.00,32.00,70.00,59.00,D,Pass,2026-27,Pending,,
STU01395,Madhan,Male,10,D,English,76.90,100.00,38.00,91.00,76.90,B,Pass,2024-25,Pending,,
STU01396,Keerthana,Female,6,B,Mathematics,87.70,68.00,44.00,80.00,66.80,C,Pass,2025-26,Paid,,
STU01397,Pavithra,Female,11,A,Mathematics,77.00,36.00,48.00,27.00,35.10,F,Fail,2025-26,Pending,,
STU01398,Dinesh,Male,9,D,Tamil,80.30,69.00,42.00,67.00,59.90,D,Pass,2025-26,Partial,,
STU01399,Swetha,Female,11,C,English,96.90,59.00,45.00,61.00,55.80,D,Pass,2025-26,Paid,,
STU01400,Divya,Female,12,C,Social Science,76.40,49.00,30.00,41.00,39.30,F,Fail,2024-25,Paid,,
STU01401,Vijay,Male,8,A,English,75.40,46.00,32.00,26.00,31.80,F,Fail,2026-27,Paid,,
STU01402,Kavya,Female,6,B,Social Science,78.80,93.00,50.00,67.00,67.10,C,Pass,2026-27,Paid,,
STU01403,Arun,Male,11,B,English,100.00,58.00,32.00,36.00,39.20,F,Fail,2024-25,Pending,,
STU01404,Rahul,Male,6,A,Science,70.70,76.00,50.00,92.00,76.20,B,Pass,2024-25,Pending,,
STU01405,Dinesh,Male,10,B,Science,78.40,42.00,44.00,48.00,45.60,F,Pass,2026-27,Paid,,
STU01406,Vijay,Male,7,C,English,96.60,59.00,33.00,34.00,38.70,F,Fail,2024-25,Paid,,
STU01407,Priya,Female,7,D,Social Science,79.00,71.00,36.00,79.00,64.50,C,Pass,2025-26,Pending,,
STU01408,Hari,Male,6,C,Mathematics,91.90,55.00,32.00,32.00,36.60,F,Fail,2024-25,Pending,,
STU01409,Ananya,Female,10,D,Tamil,72.20,92.00,30.00,36.00,45.40,F,Pass,2025-26,Partial,,
STU01410,Kavya,Female,11,A,Social Science,63.00,68.00,40.00,82.00,66.60,C,Pass,2025-26,Partial,,
STU01411,Nivetha,Female,9,C,Science,67.50,59.00,37.00,100.00,72.90,B,Pass,2024-25,Paid,,
STU01412,Swetha,Female,9,D,Mathematics,100.00,86.00,44.00,84.00,72.40,B,Pass,2025-26,Paid,,
STU01413,Ajay,Male,9,A,English,84.30,54.00,42.00,71.00,58.90,D,Pass,2024-25,Pending,,
STU01414,Vijay,Male,10,B,English,72.50,47.00,30.00,75.00,55.90,D,Pass,2025-26,Paid,,
STU01415,Nivetha,Female,7,A,Science,75.40,70.00,37.00,49.00,49.60,F,Pass,2025-26,Partial,,
STU01416,Swetha,Female,9,B,Science,87.30,42.00,41.00,38.00,39.70,F,Fail,2024-25,Pending,,
STU01417,Kavya,Female,8,B,English,70.40,62.00,43.00,87.00,68.80,C,Pass,2024-25,Pending,,
STU01418,Pranav,Male,11,C,Social Science,80.60,89.00,49.00,40.00,52.50,D,Pass,2026-27,Paid,,
STU01419,Nivetha,Female,11,C,English,63.90,43.00,30.00,82.00,58.60,D,Pass,2025-26,Pending,,
STU01420,Rahul,Male,8,B,Mathematics,100.00,95.00,38.00,96.00,78.40,B,Pass,2025-26,Partial,,
STU01421,Priya,Female,7,C,Social Science,89.10,65.00,37.00,87.00,67.60,C,Pass,2026-27,Pending,,
STU01422,Pranav,Male,10,A,Science,80.70,53.00,49.00,66.00,58.30,D,Pass,2024-25,Partial,,
STU01423,Pavithra,Female,10,C,Tamil,65.50,70.00,34.00,71.00,59.70,D,Pass,2024-25,Pending,,
STU01424,Rahul,Male,11,A,Mathematics,87.40,80.00,49.00,86.00,73.70,B,Pass,2026-27,Paid,,
STU01425,Nivetha,Female,9,C,Social Science,87.00,59.00,49.00,40.00,46.50,F,Pass,2025-26,Partial,,
STU01426,Rahul,Male,10,C,English,77.50,83.00,43.00,26.00,42.50,F,Pass,2025-26,Pending,,
STU01427,Vijay,Male,8,A,Tamil,72.20,45.00,41.00,84.00,63.30,C,Pass,2024-25,Pending,,
STU01428,Aishwarya,Female,7,D,Mathematics,68.20,48.00,38.00,83.00,62.50,C,Pass,2025-26,Paid,,
STU01429,Harini,Female,7,B,Mathematics,86.90,76.00,47.00,86.00,72.30,B,Pass,2025-26,Paid,,
STU01430,Swetha,Female,10,A,Science,80.60,76.00,42.00,47.00,51.30,D,Pass,2025-26,Partial,,
STU01431,Sanjay,Male,8,A,Social Science,96.90,51.00,45.00,33.00,40.20,F,Pass,2024-25,Paid,,
STU01432,Karthik,Male,10,B,English,87.50,46.00,41.00,70.00,56.50,D,Pass,2025-26,Paid,,
STU01433,Nivetha,Female,12,A,Science,79.10,88.00,50.00,75.00,70.10,B,Pass,2026-27,Paid,,
STU01434,Rahul,Male,9,B,Tamil,84.10,68.00,37.00,55.00,52.20,D,Pass,2024-25,Partial,,
STU01435,Arun,Male,11,B,Science,88.80,64.00,34.00,42.00,44.00,F,Pass,2026-27,Pending,,
STU01436,Swetha,Female,12,D,Tamil,83.90,100.00,39.00,88.00,75.70,B,Pass,2024-25,Partial,,
STU01437,Aishwarya,Female,6,A,English,76.20,97.00,30.00,69.00,62.90,C,Pass,2026-27,Paid,,
STU01438,Aishwarya,Female,12,B,Science,78.30,62.00,34.00,93.00,69.10,C,Pass,2024-25,Partial,,
STU01439,Harini,Female,10,C,Social Science,67.50,67.00,40.00,50.00,50.40,D,Pass,2025-26,Pending,,
STU01440,Divya,Female,11,C,Science,94.20,38.00,44.00,90.00,65.80,C,Pass,2025-26,Paid,,
STU01441,Karthik,Male,6,D,Tamil,81.10,60.00,48.00,63.00,57.90,D,Pass,2026-27,Partial,,
STU01442,Madhan,Male,12,C,Mathematics,61.70,94.00,31.00,54.00,55.10,D,Pass,2026-27,Pending,,
STU01443,Hari,Male,6,C,Tamil,83.30,77.00,36.00,88.00,70.20,B,Pass,2026-27,Pending,,
STU01444,Pavithra,Female,9,B,Science,88.20,96.00,47.00,61.00,63.80,C,Pass,2026-27,Paid,,
STU01445,Madhan,Male,6,A,Tamil,67.60,70.00,30.00,63.00,54.50,D,Pass,2025-26,Pending,,
STU01446,Karthik,Male,6,C,English,68.60,59.00,43.00,72.00,60.70,C,Pass,2024-25,Pending,,
STU01447,Ananya,Female,8,A,Tamil,79.50,61.00,33.00,28.00,36.10,F,Fail,2025-26,Paid,,
STU01448,Karthik,Male,6,B,Science,89.40,69.00,38.00,27.00,38.70,F,Fail,2026-27,Partial,,
STU01449,Divya,Female,11,B,English,95.80,38.00,31.00,88.00,60.90,C,Pass,2025-26,Pending,,
STU01450,Keerthana,Female,6,A,Tamil,88.00,70.00,39.00,86.00,68.70,C,Pass,2024-25,Pending,,
STU01451,Sanjay,Male,12,B,English,75.30,40.00,48.00,80.00,62.40,C,Pass,2026-27,Partial,,
STU01452,Priya,Female,11,A,Mathematics,65.10,81.00,32.00,72.00,61.80,C,Pass,2025-26,Pending,,
STU01453,Pranav,Male,11,C,Social Science,73.50,79.00,43.00,47.00,52.20,D,Pass,2026-27,Pending,,
STU01454,Pavithra,Female,8,C,English,79.80,98.00,47.00,77.00,72.20,B,Pass,2025-26,Pending,,
STU01455,Madhan,Male,8,B,Mathematics,94.80,92.00,47.00,46.00,55.50,D,Pass,2024-25,Pending,,
STU01456,Madhan,Male,8,B,Social Science,75.40,52.00,36.00,75.00,58.70,D,Pass,2024-25,Pending,,
STU01457,Hari,Male,10,A,Social Science,82.70,56.00,37.00,67.00,55.80,D,Pass,2025-26,Paid,,
STU01458,Nivetha,Female,10,D,Social Science,82.50,85.00,37.00,98.00,77.10,B,Pass,2025-26,Partial,,
STU01459,Divya,Female,7,D,English,92.70,59.00,30.00,89.00,65.30,C,Pass,2024-25,Pending,,
STU01460,Karthik,Male,11,C,English,63.70,86.00,39.00,51.00,54.40,D,Pass,2026-27,Partial,,
STU01461,Rahul,Male,6,A,Tamil,80.10,44.00,32.00,57.00,46.90,F,Pass,2025-26,Paid,,
STU01462,Nivetha,Female,11,D,Tamil,88.50,73.00,40.00,74.00,63.60,C,Pass,2025-26,Paid,,
STU01463,Swetha,Female,10,D,Social Science,69.40,39.00,45.00,65.00,53.80,D,Pass,2025-26,Paid,,
STU01464,Pavithra,Female,12,D,Social Science,73.70,47.00,43.00,100.00,72.30,B,Pass,2026-27,Pending,,
STU01465,Ananya,Female,9,A,Science,82.20,67.00,47.00,36.00,45.50,F,Pass,2024-25,Paid,,
STU01466,Dinesh,Male,9,C,English,77.70,95.00,31.00,66.00,61.30,C,Pass,2025-26,Partial,,
STU01467,Priya,Female,10,D,Tamil,87.20,38.00,46.00,81.00,61.90,C,Pass,2024-25,Partial,,
STU01468,Dinesh,Male,8,D,Social Science,82.30,41.00,38.00,99.00,69.10,C,Pass,2024-25,Partial,,
STU01469,Keerthana,Female,9,C,English,95.10,89.00,33.00,44.00,49.70,F,Pass,2024-25,Paid,,
STU01470,Pavithra,Female,7,A,Science,85.40,57.00,42.00,30.00,39.00,F,Fail,2025-26,Paid,,
STU01471,Pranav,Male,12,D,English,77.90,49.00,33.00,46.00,42.70,F,Pass,2024-25,Paid,,
STU01472,Dinesh,Male,9,C,Science,64.30,37.00,46.00,72.00,57.20,D,Pass,2026-27,Partial,,
STU01473,Ajay,Male,9,A,Mathematics,67.70,43.00,32.00,36.00,36.20,F,Fail,2025-26,Partial,,
STU01474,Pavithra,Female,9,B,English,88.10,50.00,30.00,45.00,41.50,F,Pass,2024-25,Partial,,
STU01475,Rahul,Male,9,C,Social Science,81.70,58.00,48.00,77.00,64.50,C,Pass,2024-25,Partial,,
STU01476,Rahul,Male,7,B,Mathematics,85.70,52.00,42.00,26.00,36.00,F,Fail,2025-26,Paid,,
STU01477,Karthik,Male,10,C,Social Science,73.70,52.00,40.00,56.00,50.40,D,Pass,2025-26,Paid,,
STU01478,Dinesh,Male,9,D,English,80.40,47.00,35.00,74.00,56.90,D,Pass,2026-27,Partial,,
STU01479,Vijay,Male,11,B,Social Science,92.30,96.00,46.00,34.00,50.00,D,Pass,2026-27,Paid,,
STU01480,Ajay,Male,12,C,English,95.40,68.00,43.00,32.00,42.50,F,Pass,2025-26,Paid,,
STU01481,Swetha,Female,6,B,Mathematics,71.40,63.00,34.00,86.00,65.80,C,Pass,2026-27,Partial,,
STU01482,Keerthana,Female,7,C,Science,90.70,44.00,43.00,28.00,35.70,F,Fail,2025-26,Paid,,
STU01483,Vijay,Male,12,A,Mathematics,80.60,78.00,39.00,93.00,73.80,B,Pass,2026-27,Pending,,
STU01484,Pavithra,Female,10,D,Science,90.00,52.00,45.00,68.00,57.90,D,Pass,2024-25,Partial,,
STU01485,Nivetha,Female,10,A,Mathematics,65.90,71.00,49.00,90.00,73.90,B,Pass,2024-25,Pending,,
STU01486,Priya,Female,10,B,Mathematics,65.10,74.00,36.00,67.00,59.10,D,Pass,2026-27,Partial,,
STU01487,Harini,Female,8,D,English,84.40,52.00,39.00,49.00,46.60,F,Pass,2026-27,Partial,,
STU01488,Aishwarya,Female,10,C,English,61.10,94.00,48.00,91.00,78.70,B,Pass,2024-25,Paid,,
STU01489,Priya,Female,7,C,English,95.80,82.00,37.00,75.00,65.00,C,Pass,2025-26,Partial,,
STU01490,Kavya,Female,9,C,English,70.20,67.00,49.00,34.00,45.10,F,Pass,2025-26,Paid,,
STU01491,Aishwarya,Female,9,A,Tamil,90.70,98.00,44.00,95.00,80.30,A,Pass,2026-27,Pending,,
STU01492,Priya,Female,8,A,Science,100.00,97.00,49.00,38.00,53.10,D,Pass,2025-26,Pending,,
STU01493,Nivetha,Female,6,B,English,94.10,41.00,31.00,33.00,34.00,F,Fail,2025-26,Paid,,
STU01494,Keerthana,Female,12,A,Science,93.80,61.00,31.00,97.00,70.00,B,Pass,2024-25,Paid,,
STU01495,Pranav,Male,10,C,Mathematics,75.50,69.00,47.00,70.00,62.90,C,Pass,2024-25,Paid,,
STU01496,Hari,Male,10,C,English,85.10,56.00,42.00,51.00,49.30,F,Pass,2026-27,Partial,,
STU01497,Vijay,Male,6,C,Science,87.30,87.00,37.00,55.00,56.00,D,Pass,2025-26,Partial,,
STU01498,Vijay,Male,7,C,Tamil,87.30,35.00,37.00,64.00,50.10,D,Pass,2025-26,Partial,,
STU01499,Pavithra,Female,7,B,Tamil,87.90,91.00,44.00,44.00,53.40,D,Pass,2026-27,Pending,,
STU01500,Ananya,Female,10,C,English,73.60,97.00,43.00,92.00,78.30,B,Pass,2025-26,Pending,,
STU01501,Dinesh,Male,10,D,Science,74.40,44.00,49.00,73.00,60.00,C,Pass,2024-25,Pending,,
STU01502,Rahul,Male,8,C,Science,76.00,70.00,37.00,62.00,56.10,D,Pass,2024-25,Pending,,
STU01503,Ananya,Female,11,B,Tamil,64.90,84.00,48.00,69.00,65.70,C,Pass,2025-26,Pending,,
STU01504,Dinesh,Male,9,D,Science,87.30,46.00,43.00,57.00,50.60,D,Pass,2025-26,Paid,,
STU01505,Nivetha,Female,8,D,English,91.60,60.00,31.00,73.00,57.80,D,Pass,2025-26,Paid,,
STU01506,Karthik,Male,11,B,Tamil,99.10,41.00,38.00,35.00,37.10,F,Fail,2026-27,Pending,,
STU01507,Keerthana,Female,8,B,Science,78.00,64.00,43.00,64.00,57.70,D,Pass,2024-25,Partial,,
STU01508,Rahul,Male,12,A,Social Science,100.00,41.00,48.00,47.00,46.10,F,Pass,2025-26,Partial,,
STU01509,Swetha,Female,7,B,Tamil,84.30,44.00,32.00,37.00,36.90,F,Fail,2025-26,Paid,,
STU01510,Dinesh,Male,10,C,English,75.80,54.00,47.00,48.00,48.90,F,Pass,2024-25,Paid,,
STU01511,Keerthana,Female,12,C,Social Science,86.60,42.00,42.00,42.00,42.00,F,Pass,2024-25,Paid,,
STU01512,Keerthana,Female,12,B,English,71.10,82.00,48.00,60.00,60.80,C,Pass,2025-26,Paid,,
STU01513,Keerthana,Female,11,A,English,89.20,40.00,32.00,73.00,54.10,D,Pass,2024-25,Paid,,
STU01514,Pavithra,Female,10,D,Science,93.60,86.00,46.00,84.00,73.00,B,Pass,2026-27,Partial,,
STU01515,Kavya,Female,10,D,Mathematics,71.90,99.00,45.00,41.00,53.80,D,Pass,2024-25,Paid,,
STU01516,Madhan,Male,8,C,Tamil,80.50,87.00,42.00,73.00,66.50,C,Pass,2025-26,Pending,,
STU01517,Pranav,Male,9,B,Tamil,85.70,53.00,44.00,100.00,73.80,B,Pass,2026-27,Paid,,
STU01518,Swetha,Female,7,B,Tamil,98.90,64.00,44.00,57.00,54.50,D,Pass,2025-26,Pending,,
STU01519,Pavithra,Female,8,B,Science,99.30,66.00,34.00,37.00,41.90,F,Pass,2025-26,Pending,,
STU01520,Pranav,Male,9,D,Science,100.00,44.00,49.00,62.00,54.50,D,Pass,2025-26,Partial,,
STU01521,Ananya,Female,12,D,Tamil,78.10,99.00,35.00,26.00,43.30,F,Pass,2024-25,Paid,,
STU01522,Ananya,Female,6,B,Social Science,87.20,82.00,30.00,82.00,66.40,C,Pass,2025-26,Pending,,
STU01523,Nivetha,Female,10,C,Mathematics,69.90,50.00,44.00,87.00,66.70,C,Pass,2025-26,Partial,,
STU01524,Hari,Male,11,A,English,95.30,83.00,40.00,81.00,69.10,C,Pass,2026-27,Partial,,
STU01525,Keerthana,Female,7,B,Tamil,76.00,63.00,31.00,30.00,36.90,F,Fail,2025-26,Paid,,
STU01526,Rahul,Male,9,B,Science,76.60,54.00,43.00,95.00,71.20,B,Pass,2026-27,Pending,,
STU01527,Arun,Male,6,B,Tamil,80.90,43.00,37.00,84.00,61.70,C,Pass,2024-25,Partial,,
STU01528,Divya,Female,6,D,Mathematics,93.40,82.00,45.00,58.00,58.90,D,Pass,2026-27,Partial,,
STU01529,Nivetha,Female,10,B,Social Science,74.00,66.00,37.00,27.00,37.80,F,Fail,2025-26,Pending,,
STU01530,Nivetha,Female,10,C,Science,81.00,86.00,31.00,100.00,76.50,B,Pass,2025-26,Pending,,
STU01531,Vijay,Male,10,B,English,87.50,54.00,33.00,94.00,67.70,C,Pass,2026-27,Pending,,
STU01532,Swetha,Female,9,C,Mathematics,76.80,45.00,37.00,45.00,42.60,F,Pass,2026-27,Pending,,
STU01533,Pranav,Male,6,D,Science,84.30,95.00,30.00,67.00,61.50,C,Pass,2025-26,Paid,,
STU01534,Priya,Female,9,D,Science,76.70,62.00,42.00,80.00,65.00,C,Pass,2024-25,Pending,,
STU01535,Madhan,Male,12,B,Mathematics,86.80,83.00,32.00,37.00,44.70,F,Pass,2024-25,Paid,,
STU01536,Vijay,Male,10,D,Science,89.50,46.00,50.00,44.00,46.20,F,Pass,2024-25,Paid,,
STU01537,Keerthana,Female,6,B,Mathematics,91.50,80.00,48.00,36.00,48.40,F,Pass,2024-25,Paid,,
STU01538,Nivetha,Female,6,A,Social Science,81.00,45.00,31.00,25.00,30.80,F,Fail,2024-25,Paid,,
STU01539,Pavithra,Female,6,C,Social Science,77.10,44.00,49.00,61.00,54.00,D,Pass,2024-25,Paid,,
STU01540,Kavya,Female,12,C,English,100.00,100.00,33.00,88.00,73.90,B,Pass,2026-27,Paid,,
STU01541,Ananya,Female,9,C,English,75.80,80.00,46.00,64.00,61.80,C,Pass,2025-26,Partial,,
STU01542,Swetha,Female,12,B,Mathematics,64.80,76.00,36.00,55.00,53.50,D,Pass,2025-26,Paid,,
STU01543,Arun,Male,6,A,Social Science,86.00,92.00,34.00,44.00,50.60,D,Pass,2026-27,Paid,,
STU01544,Nivetha,Female,11,C,Social Science,78.00,65.00,45.00,80.00,66.50,C,Pass,2025-26,Paid,,
STU01545,Priya,Female,9,A,Mathematics,85.60,43.00,31.00,29.00,32.40,F,Fail,2025-26,Pending,,
STU01546,Dinesh,Male,9,D,Mathematics,87.40,92.00,34.00,66.00,61.60,C,Pass,2026-27,Partial,,
STU01547,Nivetha,Female,12,B,Tamil,86.10,67.00,43.00,36.00,44.30,F,Pass,2025-26,Pending,,
STU01548,Arun,Male,7,B,Social Science,77.60,98.00,38.00,50.00,56.00,D,Pass,2026-27,Paid,,
STU01549,Ananya,Female,12,A,Mathematics,77.70,82.00,40.00,25.00,40.90,F,Pass,2024-25,Pending,,
STU01550,Rahul,Male,7,C,Social Science,64.60,70.00,46.00,75.00,65.30,C,Pass,2026-27,Partial,,
STU01551,Ajay,Male,12,A,Science,95.00,72.00,47.00,83.00,70.00,B,Pass,2024-25,Pending,,
STU01552,Ananya,Female,9,A,Science,79.00,88.00,44.00,98.00,79.80,B,Pass,2024-25,Pending,,
STU01553,Dinesh,Male,8,C,Tamil,88.00,67.00,42.00,58.00,55.00,D,Pass,2024-25,Partial,,
STU01554,Arun,Male,7,D,English,68.40,85.00,30.00,80.00,66.00,C,Pass,2024-25,Paid,,
STU01555,Aishwarya,Female,12,D,Tamil,57.30,74.00,49.00,31.00,45.00,F,Pass,2025-26,Partial,,
STU01556,Hari,Male,11,C,Tamil,81.70,65.00,42.00,96.00,73.60,B,Pass,2026-27,Pending,,
STU01557,Hari,Male,11,B,Tamil,80.40,66.00,45.00,27.00,40.20,F,Pass,2024-25,Paid,,
STU01558,Keerthana,Female,11,C,Mathematics,78.30,88.00,35.00,79.00,67.60,C,Pass,2024-25,Partial,,
STU01559,Pranav,Male,6,C,Mathematics,97.30,43.00,32.00,44.00,40.20,F,Pass,2024-25,Paid,,
STU01560,Karthik,Male,12,C,English,81.80,49.00,44.00,68.00,57.00,D,Pass,2024-25,Partial,,
STU01561,Aishwarya,Female,6,D,Social Science,81.30,46.00,41.00,47.00,45.00,F,Pass,2025-26,Paid,,
STU01562,Ananya,Female,10,A,Tamil,86.10,55.00,34.00,68.00,55.20,D,Pass,2024-25,Partial,,
STU01563,Dinesh,Male,12,C,Tamil,76.70,90.00,33.00,90.00,72.90,B,Pass,2025-26,Paid,,
STU01564,Rahul,Male,10,D,Social Science,90.40,43.00,37.00,88.00,63.70,C,Pass,2026-27,Pending,,
STU01565,Nivetha,Female,11,C,English,84.20,59.00,30.00,98.00,69.80,C,Pass,2025-26,Paid,,
STU01566,Nivetha,Female,9,A,Mathematics,80.40,94.00,32.00,42.00,49.40,F,Pass,2024-25,Partial,,
STU01567,Madhan,Male,7,D,Science,70.00,78.00,33.00,29.00,40.00,F,Pass,2026-27,Pending,,
STU01568,Sanjay,Male,10,D,Mathematics,77.80,39.00,33.00,32.00,33.70,F,Fail,2025-26,Partial,,
STU01569,Sanjay,Male,12,D,English,78.30,44.00,46.00,71.00,58.10,D,Pass,2024-25,Pending,,
STU01570,Harini,Female,9,A,Tamil,100.00,71.00,40.00,48.00,50.20,D,Pass,2026-27,Paid,,
STU01571,Hari,Male,10,A,Mathematics,100.00,77.00,40.00,40.00,47.40,F,Pass,2024-25,Partial,,
STU01572,Madhan,Male,12,A,English,99.70,41.00,38.00,64.00,51.60,D,Pass,2026-27,Partial,,
STU01573,Hari,Male,10,C,Social Science,79.50,86.00,31.00,64.00,58.50,D,Pass,2025-26,Paid,,
STU01574,Harini,Female,11,A,English,78.10,43.00,33.00,100.00,68.50,C,Pass,2024-25,Paid,,
STU01575,Ananya,Female,9,C,Science,74.40,66.00,32.00,67.00,56.30,D,Pass,2024-25,Paid,,
STU01576,Arun,Male,9,B,English,80.00,56.00,46.00,55.00,52.50,D,Pass,2025-26,Paid,,
STU01577,Kavya,Female,12,B,Science,78.70,62.00,49.00,74.00,64.10,C,Pass,2024-25,Partial,,
STU01578,Nivetha,Female,7,D,Social Science,81.00,87.00,48.00,61.00,62.30,C,Pass,2025-26,Paid,,
STU01579,Ajay,Male,8,D,Tamil,92.10,59.00,38.00,41.00,43.70,F,Pass,2026-27,Paid,,
STU01580,Rahul,Male,7,A,English,80.60,66.00,31.00,34.00,39.50,F,Fail,2026-27,Pending,,
STU01581,Rahul,Male,8,A,Social Science,88.90,49.00,30.00,77.00,57.30,D,Pass,2024-25,Pending,,
STU01582,Dinesh,Male,7,B,Tamil,82.10,82.00,40.00,77.00,66.90,C,Pass,2025-26,Partial,,
STU01583,Pavithra,Female,11,B,English,84.50,66.00,45.00,87.00,70.20,B,Pass,2025-26,Pending,,
STU01584,Sanjay,Male,6,D,Science,91.00,55.00,31.00,32.00,36.30,F,Fail,2026-27,Pending,,
STU01585,Priya,Female,9,A,Mathematics,87.10,89.00,30.00,85.00,69.30,C,Pass,2026-27,Paid,,
STU01586,Nivetha,Female,8,B,Science,88.30,60.00,38.00,86.00,66.40,C,Pass,2025-26,Pending,,
STU01587,Dinesh,Male,7,D,English,89.30,97.00,42.00,53.00,58.50,D,Pass,2026-27,Partial,,
STU01588,Karthik,Male,8,C,Social Science,82.80,67.00,33.00,59.00,52.80,D,Pass,2026-27,Partial,,
STU01589,Swetha,Female,6,A,Social Science,86.60,71.00,38.00,56.00,53.60,D,Pass,2026-27,Partial,,
STU01590,Dinesh,Male,10,A,English,80.70,37.00,40.00,95.00,66.90,C,Pass,2025-26,Partial,,
STU01591,Ananya,Female,9,B,English,88.60,89.00,38.00,59.00,58.70,D,Pass,2026-27,Paid,,
STU01592,Kavya,Female,10,C,Tamil,87.40,83.00,45.00,50.00,55.10,D,Pass,2024-25,Pending,,
STU01593,Pranav,Male,8,D,English,70.60,90.00,47.00,27.00,45.60,F,Pass,2026-27,Paid,,
STU01594,Madhan,Male,7,B,Science,79.60,40.00,36.00,84.00,60.80,C,Pass,2025-26,Partial,,
STU01595,Karthik,Male,11,D,English,83.30,82.00,33.00,29.00,40.80,F,Pass,2025-26,Paid,,
STU01596,Divya,Female,8,D,English,88.80,46.00,40.00,55.00,48.70,F,Pass,2026-27,Paid,,
STU01597,Sanjay,Male,12,B,Tamil,74.00,56.00,30.00,87.00,63.70,C,Pass,2024-25,Pending,,
STU01598,Divya,Female,6,B,Social Science,83.20,70.00,30.00,79.00,62.50,C,Pass,2026-27,Pending,,
STU01599,Pavithra,Female,10,B,Tamil,80.00,37.00,38.00,49.00,43.30,F,Pass,2024-25,Paid,,
STU01600,Arun,Male,11,B,English,54.00,61.00,36.00,41.00,43.50,F,Pass,2025-26,Pending,,
STU01601,Dinesh,Male,7,B,Tamil,98.30,61.00,41.00,63.00,56.00,D,Pass,2026-27,Pending,,
STU01602,Karthik,Male,12,B,Science,96.90,83.00,30.00,46.00,48.60,F,Pass,2025-26,Paid,,
STU01603,Ajay,Male,6,A,English,83.40,48.00,43.00,54.00,49.50,F,Pass,2026-27,Paid,,
STU01604,Aishwarya,Female,11,C,Science,87.60,55.00,49.00,93.00,72.20,B,Pass,2026-27,Partial,,
STU01605,Dinesh,Male,9,B,Social Science,87.60,75.00,38.00,52.00,52.40,D,Pass,2026-27,Paid,,
STU01606,Ajay,Male,8,D,Social Science,72.70,94.00,32.00,99.00,77.90,B,Pass,2024-25,Partial,,
STU01607,Arun,Male,7,A,Social Science,60.30,52.00,31.00,91.00,65.20,C,Pass,2024-25,Partial,,
STU01608,Vijay,Male,7,A,Social Science,84.80,44.00,37.00,93.00,66.40,C,Pass,2026-27,Paid,,
STU01609,Aishwarya,Female,10,A,Mathematics,81.10,57.00,31.00,79.00,60.20,C,Pass,2025-26,Paid,,
STU01610,Rahul,Male,11,A,Social Science,94.60,53.00,49.00,81.00,65.80,C,Pass,2024-25,Pending,,
STU01611,Pranav,Male,9,B,Mathematics,91.10,39.00,30.00,28.00,30.80,F,Fail,2026-27,Partial,,
STU01612,Arun,Male,6,C,English,81.60,45.00,32.00,49.00,43.10,F,Pass,2025-26,Paid,,
STU01613,Aishwarya,Female,11,C,Tamil,85.90,38.00,34.00,70.00,52.80,D,Pass,2025-26,Pending,,
STU01614,Hari,Male,11,C,Mathematics,65.80,68.00,35.00,35.00,41.60,F,Pass,2026-27,Paid,,
STU01615,Harini,Female,9,A,English,89.60,99.00,49.00,30.00,49.50,F,Pass,2025-26,Pending,,
STU01616,Ananya,Female,10,D,Science,97.20,38.00,31.00,31.00,32.40,F,Fail,2024-25,Partial,,
STU01617,Priya,Female,9,C,Mathematics,95.60,70.00,46.00,44.00,49.80,F,Pass,2025-26,Pending,,
STU01618,Rahul,Male,9,B,Mathematics,90.50,100.00,37.00,66.00,64.10,C,Pass,2025-26,Partial,,
STU01619,Pranav,Male,8,B,Social Science,79.90,40.00,50.00,85.00,65.50,C,Pass,2024-25,Pending,,
STU01620,Rahul,Male,9,D,Social Science,84.10,80.00,30.00,92.00,71.00,B,Pass,2024-25,Paid,,
STU01621,Arun,Male,8,A,Tamil,87.10,50.00,47.00,92.00,70.10,B,Pass,2026-27,Paid,,
STU01622,Harini,Female,12,B,Social Science,76.30,95.00,45.00,56.00,60.50,C,Pass,2026-27,Paid,,
STU01623,Priya,Female,10,A,Science,81.40,43.00,34.00,76.00,56.80,D,Pass,2026-27,Partial,,
STU01624,Keerthana,Female,10,C,Science,87.80,73.00,35.00,27.00,38.60,F,Fail,2024-25,Pending,,
STU01625,Pranav,Male,11,D,English,100.00,67.00,32.00,84.00,65.00,C,Pass,2024-25,Pending,,
STU01626,Swetha,Female,7,C,Mathematics,97.50,72.00,31.00,48.00,47.70,F,Pass,2025-26,Paid,,
STU01627,Nivetha,Female,10,B,Mathematics,89.20,37.00,32.00,85.00,59.50,D,Pass,2025-26,Pending,,
STU01628,Harini,Female,12,C,Social Science,100.00,99.00,30.00,53.00,55.30,D,Pass,2026-27,Paid,,
STU01629,Priya,Female,10,B,Mathematics,68.90,94.00,49.00,32.00,49.50,F,Pass,2026-27,Partial,,
STU01630,Ananya,Female,8,A,Mathematics,100.00,65.00,36.00,52.00,49.80,F,Pass,2024-25,Pending,,
STU01631,Hari,Male,8,C,Tamil,76.40,53.00,33.00,36.00,38.50,F,Fail,2024-25,Partial,,
STU01632,Aishwarya,Female,9,A,Social Science,86.40,41.00,49.00,50.00,47.90,F,Pass,2024-25,Partial,,
STU01633,Rahul,Male,9,B,English,74.70,63.00,31.00,77.00,60.40,C,Pass,2024-25,Partial,,
STU01634,Karthik,Male,12,D,Mathematics,87.00,84.00,33.00,84.00,68.70,C,Pass,2026-27,Pending,,
STU01635,Arun,Male,7,B,Tamil,84.40,48.00,40.00,78.00,60.60,C,Pass,2024-25,Partial,,
STU01636,Madhan,Male,10,A,English,82.00,83.00,40.00,85.00,71.10,B,Pass,2026-27,Partial,,
STU01637,Harini,Female,11,C,Social Science,93.70,88.00,30.00,52.00,52.60,D,Pass,2025-26,Pending,,
STU01638,Keerthana,Female,6,A,Mathematics,93.00,44.00,33.00,92.00,64.70,C,Pass,2026-27,Partial,,
STU01639,Divya,Female,10,C,English,83.40,78.00,30.00,100.00,74.60,B,Pass,2024-25,Pending,,
STU01640,Vijay,Male,12,B,English,94.20,99.00,34.00,34.00,47.00,F,Pass,2024-25,Pending,,
STU01641,Nivetha,Female,8,D,Tamil,100.00,72.00,34.00,91.00,70.10,B,Pass,2026-27,Pending,,
STU01642,Pranav,Male,11,A,Mathematics,94.80,65.00,45.00,75.00,64.00,C,Pass,2025-26,Pending,,
STU01643,Hari,Male,11,A,Tamil,81.80,37.00,31.00,49.00,41.20,F,Pass,2024-25,Partial,,
STU01644,Pranav,Male,9,D,Social Science,71.50,46.00,30.00,74.00,55.20,D,Pass,2024-25,Partial,,
STU01645,Divya,Female,8,B,Tamil,98.30,67.00,40.00,70.00,60.40,C,Pass,2024-25,Pending,,
STU01646,Ajay,Male,10,A,Science,77.00,97.00,43.00,96.00,80.30,A,Pass,2026-27,Paid,,
STU01647,Hari,Male,12,C,Mathematics,82.00,65.00,39.00,95.00,72.20,B,Pass,2024-25,Partial,,
STU01648,Priya,Female,8,C,English,79.10,96.00,47.00,92.00,79.30,B,Pass,2024-25,Pending,,
STU01649,Rahul,Male,7,C,Social Science,81.50,82.00,44.00,27.00,43.10,F,Pass,2026-27,Paid,,
STU01650,Kavya,Female,10,A,Mathematics,78.70,71.00,48.00,48.00,52.60,D,Pass,2024-25,Partial,,
STU01651,Harini,Female,10,B,Science,82.60,88.00,49.00,98.00,81.30,A,Pass,2025-26,Partial,,
STU01652,Aishwarya,Female,11,D,Tamil,66.40,72.00,34.00,93.00,71.10,B,Pass,2025-26,Partial,,
STU01653,Kavya,Female,7,B,Mathematics,74.30,99.00,39.00,97.00,80.00,A,Pass,2026-27,Paid,,
STU01654,Rahul,Male,6,B,English,78.70,72.00,34.00,80.00,64.60,C,Pass,2025-26,Partial,,
STU01655,Ajay,Male,10,A,Social Science,72.10,50.00,44.00,78.00,62.20,C,Pass,2024-25,Partial,,
STU01656,Keerthana,Female,11,B,Mathematics,83.70,64.00,46.00,53.00,53.10,D,Pass,2025-26,Partial,,
STU01657,Priya,Female,10,B,Social Science,82.80,71.00,30.00,69.00,57.70,D,Pass,2025-26,Partial,,
STU01658,Vijay,Male,11,D,Mathematics,63.00,38.00,47.00,43.00,43.20,F,Pass,2025-26,Partial,,
STU01659,Aishwarya,Female,11,B,Science,79.60,83.00,48.00,73.00,67.50,C,Pass,2025-26,Pending,,
STU01660,Rahul,Male,6,D,Science,78.20,47.00,34.00,49.00,44.10,F,Pass,2026-27,Pending,,
STU01661,Divya,Female,8,B,Mathematics,77.40,74.00,46.00,59.00,58.10,D,Pass,2026-27,Paid,,
STU01662,Vijay,Male,9,B,Tamil,85.40,35.00,46.00,80.00,60.80,C,Pass,2026-27,Pending,,
STU01663,Divya,Female,6,A,Science,78.10,59.00,49.00,67.00,60.00,C,Pass,2024-25,Paid,,
STU01664,Ajay,Male,10,A,Social Science,81.90,70.00,32.00,62.00,54.60,D,Pass,2026-27,Partial,,
STU01665,Pranav,Male,6,D,Science,85.00,60.00,48.00,81.00,66.90,C,Pass,2026-27,Pending,,
STU01666,Arun,Male,11,C,English,62.30,70.00,38.00,27.00,38.90,F,Fail,2025-26,Pending,,
STU01667,Kavya,Female,8,D,English,100.00,52.00,42.00,77.00,61.50,C,Pass,2026-27,Paid,,
STU01668,Pranav,Male,6,A,Science,90.60,95.00,42.00,31.00,47.10,F,Pass,2024-25,Partial,,
STU01669,Sanjay,Male,6,D,Social Science,78.40,59.00,36.00,50.00,47.60,F,Pass,2025-26,Paid,,
STU01670,Vijay,Male,8,C,English,75.10,60.00,41.00,76.00,62.30,C,Pass,2024-25,Pending,,
STU01671,Dinesh,Male,6,B,English,80.20,55.00,30.00,73.00,56.50,D,Pass,2024-25,Paid,,
STU01672,Priya,Female,12,C,English,78.40,94.00,45.00,94.00,79.30,B,Pass,2026-27,Pending,,
STU01673,Divya,Female,7,B,Science,95.30,72.00,39.00,58.00,55.10,D,Pass,2026-27,Paid,,
STU01674,Madhan,Male,8,A,English,88.70,85.00,39.00,90.00,73.70,B,Pass,2024-25,Paid,,
STU01675,Harini,Female,8,A,English,67.60,48.00,42.00,85.00,64.70,C,Pass,2026-27,Paid,,
STU01676,Dinesh,Male,11,D,Social Science,86.50,56.00,35.00,34.00,38.70,F,Fail,2024-25,Paid,,
STU01677,Dinesh,Male,12,B,Tamil,76.60,88.00,35.00,98.00,77.10,B,Pass,2026-27,Pending,,
STU01678,Kavya,Female,9,B,Science,76.40,64.00,47.00,56.00,54.90,D,Pass,2024-25,Partial,,
STU01679,Hari,Male,11,C,Science,89.10,92.00,30.00,88.00,71.40,B,Pass,2026-27,Partial,,
STU01680,Swetha,Female,11,A,Science,83.30,96.00,31.00,76.00,66.50,C,Pass,2025-26,Paid,,
STU01681,Aishwarya,Female,12,B,Tamil,81.60,53.00,32.00,46.00,43.20,F,Pass,2024-25,Paid,,
STU01682,Nivetha,Female,11,B,Tamil,82.50,85.00,41.00,26.00,42.30,F,Pass,2025-26,Partial,,
STU01683,Divya,Female,11,C,Science,67.30,57.00,32.00,98.00,70.00,B,Pass,2024-25,Pending,,
STU01684,Pavithra,Female,12,A,Social Science,75.10,69.00,37.00,80.00,64.90,C,Pass,2026-27,Partial,,
STU01685,Aishwarya,Female,12,A,English,97.60,77.00,31.00,54.00,51.70,D,Pass,2026-27,Partial,,
STU01686,Kavya,Female,11,C,Social Science,98.00,72.00,50.00,41.00,49.90,F,Pass,2025-26,Partial,,
STU01687,Kavya,Female,10,A,Tamil,79.70,99.00,44.00,29.00,47.50,F,Pass,2026-27,Partial,,
STU01688,Divya,Female,8,B,English,92.70,86.00,44.00,74.00,67.40,C,Pass,2025-26,Paid,,
STU01689,Arun,Male,10,D,Mathematics,79.10,43.00,50.00,84.00,65.60,C,Pass,2025-26,Partial,,
STU01690,Swetha,Female,10,B,Social Science,84.80,90.00,46.00,88.00,75.80,B,Pass,2026-27,Paid,,
STU01691,Pranav,Male,10,B,Science,84.80,75.00,46.00,25.00,41.30,F,Pass,2025-26,Partial,,
STU01692,Rahul,Male,8,A,Mathematics,81.90,38.00,41.00,74.00,56.90,D,Pass,2025-26,Partial,,
STU01693,Pavithra,Female,10,A,Tamil,79.20,57.00,40.00,72.00,59.40,D,Pass,2025-26,Pending,,
STU01694,Hari,Male,9,D,Social Science,76.60,85.00,36.00,42.00,48.80,F,Pass,2025-26,Partial,,
STU01695,Keerthana,Female,11,B,English,75.30,69.00,42.00,53.00,52.90,D,Pass,2024-25,Partial,,
STU01696,Pranav,Male,9,B,Mathematics,67.00,45.00,40.00,48.00,45.00,F,Pass,2026-27,Pending,,
STU01697,Keerthana,Female,8,D,English,88.00,63.00,37.00,68.00,57.70,D,Pass,2026-27,Partial,,
STU01698,Divya,Female,7,A,Social Science,80.80,85.00,41.00,71.00,64.80,C,Pass,2024-25,Partial,,
STU01699,Aishwarya,Female,8,D,Social Science,75.80,97.00,39.00,58.00,60.10,C,Pass,2024-25,Paid,,
STU01700,Sanjay,Male,11,A,Social Science,94.20,44.00,33.00,86.00,61.70,C,Pass,2026-27,Pending,,
STU01701,Arun,Male,7,C,Social Science,83.60,46.00,41.00,51.00,47.00,F,Pass,2025-26,Pending,,
STU01702,Pranav,Male,8,D,Tamil,99.70,76.00,40.00,50.00,52.20,D,Pass,2024-25,Paid,,
STU01703,Pranav,Male,10,B,Science,62.90,47.00,37.00,79.00,60.00,C,Pass,2025-26,Pending,,
STU01704,Arun,Male,10,C,English,84.90,48.00,39.00,36.00,39.30,F,Fail,2024-25,Pending,,
STU01705,Dinesh,Male,9,A,Social Science,69.30,51.00,45.00,25.00,36.20,F,Fail,2025-26,Pending,,
STU01706,Rahul,Male,12,C,Science,80.10,55.00,34.00,67.00,54.70,D,Pass,2026-27,Pending,,
STU01707,Ananya,Female,8,D,Science,74.10,56.00,34.00,88.00,65.40,C,Pass,2026-27,Pending,,
STU01708,Harini,Female,10,C,Social Science,80.00,89.00,41.00,65.00,62.60,C,Pass,2026-27,Partial,,
STU01709,Keerthana,Female,10,B,Mathematics,100.00,45.00,43.00,67.00,55.40,D,Pass,2024-25,Paid,,
STU01710,Arun,Male,6,B,Mathematics,76.30,82.00,50.00,54.00,58.40,D,Pass,2026-27,Partial,,
STU01711,Karthik,Male,7,B,Tamil,88.10,43.00,36.00,25.00,31.90,F,Fail,2025-26,Pending,,
STU01712,Ananya,Female,10,B,Science,62.80,58.00,33.00,61.00,52.00,D,Pass,2025-26,Pending,,
STU01713,Swetha,Female,10,D,English,62.50,63.00,43.00,82.00,66.50,C,Pass,2026-27,Pending,,
STU01714,Swetha,Female,7,A,English,82.10,81.00,46.00,46.00,53.00,D,Pass,2025-26,Pending,,
STU01715,Karthik,Male,10,B,English,77.20,48.00,34.00,49.00,44.30,F,Pass,2024-25,Paid,,
STU01716,Madhan,Male,7,A,Mathematics,64.50,46.00,31.00,73.00,55.00,D,Pass,2026-27,Paid,,
STU01717,Hari,Male,7,D,Mathematics,75.30,94.00,41.00,28.00,45.10,F,Pass,2026-27,Paid,,
STU01718,Swetha,Female,10,A,Science,82.40,57.00,35.00,69.00,56.40,D,Pass,2025-26,Pending,,
STU01719,Harini,Female,11,C,Social Science,74.00,83.00,34.00,98.00,75.80,B,Pass,2024-25,Pending,,
STU01720,Madhan,Male,6,D,Science,73.70,65.00,33.00,75.00,60.40,C,Pass,2024-25,Partial,,
STU01721,Dinesh,Male,6,D,English,96.10,60.00,44.00,52.00,51.20,D,Pass,2026-27,Partial,,
STU01722,Arun,Male,8,B,English,87.90,54.00,48.00,97.00,73.70,B,Pass,2026-27,Paid,,
STU01723,Keerthana,Female,6,D,Mathematics,74.70,73.00,37.00,95.00,73.20,B,Pass,2026-27,Paid,,
STU01724,Vijay,Male,8,C,English,70.90,61.00,40.00,96.00,72.20,B,Pass,2025-26,Pending,,
STU01725,Divya,Female,9,D,Science,85.50,72.00,37.00,27.00,39.00,F,Fail,2026-27,Pending,,
STU01726,Harini,Female,10,D,Social Science,99.80,49.00,35.00,82.00,61.30,C,Pass,2026-27,Partial,,
STU01727,Ananya,Female,7,B,Science,85.10,66.00,49.00,84.00,69.90,C,Pass,2026-27,Pending,,
STU01728,Rahul,Male,9,C,English,83.40,66.00,34.00,44.00,45.40,F,Pass,2024-25,Partial,,
STU01729,Vijay,Male,12,C,Science,79.90,41.00,47.00,49.00,46.80,F,Pass,2024-25,Paid,,
STU01730,Sanjay,Male,12,D,Social Science,66.00,94.00,46.00,89.00,77.10,B,Pass,2026-27,Partial,,
STU01731,Nivetha,Female,11,B,Mathematics,77.30,65.00,50.00,93.00,74.50,B,Pass,2025-26,Paid,,
STU01732,Rahul,Male,6,C,Mathematics,73.80,65.00,42.00,35.00,43.10,F,Pass,2026-27,Partial,,
STU01733,Divya,Female,9,A,Mathematics,85.00,61.00,48.00,36.00,44.60,F,Pass,2024-25,Paid,,
STU01734,Madhan,Male,11,C,Tamil,76.90,46.00,39.00,50.00,45.90,F,Pass,2025-26,Pending,,
STU01735,Arun,Male,10,B,Tamil,54.40,45.00,36.00,100.00,69.80,C,Pass,2025-26,Paid,,
STU01736,Vijay,Male,9,A,English,67.60,54.00,33.00,51.00,46.20,F,Pass,2024-25,Paid,,
STU01737,Swetha,Female,9,B,Tamil,94.90,46.00,33.00,39.00,38.60,F,Fail,2025-26,Pending,,
STU01738,Vijay,Male,7,A,Tamil,93.40,39.00,44.00,42.00,42.00,F,Pass,2026-27,Pending,,
STU01739,Priya,Female,7,B,Tamil,80.20,83.00,40.00,51.00,54.10,D,Pass,2026-27,Paid,,
STU01740,Dinesh,Male,11,C,Social Science,88.30,48.00,34.00,61.00,50.30,D,Pass,2024-25,Paid,,
STU01741,Sanjay,Male,6,D,Social Science,87.80,36.00,48.00,66.00,54.60,D,Pass,2024-25,Paid,,
STU01742,Swetha,Female,7,A,Social Science,89.00,59.00,41.00,69.00,58.60,D,Pass,2026-27,Pending,,
STU01743,Arun,Male,12,B,Social Science,77.70,98.00,30.00,37.00,47.10,F,Pass,2024-25,Pending,,
STU01744,Vijay,Male,8,B,Science,79.00,80.00,47.00,66.00,63.10,C,Pass,2026-27,Pending,,
STU01745,Harini,Female,12,B,English,86.40,44.00,34.00,28.00,33.00,F,Fail,2024-25,Pending,,
STU01746,Ajay,Male,6,C,Social Science,75.60,55.00,45.00,54.00,51.50,D,Pass,2026-27,Pending,,
STU01747,Ananya,Female,7,A,Science,77.00,90.00,43.00,100.00,80.90,A,Pass,2024-25,Pending,,
STU01748,Vijay,Male,7,C,Social Science,56.70,48.00,40.00,65.00,54.10,D,Pass,2025-26,Paid,,
STU01749,Rahul,Male,11,C,Tamil,82.00,81.00,42.00,88.00,72.80,B,Pass,2026-27,Partial,,
STU01750,Nivetha,Female,9,C,Social Science,87.20,43.00,41.00,81.00,61.40,C,Pass,2026-27,Partial,,
STU01751,Nivetha,Female,8,D,English,89.20,48.00,34.00,57.00,48.30,F,Pass,2025-26,Pending,,
STU01752,Karthik,Male,6,A,Tamil,79.50,100.00,33.00,29.00,44.40,F,Pass,2024-25,Paid,,
STU01753,Aishwarya,Female,7,A,Science,68.30,46.00,45.00,45.00,45.20,F,Pass,2025-26,Partial,,
STU01754,Hari,Male,6,A,Mathematics,92.10,92.00,33.00,43.00,49.80,F,Pass,2026-27,Paid,,
STU01755,Pranav,Male,11,A,Science,92.30,87.00,44.00,38.00,49.60,F,Pass,2024-25,Paid,,
STU01756,Priya,Female,8,A,Tamil,88.00,71.00,41.00,92.00,72.50,B,Pass,2025-26,Pending,,
STU01757,Priya,Female,12,D,English,87.00,37.00,48.00,80.00,61.80,C,Pass,2024-25,Pending,,
STU01758,Pavithra,Female,9,D,Social Science,86.40,67.00,45.00,28.00,40.90,F,Pass,2024-25,Paid,,
STU01759,Pranav,Male,7,B,Social Science,66.80,91.00,38.00,80.00,69.60,C,Pass,2025-26,Pending,,
STU01760,Karthik,Male,8,A,Social Science,92.70,65.00,34.00,85.00,65.70,C,Pass,2024-25,Paid,,
STU01761,Sanjay,Male,9,D,Science,100.00,38.00,32.00,39.00,36.70,F,Fail,2024-25,Pending,,
STU01762,Pavithra,Female,6,C,Tamil,97.20,37.00,50.00,58.00,51.40,D,Pass,2026-27,Paid,,
STU01763,Madhan,Male,12,C,Social Science,89.60,43.00,40.00,47.00,44.10,F,Pass,2024-25,Pending,,
STU01764,Madhan,Male,8,D,Science,82.10,98.00,50.00,53.00,61.10,C,Pass,2026-27,Paid,,
STU01765,Dinesh,Male,10,D,Tamil,85.80,72.00,33.00,77.00,62.80,C,Pass,2025-26,Paid,,
STU01766,Rahul,Male,9,C,Tamil,73.00,97.00,45.00,98.00,81.90,A,Pass,2025-26,Paid,,
STU01767,Vijay,Male,12,C,Science,88.70,100.00,48.00,62.00,65.40,C,Pass,2026-27,Partial,,
STU01768,Madhan,Male,9,A,Tamil,96.90,68.00,35.00,80.00,64.10,C,Pass,2026-27,Paid,,
STU01769,Rahul,Male,9,A,Social Science,61.00,56.00,33.00,36.00,39.10,F,Fail,2025-26,Paid,,
STU01770,Arun,Male,11,C,Tamil,87.30,45.00,37.00,72.00,56.10,D,Pass,2026-27,Partial,,
STU01771,Keerthana,Female,6,A,Science,97.80,99.00,50.00,100.00,84.80,A,Pass,2025-26,Partial,,
STU01772,Karthik,Male,10,D,Mathematics,78.20,73.00,47.00,42.00,49.70,F,Pass,2024-25,Paid,,
STU01773,Nivetha,Female,10,B,Social Science,100.00,82.00,44.00,26.00,42.60,F,Pass,2026-27,Paid,,
STU01774,Arun,Male,8,A,Science,79.10,95.00,40.00,85.00,73.50,B,Pass,2026-27,Paid,,
STU01775,Rahul,Male,9,A,Mathematics,78.40,45.00,35.00,90.00,64.50,C,Pass,2025-26,Partial,,
STU01776,Keerthana,Female,10,D,Social Science,79.50,99.00,34.00,84.00,72.00,B,Pass,2026-27,Pending,,
STU01777,Ananya,Female,8,A,Social Science,72.30,68.00,32.00,99.00,72.70,B,Pass,2025-26,Paid,,
STU01778,Swetha,Female,6,D,Social Science,94.50,66.00,35.00,87.00,67.20,C,Pass,2025-26,Partial,,
STU01779,Pranav,Male,11,D,Mathematics,100.00,85.00,35.00,62.00,58.50,D,Pass,2026-27,Paid,,
STU01780,Harini,Female,12,D,Science,96.40,66.00,38.00,79.00,64.10,C,Pass,2024-25,Pending,,
STU01781,Aishwarya,Female,8,B,Tamil,76.60,78.00,33.00,74.00,62.50,C,Pass,2024-25,Paid,,
STU01782,Kavya,Female,12,B,Science,84.00,70.00,47.00,94.00,75.10,B,Pass,2024-25,Paid,,
STU01783,Sanjay,Male,10,D,Social Science,79.60,40.00,43.00,42.00,41.90,F,Pass,2025-26,Pending,,
STU01784,Keerthana,Female,12,D,Social Science,75.20,43.00,43.00,27.00,35.00,F,Fail,2026-27,Paid,,
STU01785,Sanjay,Male,6,B,Tamil,67.60,66.00,41.00,45.00,48.00,F,Pass,2024-25,Partial,,
STU01786,Divya,Female,7,B,Science,73.30,87.00,30.00,68.00,60.40,C,Pass,2024-25,Paid,,
STU01787,Sanjay,Male,8,A,Science,72.70,37.00,35.00,71.00,53.40,D,Pass,2025-26,Pending,,
STU01788,Keerthana,Female,8,A,Social Science,98.40,47.00,43.00,65.00,54.80,D,Pass,2026-27,Paid,,
STU01789,Sanjay,Male,8,A,Social Science,65.30,95.00,45.00,33.00,49.00,F,Pass,2026-27,Paid,,
STU01790,Kavya,Female,10,A,Social Science,91.70,35.00,42.00,84.00,61.60,C,Pass,2026-27,Paid,,
STU01791,Sanjay,Male,6,D,Mathematics,65.40,48.00,37.00,66.00,53.70,D,Pass,2026-27,Paid,,
STU01792,Swetha,Female,8,D,Social Science,92.00,66.00,48.00,75.00,65.10,C,Pass,2026-27,Partial,,
STU01793,Harini,Female,10,D,Social Science,73.90,46.00,40.00,68.00,55.20,D,Pass,2026-27,Pending,,
STU01794,Ananya,Female,6,A,Social Science,100.00,52.00,49.00,48.00,49.10,F,Pass,2024-25,Partial,,
STU01795,Nivetha,Female,7,D,Tamil,79.70,45.00,43.00,32.00,37.90,F,Fail,2024-25,Partial,,
STU01796,Priya,Female,9,C,English,85.10,87.00,50.00,41.00,52.90,D,Pass,2024-25,Partial,,
STU01797,Nivetha,Female,8,A,Science,78.80,73.00,34.00,63.00,56.30,D,Pass,2026-27,Partial,,
STU01798,Keerthana,Female,6,C,Science,82.30,83.00,38.00,96.00,76.00,B,Pass,2026-27,Pending,,
STU01799,Pavithra,Female,9,A,Mathematics,83.90,36.00,39.00,65.00,51.40,D,Pass,2025-26,Pending,,
STU01800,Pavithra,Female,8,A,Social Science,74.40,92.00,39.00,65.00,62.60,C,Pass,2024-25,Paid,,
STU01801,Ajay,Male,7,B,Mathematics,81.50,83.00,34.00,48.00,50.80,D,Pass,2025-26,Pending,,
STU01802,Ananya,Female,6,D,Mathematics,92.20,79.00,37.00,31.00,42.40,F,Pass,2024-25,Partial,,
STU01803,Keerthana,Female,12,B,Tamil,85.80,92.00,43.00,86.00,74.30,B,Pass,2026-27,Partial,,
STU01804,Harini,Female,9,B,Mathematics,89.40,43.00,42.00,28.00,35.20,F,Fail,2024-25,Paid,,
STU01805,Sanjay,Male,11,A,Tamil,63.40,99.00,38.00,93.00,77.70,B,Pass,2026-27,Partial,,
STU01806,Ananya,Female,6,A,Tamil,100.00,95.00,48.00,91.00,78.90,B,Pass,2025-26,Pending,,
STU01807,Aishwarya,Female,7,B,Tamil,88.30,80.00,44.00,26.00,42.20,F,Pass,2025-26,Pending,,
STU01808,Ajay,Male,12,C,English,93.90,89.00,32.00,43.00,48.90,F,Pass,2026-27,Paid,,
STU01809,Arun,Male,7,C,English,80.10,78.00,37.00,80.00,66.70,C,Pass,2025-26,Partial,,
STU01810,Aishwarya,Female,6,D,Social Science,61.30,79.00,50.00,46.00,53.80,D,Pass,2025-26,Pending,,
STU01811,Sanjay,Male,7,A,Social Science,79.50,76.00,38.00,71.00,62.10,C,Pass,2025-26,Paid,,
STU01812,Ajay,Male,8,C,Mathematics,75.20,71.00,50.00,84.00,71.20,B,Pass,2025-26,Partial,,
STU01813,Rahul,Male,12,A,Tamil,86.20,92.00,39.00,93.00,76.60,B,Pass,2026-27,Partial,,
STU01814,Kavya,Female,11,A,Science,87.10,91.00,42.00,51.00,56.30,D,Pass,2024-25,Partial,,
STU01815,Keerthana,Female,9,B,Tamil,88.80,83.00,35.00,34.00,44.10,F,Pass,2025-26,Pending,,
STU01816,Hari,Male,6,A,Social Science,99.60,84.00,37.00,30.00,42.90,F,Pass,2025-26,Pending,,
STU01817,Arun,Male,9,B,Mathematics,79.70,53.00,38.00,54.00,49.00,F,Pass,2025-26,Paid,,
STU01818,Ananya,Female,6,A,Social Science,70.40,43.00,42.00,81.00,61.70,C,Pass,2025-26,Partial,,
STU01819,Aishwarya,Female,6,D,Mathematics,90.10,67.00,41.00,58.00,54.70,D,Pass,2025-26,Pending,,
STU01820,Hari,Male,7,C,Tamil,81.40,95.00,49.00,52.00,59.70,D,Pass,2025-26,Partial,,
STU01821,Arun,Male,11,C,English,78.80,93.00,46.00,90.00,77.40,B,Pass,2026-27,Pending,,
STU01822,Kavya,Female,10,D,Social Science,78.00,100.00,34.00,32.00,46.20,F,Pass,2025-26,Pending,,
STU01823,Kavya,Female,11,B,Science,97.10,52.00,38.00,73.00,58.30,D,Pass,2024-25,Paid,,
STU01824,Madhan,Male,10,D,Mathematics,93.70,57.00,38.00,41.00,43.30,F,Pass,2024-25,Partial,,
STU01825,Madhan,Male,9,B,Social Science,83.20,48.00,34.00,39.00,39.30,F,Fail,2026-27,Partial,,
STU01826,Ananya,Female,9,B,Social Science,94.90,61.00,35.00,91.00,68.20,C,Pass,2026-27,Paid,,
STU01827,Vijay,Male,7,A,Tamil,82.70,64.00,35.00,25.00,35.80,F,Fail,2024-25,Paid,,
STU01828,Pavithra,Female,9,D,Tamil,80.40,40.00,30.00,90.00,62.00,C,Pass,2026-27,Partial,,
STU01829,Swetha,Female,6,A,Social Science,89.20,82.00,42.00,36.00,47.00,F,Pass,2025-26,Paid,,
STU01830,Hari,Male,8,C,English,86.20,45.00,48.00,90.00,68.40,C,Pass,2024-25,Pending,,
STU01831,Swetha,Female,12,B,English,77.90,75.00,33.00,29.00,39.40,F,Fail,2024-25,Paid,,
STU01832,Dinesh,Male,12,D,English,91.40,35.00,41.00,60.00,49.30,F,Pass,2025-26,Partial,,
STU01833,Pavithra,Female,12,A,Mathematics,97.20,90.00,43.00,74.00,67.90,C,Pass,2025-26,Pending,,
STU01834,Karthik,Male,6,D,Mathematics,83.90,73.00,32.00,36.00,42.20,F,Pass,2026-27,Paid,,
STU01835,Ananya,Female,12,D,Social Science,77.50,69.00,49.00,85.00,71.00,B,Pass,2024-25,Partial,,
STU01836,Pranav,Male,12,B,Science,91.00,88.00,47.00,50.00,56.70,D,Pass,2025-26,Partial,,
STU01837,Ajay,Male,10,D,English,73.50,36.00,46.00,54.00,48.00,F,Pass,2026-27,Pending,,
STU01838,Dinesh,Male,10,D,Social Science,89.20,44.00,41.00,28.00,35.10,F,Fail,2025-26,Partial,,
STU01839,Keerthana,Female,8,D,Tamil,62.70,37.00,49.00,55.00,49.60,F,Pass,2024-25,Paid,,
STU01840,Vijay,Male,9,C,Science,73.00,58.00,42.00,26.00,37.20,F,Fail,2025-26,Paid,,
STU01841,Madhan,Male,8,B,Tamil,84.00,100.00,40.00,40.00,52.00,D,Pass,2025-26,Pending,,
STU01842,Harini,Female,11,A,English,72.70,97.00,39.00,74.00,68.10,C,Pass,2026-27,Paid,,
STU01843,Karthik,Male,10,B,Mathematics,95.20,86.00,34.00,80.00,67.40,C,Pass,2025-26,Paid,,
STU01844,Vijay,Male,10,D,Mathematics,90.60,100.00,48.00,34.00,51.40,D,Pass,2025-26,Paid,,
STU01845,Nivetha,Female,8,B,Tamil,86.10,72.00,41.00,87.00,70.20,B,Pass,2024-25,Pending,,
STU01846,Aishwarya,Female,7,A,Social Science,73.70,53.00,34.00,71.00,56.30,D,Pass,2025-26,Paid,,
STU01847,Arun,Male,6,D,English,100.00,87.00,38.00,31.00,44.30,F,Pass,2025-26,Paid,,
STU01848,Vijay,Male,8,D,English,72.30,99.00,35.00,96.00,78.30,B,Pass,2026-27,Pending,,
STU01849,Ananya,Female,6,A,Science,58.10,58.00,35.00,58.00,51.10,D,Pass,2026-27,Pending,,
STU01850,Karthik,Male,7,D,Tamil,79.00,84.00,47.00,72.00,66.90,C,Pass,2024-25,Pending,,
STU01851,Arun,Male,12,C,Social Science,71.50,42.00,32.00,39.00,37.50,F,Fail,2026-27,Pending,,
STU01852,Madhan,Male,7,D,Tamil,69.00,46.00,40.00,48.00,45.20,F,Pass,2025-26,Paid,,
STU01853,Pranav,Male,7,D,Tamil,84.30,40.00,31.00,84.00,59.30,D,Pass,2024-25,Pending,,
STU01854,Ananya,Female,6,D,Mathematics,77.10,46.00,46.00,98.00,72.00,B,Pass,2025-26,Partial,,
STU01855,Harini,Female,7,B,Social Science,71.80,62.00,43.00,69.00,59.80,D,Pass,2024-25,Partial,,
STU01856,Harini,Female,9,A,Science,80.60,46.00,49.00,90.00,68.90,C,Pass,2024-25,Pending,,
STU01857,Sanjay,Male,12,A,English,95.10,44.00,31.00,58.00,47.10,F,Pass,2025-26,Paid,,
STU01858,Pranav,Male,12,D,English,72.70,58.00,32.00,84.00,63.20,C,Pass,2025-26,Paid,,
STU01859,Pavithra,Female,8,B,Mathematics,86.00,42.00,42.00,59.00,50.50,D,Pass,2026-27,Pending,,
STU01860,Ajay,Male,9,B,Social Science,77.90,63.00,38.00,63.00,55.50,D,Pass,2026-27,Partial,,
STU01861,Hari,Male,8,B,Mathematics,85.00,73.00,42.00,42.00,48.20,F,Pass,2026-27,Paid,,
STU01862,Nivetha,Female,6,D,Science,72.70,70.00,31.00,75.00,60.80,C,Pass,2025-26,Pending,,
STU01863,Nivetha,Female,6,C,Science,88.90,36.00,49.00,29.00,36.40,F,Fail,2026-27,Pending,,
STU01864,Divya,Female,6,D,Mathematics,92.90,38.00,49.00,38.00,41.30,F,Pass,2024-25,Paid,,
STU01865,Karthik,Male,9,D,Tamil,69.70,53.00,40.00,62.00,53.60,D,Pass,2026-27,Pending,,
STU01866,Ananya,Female,11,B,English,73.00,38.00,42.00,72.00,56.20,D,Pass,2024-25,Pending,,
STU01867,Divya,Female,11,B,Tamil,93.60,58.00,44.00,65.00,57.30,D,Pass,2026-27,Pending,,
STU01868,Arun,Male,7,D,Tamil,72.80,45.00,40.00,39.00,40.50,F,Pass,2025-26,Paid,,
STU01869,Pranav,Male,12,C,Science,72.70,39.00,44.00,61.00,51.50,D,Pass,2024-25,Pending,,
STU01870,Dinesh,Male,11,B,English,71.70,94.00,49.00,95.00,81.00,A,Pass,2024-25,Pending,,
STU01871,Ananya,Female,7,A,Tamil,92.00,62.00,39.00,26.00,37.10,F,Fail,2024-25,Partial,,
STU01872,Arun,Male,8,C,English,82.60,39.00,36.00,79.00,58.10,D,Pass,2024-25,Partial,,
STU01873,Divya,Female,6,C,Social Science,100.00,78.00,49.00,47.00,53.80,D,Pass,2026-27,Pending,,
STU01874,Priya,Female,8,C,English,68.60,40.00,41.00,74.00,57.30,D,Pass,2024-25,Paid,,
STU01875,Ajay,Male,9,A,Tamil,73.50,42.00,32.00,94.00,65.00,C,Pass,2025-26,Partial,,
STU01876,Pavithra,Female,8,A,English,88.30,96.00,46.00,59.00,62.50,C,Pass,2026-27,Partial,,
STU01877,Rahul,Male,11,B,Social Science,87.00,82.00,37.00,27.00,41.00,F,Pass,2024-25,Pending,,
STU01878,Pavithra,Female,9,B,Mathematics,75.00,76.00,30.00,52.00,50.20,D,Pass,2024-25,Partial,,
STU01879,Ananya,Female,6,D,English,90.60,51.00,42.00,48.00,46.80,F,Pass,2025-26,Paid,,
STU01880,Aishwarya,Female,8,B,Social Science,81.20,42.00,50.00,48.00,47.40,F,Pass,2026-27,Partial,,
STU01881,Rahul,Male,12,B,Mathematics,79.80,36.00,31.00,98.00,65.50,C,Pass,2024-25,Partial,,
STU01882,Ananya,Female,8,B,Tamil,85.90,87.00,46.00,57.00,59.70,D,Pass,2024-25,Paid,,
STU01883,Karthik,Male,6,D,Science,65.30,35.00,39.00,67.00,52.20,D,Pass,2025-26,Pending,,
STU01884,Nivetha,Female,12,B,Tamil,88.10,56.00,48.00,100.00,75.60,B,Pass,2025-26,Pending,,
STU01885,Ajay,Male,6,B,English,66.20,57.00,30.00,43.00,41.90,F,Pass,2025-26,Pending,,
STU01886,Aishwarya,Female,7,A,Mathematics,90.80,94.00,44.00,28.00,46.00,F,Pass,2026-27,Partial,,
STU01887,Arun,Male,9,A,Tamil,88.10,63.00,47.00,25.00,39.20,F,Fail,2024-25,Paid,,
STU01888,Keerthana,Female,6,B,Tamil,63.80,80.00,46.00,40.00,49.80,F,Pass,2026-27,Partial,,
STU01889,Ananya,Female,11,C,Social Science,85.90,49.00,46.00,80.00,63.60,C,Pass,2024-25,Partial,,
STU01890,Nivetha,Female,10,A,Social Science,84.70,75.00,48.00,84.00,71.40,B,Pass,2026-27,Pending,,
STU01891,Karthik,Male,9,A,Tamil,82.00,65.00,45.00,93.00,73.00,B,Pass,2026-27,Partial,,
STU01892,Karthik,Male,10,D,Social Science,64.80,54.00,46.00,99.00,74.10,B,Pass,2025-26,Paid,,
STU01893,Nivetha,Female,8,A,Tamil,87.40,96.00,35.00,25.00,42.20,F,Pass,2024-25,Paid,,
STU01894,Madhan,Male,8,B,English,81.80,52.00,34.00,32.00,36.60,F,Fail,2025-26,Paid,,
STU01895,Harini,Female,9,C,English,79.30,49.00,32.00,78.00,58.40,D,Pass,2025-26,Partial,,
STU01896,Arun,Male,11,B,Tamil,59.40,51.00,31.00,51.00,45.00,F,Pass,2024-25,Pending,,
STU01897,Rahul,Male,12,B,English,79.60,51.00,33.00,56.00,48.10,F,Pass,2025-26,Partial,,
STU01898,Arun,Male,12,B,Social Science,70.50,46.00,43.00,67.00,55.60,D,Pass,2024-25,Pending,,
STU01899,Swetha,Female,7,A,Tamil,72.10,64.00,44.00,83.00,67.50,C,Pass,2025-26,Pending,,
STU01900,Kavya,Female,6,B,English,96.70,44.00,30.00,45.00,40.30,F,Pass,2026-27,Paid,,
STU01901,Divya,Female,9,C,Science,83.90,55.00,48.00,92.00,71.40,B,Pass,2024-25,Paid,,
STU01902,Sanjay,Male,7,C,Tamil,79.80,84.00,42.00,45.00,51.90,D,Pass,2024-25,Partial,,
STU01903,Rahul,Male,6,D,Science,85.40,86.00,47.00,72.00,67.30,C,Pass,2025-26,Pending,,
STU01904,Ananya,Female,9,B,Science,82.30,54.00,32.00,98.00,69.40,C,Pass,2026-27,Pending,,
STU01905,Nivetha,Female,6,C,Social Science,78.10,67.00,39.00,29.00,39.60,F,Fail,2025-26,Pending,,
STU01906,Priya,Female,11,C,Social Science,98.50,59.00,37.00,97.00,71.40,B,Pass,2025-26,Pending,,
STU01907,Sanjay,Male,11,D,English,77.00,56.00,42.00,42.00,44.80,F,Pass,2025-26,Paid,,
STU01908,Sanjay,Male,7,C,English,83.50,87.00,34.00,68.00,61.60,C,Pass,2026-27,Partial,,
STU01909,Harini,Female,11,B,Tamil,73.60,40.00,47.00,88.00,66.10,C,Pass,2026-27,Partial,,
STU01910,Madhan,Male,9,B,English,64.40,74.00,32.00,98.00,73.40,B,Pass,2026-27,Pending,,
STU01911,Priya,Female,7,C,English,94.10,71.00,44.00,48.00,51.40,D,Pass,2025-26,Partial,,
STU01912,Pranav,Male,10,B,English,71.60,66.00,38.00,50.00,49.60,F,Pass,2024-25,Partial,,
STU01913,Karthik,Male,6,C,Social Science,79.60,69.00,41.00,84.00,68.10,C,Pass,2026-27,Pending,,
STU01914,Pavithra,Female,8,D,Science,82.00,69.00,50.00,67.00,62.30,C,Pass,2024-25,Pending,,
STU01915,Ajay,Male,8,D,Mathematics,63.90,99.00,42.00,33.00,48.90,F,Pass,2025-26,Paid,,
STU01916,Keerthana,Female,6,B,Mathematics,96.40,71.00,41.00,27.00,40.00,F,Pass,2026-27,Partial,,
STU01917,Madhan,Male,8,C,Social Science,89.80,86.00,49.00,43.00,53.40,D,Pass,2025-26,Pending,,
STU01918,Swetha,Female,8,D,English,86.80,49.00,37.00,26.00,33.90,F,Fail,2025-26,Pending,,
STU01919,Rahul,Male,8,A,Mathematics,84.10,71.00,31.00,58.00,52.50,D,Pass,2026-27,Partial,,
STU01920,Rahul,Male,12,B,Science,86.60,49.00,39.00,65.00,54.00,D,Pass,2025-26,Paid,,
STU01921,Dinesh,Male,10,D,English,75.90,48.00,30.00,28.00,32.60,F,Fail,2026-27,Partial,,
STU01922,Dinesh,Male,10,C,English,72.70,53.00,33.00,35.00,38.00,F,Fail,2025-26,Partial,,
STU01923,Divya,Female,10,C,Mathematics,87.30,70.00,35.00,80.00,64.50,C,Pass,2026-27,Pending,,
STU01924,Harini,Female,12,D,Tamil,89.90,49.00,45.00,49.00,47.80,F,Pass,2026-27,Paid,,
STU01925,Hari,Male,9,C,English,83.90,92.00,34.00,98.00,77.60,B,Pass,2025-26,Pending,,
STU01926,Swetha,Female,7,B,Science,92.70,35.00,33.00,60.00,46.90,F,Pass,2024-25,Partial,,
STU01927,Pranav,Male,12,B,Science,85.30,82.00,40.00,91.00,73.90,B,Pass,2026-27,Paid,,
STU01928,Arun,Male,7,D,English,80.50,51.00,32.00,64.00,51.80,D,Pass,2024-25,Pending,,
STU01929,Priya,Female,6,D,Tamil,76.30,50.00,36.00,75.00,58.30,D,Pass,2026-27,Partial,,
STU01930,Dinesh,Male,7,A,English,77.60,50.00,36.00,73.00,57.30,D,Pass,2026-27,Pending,,
STU01931,Keerthana,Female,10,D,English,83.90,58.00,48.00,87.00,69.50,C,Pass,2024-25,Pending,,
STU01932,Pranav,Male,10,C,English,80.70,65.00,34.00,46.00,46.20,F,Pass,2024-25,Partial,,
STU01933,Priya,Female,11,B,Social Science,77.10,71.00,41.00,85.00,69.00,C,Pass,2026-27,Partial,,
STU01934,Pranav,Male,7,B,English,78.30,89.00,43.00,36.00,48.70,F,Pass,2026-27,Pending,,
STU01935,Dinesh,Male,9,A,Tamil,71.50,100.00,35.00,74.00,67.50,C,Pass,2026-27,Pending,,
STU01936,Hari,Male,12,B,English,78.50,83.00,31.00,37.00,44.40,F,Pass,2024-25,Pending,,
STU01937,Vijay,Male,9,A,Mathematics,66.90,63.00,47.00,96.00,74.70,B,Pass,2026-27,Paid,,
STU01938,Dinesh,Male,11,D,Mathematics,62.50,68.00,42.00,86.00,69.20,C,Pass,2024-25,Pending,,
STU01939,Harini,Female,7,B,English,100.00,54.00,34.00,45.00,43.50,F,Pass,2026-27,Partial,,
STU01940,Karthik,Male,12,C,Mathematics,78.70,54.00,41.00,96.00,71.10,B,Pass,2026-27,Partial,,
STU01941,Vijay,Male,7,C,Science,88.00,78.00,36.00,72.00,62.40,C,Pass,2026-27,Paid,,
STU01942,Priya,Female,12,D,English,84.20,43.00,50.00,39.00,43.10,F,Pass,2026-27,Paid,,
STU01943,Swetha,Female,11,D,Mathematics,87.80,97.00,40.00,54.00,58.40,D,Pass,2026-27,Pending,,
STU01944,Hari,Male,8,B,Tamil,86.50,44.00,37.00,74.00,56.90,D,Pass,2024-25,Pending,,
STU01945,Hari,Male,12,C,Science,84.40,95.00,41.00,74.00,68.30,C,Pass,2024-25,Pending,,
STU01946,Pavithra,Female,6,C,Mathematics,100.00,67.00,48.00,34.00,44.80,F,Pass,2024-25,Partial,,
STU01947,Pranav,Male,6,D,Mathematics,93.60,78.00,40.00,79.00,67.10,C,Pass,2025-26,Paid,,
STU01948,Madhan,Male,11,D,Social Science,87.70,62.00,48.00,66.00,59.80,D,Pass,2025-26,Partial,,
STU01949,Nivetha,Female,12,B,Tamil,81.70,52.00,30.00,57.00,47.90,F,Pass,2024-25,Pending,,
STU01950,Arun,Male,6,D,Tamil,82.00,52.00,32.00,44.00,42.00,F,Pass,2025-26,Paid,,
STU01951,Madhan,Male,7,D,Social Science,71.90,93.00,42.00,29.00,45.70,F,Pass,2026-27,Partial,,
STU01952,Priya,Female,6,B,Science,89.00,97.00,45.00,54.00,59.90,D,Pass,2024-25,Partial,,
STU01953,Vijay,Male,9,D,Tamil,73.20,95.00,50.00,94.00,81.00,A,Pass,2025-26,Pending,,
STU01954,Rahul,Male,11,C,English,84.20,49.00,49.00,36.00,42.50,F,Pass,2026-27,Pending,,
STU01955,Harini,Female,7,A,Social Science,73.70,77.00,35.00,54.00,52.90,D,Pass,2024-25,Paid,,
STU01956,Vijay,Male,6,A,Mathematics,66.50,38.00,41.00,87.00,63.40,C,Pass,2025-26,Pending,,
STU01957,Kavya,Female,11,D,Mathematics,66.40,35.00,34.00,78.00,56.20,D,Pass,2026-27,Pending,,
STU01958,Harini,Female,8,D,Science,84.00,86.00,39.00,98.00,77.90,B,Pass,2025-26,Partial,,
STU01959,Harini,Female,6,D,English,75.00,39.00,38.00,67.00,52.70,D,Pass,2024-25,Paid,,
STU01960,Priya,Female,8,C,English,88.10,95.00,36.00,29.00,44.30,F,Pass,2026-27,Partial,,
STU01961,Harini,Female,10,D,Social Science,86.30,45.00,33.00,97.00,67.40,C,Pass,2026-27,Pending,,
STU01962,Madhan,Male,11,D,English,92.30,76.00,36.00,31.00,41.50,F,Pass,2026-27,Pending,,
STU01963,Ananya,Female,7,C,Mathematics,91.40,94.00,43.00,51.00,57.20,D,Pass,2025-26,Pending,,
STU01964,Karthik,Male,12,C,Social Science,89.80,72.00,46.00,96.00,76.20,B,Pass,2026-27,Pending,,
STU01965,Nivetha,Female,8,D,Science,82.30,68.00,39.00,53.00,51.80,D,Pass,2025-26,Partial,,
STU01966,Divya,Female,12,C,Social Science,100.00,50.00,42.00,97.00,71.10,B,Pass,2026-27,Partial,,
STU01967,Madhan,Male,7,C,Mathematics,74.80,69.00,43.00,58.00,55.70,D,Pass,2024-25,Partial,,
STU01968,Vijay,Male,7,A,Social Science,78.10,77.00,46.00,78.00,68.20,C,Pass,2024-25,Partial,,
STU01969,Priya,Female,10,C,Tamil,82.00,36.00,48.00,82.00,62.60,C,Pass,2024-25,Paid,,
STU01970,Karthik,Male,12,D,Tamil,86.70,96.00,40.00,63.00,62.70,C,Pass,2026-27,Pending,,
STU01971,Sanjay,Male,11,D,Mathematics,72.70,51.00,34.00,29.00,34.90,F,Fail,2024-25,Paid,,
STU01972,Sanjay,Male,8,D,Mathematics,97.40,83.00,32.00,43.00,47.70,F,Pass,2026-27,Partial,,
STU01973,Madhan,Male,6,A,English,98.30,48.00,34.00,39.00,39.30,F,Fail,2024-25,Partial,,
STU01974,Nivetha,Female,12,D,Mathematics,69.70,85.00,36.00,67.00,61.30,C,Pass,2026-27,Pending,,
STU01975,Ananya,Female,10,D,Tamil,94.10,43.00,38.00,71.00,55.50,D,Pass,2026-27,Pending,,
STU01976,Sanjay,Male,11,C,Science,75.60,84.00,37.00,35.00,45.40,F,Pass,2024-25,Paid,,
STU01977,Ananya,Female,7,C,English,85.70,52.00,31.00,56.00,47.70,F,Pass,2024-25,Pending,,
STU01978,Harini,Female,7,C,Science,91.50,61.00,50.00,38.00,46.20,F,Pass,2024-25,Pending,,
STU01979,Dinesh,Male,11,D,Social Science,81.20,85.00,47.00,28.00,45.10,F,Pass,2024-25,Partial,,
STU01980,Keerthana,Female,10,C,Science,67.00,41.00,34.00,36.00,36.40,F,Fail,2026-27,Partial,,
STU01981,Pavithra,Female,8,A,Science,79.30,73.00,36.00,65.00,57.90,D,Pass,2024-25,Paid,,
STU01982,Hari,Male,12,C,Tamil,100.00,55.00,35.00,96.00,69.50,C,Pass,2026-27,Pending,,
STU01983,Swetha,Female,8,B,Science,82.20,55.00,36.00,50.00,46.80,F,Pass,2024-25,Partial,,
STU01984,Madhan,Male,12,B,Tamil,65.80,52.00,30.00,42.00,40.40,F,Pass,2025-26,Pending,,
STU01985,Rahul,Male,7,A,English,88.60,87.00,44.00,81.00,71.10,B,Pass,2024-25,Partial,,
STU01986,Ajay,Male,12,D,Mathematics,82.90,36.00,44.00,79.00,59.90,D,Pass,2024-25,Pending,,
STU01987,Nivetha,Female,7,A,English,80.30,42.00,32.00,47.00,41.50,F,Pass,2024-25,Partial,,
STU01988,Pavithra,Female,7,B,Tamil,91.50,62.00,38.00,41.00,44.30,F,Pass,2024-25,Paid,,
STU01989,Pavithra,Female,6,A,Tamil,76.30,55.00,34.00,62.00,52.20,D,Pass,2024-25,Pending,,
STU01990,Dinesh,Male,12,D,Mathematics,83.70,94.00,33.00,85.00,71.20,B,Pass,2026-27,Partial,,
STU01991,Nivetha,Female,12,C,Science,95.80,58.00,38.00,31.00,38.50,F,Fail,2025-26,Pending,,
STU01992,Hari,Male,12,D,English,92.80,95.00,50.00,43.00,55.50,D,Pass,2025-26,Partial,,
STU01993,Vijay,Male,7,C,Social Science,100.00,78.00,42.00,75.00,65.70,C,Pass,2026-27,Pending,,
STU01994,Aishwarya,Female,11,B,English,88.20,97.00,37.00,49.00,55.00,D,Pass,2025-26,Partial,,
STU01995,Vijay,Male,6,B,Tamil,84.70,93.00,46.00,30.00,47.40,F,Pass,2024-25,Partial,,
STU01996,Aishwarya,Female,9,A,Tamil,83.60,93.00,31.00,87.00,71.40,B,Pass,2025-26,Partial,,
STU01997,Rahul,Male,10,B,Mathematics,100.00,67.00,41.00,47.00,49.20,F,Pass,2026-27,Pending,,
STU01998,Dinesh,Male,6,B,English,98.20,53.00,45.00,74.00,61.10,C,Pass,2026-27,Pending,,
STU01999,Rahul,Male,10,D,English,86.90,72.00,34.00,43.00,46.10,F,Pass,2024-25,Pending,,
STU02000,Ajay,Male,11,C,Mathematics,90.10,83.00,36.00,49.00,51.90,D,Pass,2026-27,Partial,,
STU02001,Hari,Male,12,B,English,90.30,91.00,30.00,64.00,59.20,D,Pass,2026-27,Partial,,
STU02002,Aishwarya,Female,10,C,Tamil,80.80,69.00,44.00,27.00,40.50,F,Pass,2024-25,Paid,,
STU02003,Kavya,Female,11,D,Social Science,80.50,75.00,36.00,82.00,66.80,C,Pass,2025-26,Pending,,
STU02004,Ajay,Male,9,B,English,78.50,75.00,43.00,54.00,54.90,D,Pass,2025-26,Paid,,
STU02005,Pavithra,Female,9,C,English,87.00,54.00,30.00,78.00,58.80,D,Pass,2024-25,Pending,,
STU02006,Aishwarya,Female,6,B,Social Science,90.00,52.00,30.00,72.00,55.40,D,Pass,2026-27,Partial,,
STU02007,Vijay,Male,10,C,Tamil,100.00,87.00,36.00,30.00,43.20,F,Pass,2024-25,Partial,,
STU02008,Nivetha,Female,12,D,English,91.80,90.00,37.00,84.00,71.10,B,Pass,2026-27,Partial,,
STU02009,Ajay,Male,7,C,English,91.40,77.00,38.00,90.00,71.80,B,Pass,2024-25,Partial,,
STU02010,Divya,Female,7,B,Tamil,84.60,63.00,50.00,93.00,74.10,B,Pass,2024-25,Paid,,
STU02011,Kavya,Female,10,B,English,95.20,57.00,34.00,37.00,40.10,F,Pass,2024-25,Paid,,
STU02012,Harini,Female,10,A,Mathematics,87.60,54.00,43.00,94.00,70.70,B,Pass,2025-26,Partial,,
STU02013,Swetha,Female,8,A,Tamil,82.40,76.00,38.00,96.00,74.60,B,Pass,2026-27,Paid,,
STU02014,Harini,Female,8,B,Tamil,77.20,40.00,42.00,47.00,44.10,F,Pass,2026-27,Partial,,
STU02015,Pavithra,Female,11,D,English,88.00,84.00,50.00,76.00,69.80,C,Pass,2025-26,Pending,,
STU02016,Divya,Female,10,D,English,71.40,62.00,39.00,48.00,48.10,F,Pass,2024-25,Partial,,
STU02017,Ajay,Male,12,B,English,87.70,74.00,32.00,30.00,39.40,F,Fail,2025-26,Paid,,
STU02018,Aishwarya,Female,7,A,Mathematics,84.90,97.00,46.00,97.00,81.70,A,Pass,2026-27,Paid,,
STU02019,Dinesh,Male,12,D,English,86.70,70.00,48.00,92.00,74.40,B,Pass,2024-25,Partial,,
STU02020,Hari,Male,11,B,Tamil,72.90,37.00,31.00,53.00,43.20,F,Pass,2025-26,Pending,,
STU02021,Ananya,Female,11,B,Tamil,90.50,60.00,35.00,94.00,69.50,C,Pass,2025-26,Paid,,
STU02022,Priya,Female,12,A,Tamil,85.50,76.00,50.00,30.00,45.20,F,Pass,2025-26,Paid,,
STU02023,Priya,Female,10,B,Social Science,76.10,55.00,43.00,46.00,46.90,F,Pass,2026-27,Partial,,
STU02024,Arun,Male,9,D,Social Science,59.30,90.00,35.00,83.00,70.00,B,Pass,2025-26,Paid,,
STU02025,Vijay,Male,12,B,Social Science,74.40,61.00,36.00,86.00,66.00,C,Pass,2025-26,Partial,,
STU02026,Hari,Male,8,A,Social Science,75.70,86.00,35.00,75.00,65.20,C,Pass,2025-26,Paid,,
STU02027,Ajay,Male,10,C,Tamil,85.90,54.00,46.00,45.00,47.10,F,Pass,2024-25,Paid,,
STU02028,Karthik,Male,11,B,Mathematics,82.00,58.00,44.00,33.00,41.30,F,Pass,2026-27,Pending,,
STU02029,Ananya,Female,9,D,Science,71.10,89.00,50.00,72.00,68.80,C,Pass,2026-27,Paid,,
STU02030,Hari,Male,10,A,Mathematics,91.50,66.00,32.00,41.00,43.30,F,Pass,2025-26,Partial,,
STU02031,Swetha,Female,6,D,Social Science,78.80,88.00,48.00,93.00,78.50,B,Pass,2026-27,Paid,,
STU02032,Nivetha,Female,11,D,English,73.20,37.00,34.00,75.00,55.10,D,Pass,2025-26,Pending,,
STU02033,Aishwarya,Female,9,B,Social Science,90.90,47.00,34.00,66.00,52.60,D,Pass,2025-26,Paid,,
STU02034,Kavya,Female,10,B,Mathematics,72.50,76.00,37.00,59.00,55.80,D,Pass,2026-27,Pending,,
STU02035,Dinesh,Male,11,C,English,70.00,91.00,38.00,85.00,72.10,B,Pass,2024-25,Partial,,
STU02036,Swetha,Female,10,C,Tamil,75.50,91.00,48.00,75.00,70.10,B,Pass,2025-26,Paid,,
STU02037,Hari,Male,12,D,Mathematics,77.40,80.00,49.00,98.00,79.70,B,Pass,2025-26,Pending,,
STU02038,Divya,Female,10,B,Social Science,71.20,99.00,39.00,39.00,51.00,D,Pass,2025-26,Pending,,
STU02039,Sanjay,Male,12,D,Social Science,90.60,86.00,48.00,93.00,78.10,B,Pass,2026-27,Paid,,
STU02040,Harini,Female,12,A,Mathematics,78.80,72.00,40.00,26.00,39.40,F,Fail,2026-27,Paid,,
STU02041,Ananya,Female,8,B,Tamil,97.10,55.00,42.00,42.00,44.60,F,Pass,2025-26,Paid,,
STU02042,Swetha,Female,8,A,Tamil,56.80,57.00,38.00,93.00,69.30,C,Pass,2025-26,Pending,,
STU02043,Rahul,Male,6,B,Tamil,77.90,65.00,49.00,85.00,70.20,B,Pass,2025-26,Partial,,
STU02044,Hari,Male,8,D,English,89.50,36.00,34.00,82.00,58.40,D,Pass,2025-26,Paid,,
STU02045,Arun,Male,7,A,Mathematics,78.90,86.00,33.00,100.00,77.10,B,Pass,2026-27,Pending,,
STU02046,Arun,Male,8,D,Mathematics,65.40,47.00,47.00,58.00,52.50,D,Pass,2026-27,Paid,,
STU02047,Aishwarya,Female,11,C,Science,78.90,96.00,30.00,40.00,48.20,F,Pass,2026-27,Pending,,
STU02048,Ajay,Male,11,A,Tamil,83.00,49.00,50.00,51.00,50.30,D,Pass,2025-26,Pending,,
STU02049,Arun,Male,7,C,Mathematics,73.40,51.00,49.00,30.00,39.90,F,Fail,2025-26,Pending,,
STU02050,Nivetha,Female,9,D,Mathematics,100.00,56.00,39.00,29.00,37.40,F,Fail,2025-26,Paid,,
STU02051,Karthik,Male,8,C,Social Science,65.40,52.00,40.00,79.00,61.90,C,Pass,2024-25,Paid,,
STU02052,Karthik,Male,10,A,Mathematics,70.40,65.00,36.00,62.00,54.80,D,Pass,2025-26,Paid,,
STU02053,Pavithra,Female,8,D,Science,79.30,76.00,41.00,53.00,54.00,D,Pass,2026-27,Pending,,
STU02054,Keerthana,Female,6,B,Social Science,89.80,63.00,40.00,25.00,37.10,F,Fail,2025-26,Paid,,
STU02055,Sanjay,Male,8,C,English,94.50,42.00,30.00,56.00,45.40,F,Pass,2025-26,Paid,,
STU02056,Karthik,Male,12,A,Science,91.30,65.00,50.00,43.00,49.50,F,Pass,2026-27,Pending,,
STU02057,Keerthana,Female,9,C,Social Science,71.90,79.00,47.00,66.00,62.90,C,Pass,2026-27,Partial,,
STU02058,Aishwarya,Female,8,B,English,69.30,74.00,35.00,69.00,59.80,D,Pass,2024-25,Partial,,
STU02059,Divya,Female,9,A,Social Science,77.50,45.00,44.00,33.00,38.70,F,Fail,2024-25,Pending,,
STU02060,Hari,Male,12,A,Mathematics,90.50,74.00,49.00,36.00,47.50,F,Pass,2025-26,Pending,,
STU02061,Harini,Female,8,D,English,83.30,80.00,34.00,63.00,57.70,D,Pass,2025-26,Partial,,
STU02062,Divya,Female,12,D,Tamil,67.80,80.00,48.00,63.00,61.90,C,Pass,2026-27,Partial,,
STU02063,Priya,Female,8,C,Social Science,84.60,97.00,46.00,93.00,79.70,B,Pass,2024-25,Paid,,
STU02064,Karthik,Male,10,B,Science,90.60,45.00,32.00,50.00,43.60,F,Pass,2024-25,Partial,,
STU02065,Ajay,Male,6,D,Social Science,75.90,43.00,41.00,47.00,44.40,F,Pass,2025-26,Partial,,
STU02066,Priya,Female,6,C,Social Science,80.60,90.00,35.00,65.00,61.00,C,Pass,2026-27,Paid,,
STU02067,Keerthana,Female,6,D,Mathematics,66.10,62.00,40.00,53.00,50.90,D,Pass,2025-26,Partial,,
STU02068,Karthik,Male,10,A,Mathematics,92.30,89.00,45.00,49.00,55.80,D,Pass,2025-26,Pending,,
STU02069,Pavithra,Female,6,D,Science,80.90,85.00,48.00,33.00,47.90,F,Pass,2025-26,Paid,,
STU02070,Ajay,Male,7,C,Science,58.70,90.00,38.00,68.00,63.40,C,Pass,2024-25,Partial,,
STU02071,Arun,Male,6,A,Social Science,74.50,64.00,48.00,27.00,40.70,F,Pass,2026-27,Paid,,
STU02072,Keerthana,Female,6,A,Social Science,76.80,87.00,46.00,62.00,62.20,C,Pass,2025-26,Paid,,
STU02073,Swetha,Female,8,C,Social Science,82.10,93.00,48.00,72.00,69.00,C,Pass,2025-26,Paid,,
STU02074,Pavithra,Female,8,C,Social Science,60.50,51.00,46.00,39.00,43.50,F,Pass,2026-27,Paid,,
STU02075,Vijay,Male,6,D,Social Science,69.90,44.00,34.00,63.00,50.50,D,Pass,2026-27,Partial,,
STU02076,Madhan,Male,12,D,Tamil,84.90,94.00,30.00,67.00,61.30,C,Pass,2026-27,Partial,,
STU02077,Harini,Female,8,A,Mathematics,83.90,98.00,35.00,91.00,75.60,B,Pass,2025-26,Partial,,
STU02078,Karthik,Male,7,B,Tamil,75.50,61.00,46.00,89.00,70.50,B,Pass,2025-26,Pending,,
STU02079,Karthik,Male,10,B,Social Science,93.60,45.00,38.00,68.00,54.40,D,Pass,2026-27,Paid,,
STU02080,Madhan,Male,11,B,Tamil,81.00,91.00,44.00,98.00,80.40,A,Pass,2024-25,Pending,,
STU02081,Keerthana,Female,10,D,Science,75.90,82.00,32.00,65.00,58.50,D,Pass,2026-27,Partial,,
STU02082,Dinesh,Male,11,A,Mathematics,78.40,59.00,34.00,75.00,59.50,D,Pass,2024-25,Partial,,
STU02083,Karthik,Male,10,B,Social Science,88.60,51.00,48.00,85.00,67.10,C,Pass,2025-26,Paid,,
STU02084,Nivetha,Female,6,B,Science,85.60,40.00,48.00,32.00,38.40,F,Fail,2026-27,Partial,,
STU02085,Aishwarya,Female,12,A,Social Science,81.40,76.00,31.00,42.00,45.50,F,Pass,2025-26,Paid,,
STU02086,Priya,Female,9,A,Mathematics,79.10,98.00,36.00,73.00,66.90,C,Pass,2025-26,Paid,,
STU02087,Divya,Female,7,C,Social Science,80.10,66.00,36.00,70.00,59.00,D,Pass,2024-25,Partial,,
STU02088,Arun,Male,11,C,Social Science,72.00,76.00,43.00,36.00,46.10,F,Pass,2025-26,Partial,,
STU02089,Pavithra,Female,11,B,Tamil,70.40,83.00,37.00,99.00,77.20,B,Pass,2025-26,Partial,,
STU02090,Pranav,Male,8,A,Tamil,65.90,83.00,39.00,56.00,56.30,D,Pass,2025-26,Partial,,
STU02091,Vijay,Male,12,B,Science,71.00,55.00,47.00,78.00,64.10,C,Pass,2026-27,Pending,,
STU02092,Ananya,Female,8,B,Mathematics,83.00,57.00,46.00,35.00,42.70,F,Pass,2025-26,Pending,,
STU02093,Divya,Female,12,D,Tamil,86.60,94.00,40.00,51.00,56.30,D,Pass,2025-26,Partial,,
STU02094,Swetha,Female,12,C,Tamil,83.00,82.00,33.00,29.00,40.80,F,Pass,2024-25,Partial,,
STU02095,Vijay,Male,9,B,Tamil,81.00,61.00,43.00,42.00,46.10,F,Pass,2026-27,Paid,,
STU02096,Harini,Female,11,C,Science,93.50,49.00,46.00,99.00,73.10,B,Pass,2024-25,Partial,,
STU02097,Priya,Female,6,D,Social Science,85.00,86.00,38.00,25.00,41.10,F,Pass,2026-27,Paid,,
STU02098,Hari,Male,10,C,Social Science,72.00,100.00,44.00,59.00,62.70,C,Pass,2025-26,Pending,,
STU02099,Rahul,Male,12,C,Social Science,81.90,97.00,33.00,83.00,70.80,B,Pass,2025-26,Paid,,
STU02100,Ajay,Male,12,A,Tamil,71.00,84.00,38.00,29.00,42.70,F,Pass,2024-25,Pending,,
STU02101,Madhan,Male,10,A,Social Science,69.40,91.00,50.00,70.00,68.20,C,Pass,2026-27,Paid,,
STU02102,Rahul,Male,9,C,Science,82.50,92.00,30.00,57.00,55.90,D,Pass,2024-25,Paid,,
STU02103,Madhan,Male,6,A,Mathematics,88.60,88.00,30.00,48.00,50.60,D,Pass,2026-27,Paid,,
STU02104,Keerthana,Female,8,C,English,99.50,40.00,38.00,33.00,35.90,F,Fail,2026-27,Paid,,
STU02105,Karthik,Male,10,A,Mathematics,76.90,69.00,38.00,33.00,41.70,F,Pass,2024-25,Paid,,
STU02106,Kavya,Female,12,C,Tamil,83.70,62.00,35.00,59.00,52.40,D,Pass,2025-26,Paid,,
STU02107,Arun,Male,10,D,Social Science,72.90,53.00,34.00,60.00,50.80,D,Pass,2026-27,Pending,,
STU02108,Madhan,Male,11,D,English,100.00,84.00,38.00,98.00,77.20,B,Pass,2025-26,Paid,,
STU02109,Vijay,Male,8,A,Science,91.70,58.00,39.00,26.00,36.30,F,Fail,2025-26,Partial,,
STU02110,Vijay,Male,9,A,Tamil,67.10,41.00,31.00,49.00,42.00,F,Pass,2025-26,Pending,,
STU02111,Divya,Female,11,D,English,83.50,86.00,44.00,46.00,53.40,D,Pass,2024-25,Paid,,
STU02112,Arun,Male,10,C,English,82.50,85.00,43.00,42.00,50.90,D,Pass,2024-25,Partial,,
STU02113,Priya,Female,9,A,Tamil,76.00,75.00,30.00,32.00,40.00,F,Pass,2024-25,Pending,,
STU02114,Vijay,Male,8,A,Tamil,91.60,94.00,36.00,84.00,71.60,B,Pass,2024-25,Paid,,
STU02115,Dinesh,Male,7,B,Tamil,91.70,83.00,48.00,30.00,46.00,F,Pass,2026-27,Partial,,
STU02116,Divya,Female,11,D,Science,89.90,53.00,35.00,40.00,41.10,F,Pass,2024-25,Pending,,
STU02117,Harini,Female,11,D,Tamil,86.80,56.00,47.00,33.00,41.80,F,Pass,2025-26,Paid,,
STU02118,Harini,Female,8,B,Science,82.00,41.00,34.00,53.00,44.90,F,Pass,2025-26,Pending,,
STU02119,Vijay,Male,8,B,Tamil,80.90,78.00,35.00,52.00,52.10,D,Pass,2026-27,Pending,,
STU02120,Vijay,Male,11,A,Social Science,80.60,69.00,39.00,82.00,66.50,C,Pass,2025-26,Paid,,
STU02121,Kavya,Female,6,B,English,69.70,75.00,33.00,53.00,51.40,D,Pass,2024-25,Pending,,
STU02122,Divya,Female,11,D,Social Science,88.70,73.00,47.00,28.00,42.70,F,Pass,2026-27,Paid,,
STU02123,Nivetha,Female,12,C,Social Science,77.30,39.00,34.00,38.00,37.00,F,Fail,2024-25,Partial,,
STU02124,Pranav,Male,10,A,English,80.80,90.00,47.00,76.00,70.10,B,Pass,2026-27,Pending,,
STU02125,Harini,Female,9,D,Social Science,79.60,94.00,42.00,32.00,47.40,F,Pass,2024-25,Partial,,
STU02126,Harini,Female,9,C,Tamil,77.40,100.00,37.00,81.00,71.60,B,Pass,2026-27,Partial,,
STU02127,Madhan,Male,6,A,Science,77.00,51.00,32.00,80.00,59.80,D,Pass,2025-26,Paid,,
STU02128,Ajay,Male,10,B,Science,100.00,51.00,36.00,66.00,54.00,D,Pass,2024-25,Pending,,
STU02129,Aishwarya,Female,9,C,Science,84.70,55.00,33.00,53.00,47.40,F,Pass,2026-27,Partial,,
STU02130,Nivetha,Female,8,D,English,81.00,53.00,30.00,46.00,42.60,F,Pass,2024-25,Paid,,
STU02131,Dinesh,Male,11,B,Tamil,76.30,61.00,36.00,25.00,35.50,F,Fail,2024-25,Paid,,
STU02132,Hari,Male,10,D,English,88.90,72.00,42.00,83.00,68.50,C,Pass,2024-25,Partial,,
STU02133,Madhan,Male,6,A,Social Science,65.10,46.00,33.00,57.00,47.60,F,Pass,2024-25,Pending,,
STU02134,Arun,Male,10,A,Science,79.70,54.00,37.00,42.00,42.90,F,Pass,2026-27,Pending,,
STU02135,Dinesh,Male,11,D,Social Science,83.30,78.00,39.00,94.00,74.30,B,Pass,2024-25,Partial,,
STU02136,Pavithra,Female,8,D,English,82.40,40.00,31.00,27.00,30.80,F,Fail,2026-27,Partial,,
STU02137,Priya,Female,7,D,Tamil,94.40,66.00,44.00,35.00,43.90,F,Pass,2024-25,Partial,,
STU02138,Pranav,Male,6,C,Mathematics,71.80,77.00,46.00,43.00,50.70,D,Pass,2026-27,Pending,,
STU02139,Arun,Male,7,C,Tamil,88.10,65.00,38.00,77.00,62.90,C,Pass,2025-26,Paid,,
STU02140,Nivetha,Female,9,C,Mathematics,84.80,69.00,42.00,80.00,66.40,C,Pass,2025-26,Paid,,
STU02141,Karthik,Male,6,B,Mathematics,93.70,52.00,47.00,36.00,42.50,F,Pass,2026-27,Partial,,
STU02142,Vijay,Male,11,B,Social Science,71.20,92.00,49.00,61.00,63.60,C,Pass,2024-25,Paid,,
STU02143,Keerthana,Female,6,C,Social Science,90.90,76.00,34.00,84.00,67.40,C,Pass,2024-25,Pending,,
STU02144,Ajay,Male,8,B,English,74.40,79.00,44.00,27.00,42.50,F,Pass,2024-25,Pending,,
STU02145,Vijay,Male,10,A,Social Science,94.10,77.00,33.00,95.00,72.80,B,Pass,2024-25,Partial,,
STU02146,Divya,Female,11,B,Mathematics,78.10,79.00,48.00,27.00,43.70,F,Pass,2025-26,Partial,,
STU02147,Divya,Female,6,A,Science,76.40,68.00,43.00,77.00,65.00,C,Pass,2024-25,Paid,,
STU02148,Vijay,Male,10,B,Social Science,77.80,53.00,44.00,36.00,41.80,F,Pass,2024-25,Paid,,
STU02149,Rahul,Male,7,D,Tamil,78.90,68.00,47.00,72.00,63.70,C,Pass,2024-25,Pending,,
STU02150,Swetha,Female,12,C,English,86.20,68.00,39.00,73.00,61.80,C,Pass,2026-27,Paid,,
STU02151,Keerthana,Female,7,D,Science,100.00,73.00,42.00,28.00,41.20,F,Pass,2024-25,Partial,,
STU02152,Pranav,Male,7,A,Mathematics,80.50,98.00,50.00,51.00,60.10,C,Pass,2026-27,Pending,,
STU02153,Keerthana,Female,8,B,Mathematics,72.20,97.00,43.00,93.00,78.80,B,Pass,2024-25,Paid,,
STU02154,Divya,Female,11,B,Science,78.20,58.00,42.00,82.00,65.20,C,Pass,2024-25,Partial,,
STU02155,Swetha,Female,11,D,Mathematics,97.90,54.00,34.00,60.00,51.00,D,Pass,2024-25,Partial,,
STU02156,Swetha,Female,12,D,Social Science,74.70,69.00,49.00,62.00,59.50,D,Pass,2025-26,Pending,,
STU02157,Vijay,Male,10,A,English,80.20,48.00,46.00,63.00,54.90,D,Pass,2026-27,Partial,,
STU02158,Harini,Female,7,B,English,84.10,75.00,38.00,51.00,51.90,D,Pass,2025-26,Paid,,
STU02159,Swetha,Female,11,D,Social Science,84.80,46.00,40.00,80.00,61.20,C,Pass,2025-26,Partial,,
STU02160,Keerthana,Female,8,C,Social Science,86.00,57.00,30.00,76.00,58.40,D,Pass,2026-27,Partial,,
STU02161,Harini,Female,11,A,Tamil,94.70,98.00,36.00,94.00,77.40,B,Pass,2026-27,Paid,,
STU02162,Dinesh,Male,7,A,Science,91.30,64.00,39.00,53.00,51.00,D,Pass,2025-26,Partial,,
STU02163,Aishwarya,Female,12,B,Tamil,74.10,88.00,47.00,27.00,45.20,F,Pass,2025-26,Pending,,
STU02164,Ananya,Female,8,A,Tamil,80.60,40.00,35.00,36.00,36.50,F,Fail,2024-25,Pending,,
STU02165,Priya,Female,11,C,Tamil,84.10,38.00,33.00,76.00,55.50,D,Pass,2024-25,Pending,,
STU02166,Ananya,Female,12,B,Science,75.90,53.00,33.00,89.00,65.00,C,Pass,2025-26,Paid,,
STU02167,Rahul,Male,7,A,English,90.60,41.00,32.00,36.00,35.80,F,Fail,2025-26,Paid,,
STU02168,Rahul,Male,8,D,Tamil,88.70,65.00,33.00,88.00,66.90,C,Pass,2026-27,Paid,,
STU02169,Aishwarya,Female,9,A,Tamil,94.60,54.00,41.00,31.00,38.60,F,Fail,2026-27,Partial,,
STU02170,Divya,Female,10,C,Science,70.80,77.00,41.00,26.00,40.70,F,Pass,2026-27,Paid,,
STU02171,Rahul,Male,9,C,English,78.80,50.00,30.00,85.00,61.50,C,Pass,2024-25,Partial,,
STU02172,Aishwarya,Female,11,A,Science,87.10,52.00,44.00,32.00,39.60,F,Fail,2026-27,Paid,,
STU02173,Divya,Female,9,A,Science,97.10,49.00,49.00,85.00,67.00,C,Pass,2024-25,Paid,,
STU02174,Madhan,Male,12,D,Mathematics,84.60,96.00,45.00,40.00,52.70,D,Pass,2026-27,Paid,,
STU02175,Nivetha,Female,12,B,Tamil,72.10,48.00,30.00,48.00,42.60,F,Pass,2025-26,Partial,,
STU02176,Hari,Male,8,C,Science,85.40,99.00,31.00,26.00,42.10,F,Pass,2024-25,Partial,,
STU02177,Harini,Female,7,B,English,100.00,55.00,33.00,75.00,58.40,D,Pass,2026-27,Paid,,
STU02178,Kavya,Female,11,D,Social Science,63.90,80.00,44.00,58.00,58.20,D,Pass,2025-26,Partial,,
STU02179,Ananya,Female,9,D,Mathematics,94.70,50.00,37.00,98.00,70.10,B,Pass,2025-26,Partial,,
STU02180,Karthik,Male,8,A,Tamil,87.60,87.00,39.00,43.00,50.60,D,Pass,2025-26,Paid,,
STU02181,Dinesh,Male,6,B,English,63.70,68.00,35.00,61.00,54.60,D,Pass,2024-25,Partial,,
STU02182,Madhan,Male,10,B,Social Science,100.00,52.00,39.00,94.00,69.10,C,Pass,2025-26,Partial,,
STU02183,Rahul,Male,6,A,Mathematics,96.00,44.00,30.00,65.00,50.30,D,Pass,2024-25,Paid,,
STU02184,Karthik,Male,8,A,Science,73.50,95.00,41.00,95.00,78.80,B,Pass,2025-26,Partial,,
STU02185,Swetha,Female,11,B,English,70.40,77.00,37.00,64.00,58.50,D,Pass,2026-27,Paid,,
STU02186,Arun,Male,8,A,Tamil,61.60,70.00,45.00,78.00,66.50,C,Pass,2025-26,Paid,,
STU02187,Aishwarya,Female,12,D,Tamil,78.80,78.00,40.00,39.00,47.10,F,Pass,2024-25,Partial,,
STU02188,Dinesh,Male,9,C,Tamil,88.80,52.00,37.00,100.00,71.50,B,Pass,2025-26,Partial,,
STU02189,Aishwarya,Female,6,C,Mathematics,81.40,40.00,49.00,84.00,64.70,C,Pass,2024-25,Paid,,
STU02190,Ananya,Female,7,C,Mathematics,91.70,90.00,41.00,60.00,60.30,C,Pass,2025-26,Pending,,
STU02191,Keerthana,Female,6,C,Tamil,79.80,61.00,31.00,89.00,66.00,C,Pass,2025-26,Paid,,
STU02192,Swetha,Female,12,C,Science,82.80,64.00,45.00,32.00,42.30,F,Pass,2024-25,Paid,,
STU02193,Nivetha,Female,8,B,Social Science,88.40,91.00,39.00,34.00,46.90,F,Pass,2025-26,Partial,,
STU02194,Pavithra,Female,11,B,Science,82.60,41.00,35.00,97.00,67.20,C,Pass,2024-25,Pending,,
STU02195,Swetha,Female,11,D,English,87.00,73.00,31.00,82.00,64.90,C,Pass,2025-26,Pending,,
STU02196,Keerthana,Female,6,D,Science,78.00,61.00,34.00,86.00,65.40,C,Pass,2024-25,Partial,,
STU02197,Pranav,Male,7,D,Science,77.30,51.00,36.00,92.00,67.00,C,Pass,2025-26,Partial,,
STU02198,Kavya,Female,6,D,Tamil,84.70,68.00,46.00,91.00,72.90,B,Pass,2025-26,Partial,,
STU02199,Vijay,Male,6,C,Mathematics,83.30,79.00,30.00,92.00,70.80,B,Pass,2026-27,Paid,,
STU02200,Priya,Female,10,D,Tamil,74.40,76.00,49.00,82.00,70.90,B,Pass,2025-26,Pending,,
STU02201,Pranav,Male,7,C,Science,66.50,99.00,49.00,84.00,76.50,B,Pass,2025-26,Partial,,
STU02202,Nivetha,Female,8,B,Science,87.00,44.00,48.00,28.00,37.20,F,Fail,2024-25,Partial,,
STU02203,Keerthana,Female,12,B,Science,84.50,51.00,44.00,51.00,48.90,F,Pass,2024-25,Paid,,
STU02204,Vijay,Male,11,B,Science,91.80,48.00,33.00,34.00,36.50,F,Fail,2025-26,Pending,,
STU02205,Swetha,Female,10,A,Science,86.70,72.00,35.00,94.00,71.90,B,Pass,2025-26,Paid,,
STU02206,Harini,Female,12,D,Social Science,85.70,64.00,31.00,72.00,58.10,D,Pass,2024-25,Paid,,
STU02207,Kavya,Female,6,B,Social Science,85.90,38.00,35.00,77.00,56.60,D,Pass,2026-27,Partial,,
STU02208,Karthik,Male,8,B,Science,77.10,69.00,45.00,34.00,44.30,F,Pass,2024-25,Pending,,
STU02209,Karthik,Male,9,D,Tamil,98.00,45.00,42.00,49.00,46.10,F,Pass,2025-26,Paid,,
STU02210,Ananya,Female,6,C,Social Science,73.40,60.00,36.00,48.00,46.80,F,Pass,2025-26,Pending,,
STU02211,Sanjay,Male,8,D,Social Science,82.80,91.00,35.00,97.00,77.20,B,Pass,2025-26,Pending,,
STU02212,Priya,Female,10,A,Social Science,86.80,63.00,48.00,29.00,41.50,F,Pass,2026-27,Pending,,
STU02213,Harini,Female,6,B,Mathematics,71.70,76.00,33.00,53.00,51.60,D,Pass,2026-27,Partial,,
STU02214,Vijay,Male,9,B,Science,72.80,58.00,47.00,36.00,43.70,F,Pass,2024-25,Partial,,
STU02215,Ajay,Male,7,C,Tamil,76.80,89.00,31.00,41.00,47.60,F,Pass,2025-26,Partial,,
STU02216,Pavithra,Female,9,C,English,98.40,93.00,35.00,95.00,76.60,B,Pass,2026-27,Pending,,
STU02217,Priya,Female,10,D,Mathematics,72.00,82.00,30.00,82.00,66.40,C,Pass,2026-27,Paid,,
STU02218,Harini,Female,12,A,Science,72.20,98.00,41.00,77.00,70.40,B,Pass,2024-25,Paid,,
STU02219,Hari,Male,6,A,Social Science,100.00,40.00,35.00,48.00,42.50,F,Pass,2024-25,Pending,,
STU02220,Priya,Female,10,A,Mathematics,77.20,68.00,47.00,98.00,76.70,B,Pass,2024-25,Partial,,
STU02221,Vijay,Male,7,C,English,82.10,56.00,37.00,70.00,57.30,D,Pass,2024-25,Paid,,
STU02222,Pranav,Male,11,C,Mathematics,88.20,42.00,33.00,53.00,44.80,F,Pass,2025-26,Pending,,
STU02223,Ananya,Female,7,D,Social Science,69.30,71.00,36.00,49.00,49.50,F,Pass,2024-25,Paid,,
STU02224,Sanjay,Male,12,B,Science,81.70,55.00,48.00,79.00,64.90,C,Pass,2024-25,Paid,,
STU02225,Pranav,Male,10,B,Tamil,100.00,69.00,38.00,36.00,43.20,F,Pass,2024-25,Partial,,
STU02226,Dinesh,Male,12,C,Social Science,100.00,85.00,40.00,42.00,50.00,D,Pass,2024-25,Paid,,
STU02227,Rahul,Male,9,D,English,91.90,82.00,38.00,45.00,50.30,D,Pass,2024-25,Paid,,
STU02228,Keerthana,Female,10,C,Tamil,87.10,61.00,44.00,68.00,59.40,D,Pass,2026-27,Paid,,
STU02229,Vijay,Male,9,D,Tamil,80.70,82.00,37.00,76.00,65.50,C,Pass,2024-25,Pending,,
STU02230,Pavithra,Female,8,B,Social Science,77.60,86.00,38.00,74.00,65.60,C,Pass,2024-25,Paid,,
STU02231,Madhan,Male,9,A,Science,84.60,35.00,48.00,100.00,71.40,B,Pass,2024-25,Partial,,
STU02232,Nivetha,Female,12,B,Mathematics,75.30,42.00,36.00,46.00,42.20,F,Pass,2026-27,Paid,,
STU02233,Pranav,Male,11,B,Mathematics,76.70,69.00,36.00,42.00,45.60,F,Pass,2024-25,Partial,,
STU02234,Sanjay,Male,7,A,Social Science,88.90,91.00,45.00,100.00,81.70,A,Pass,2025-26,Partial,,
STU02235,Sanjay,Male,9,B,Mathematics,79.30,51.00,34.00,36.00,38.40,F,Fail,2026-27,Partial,,
STU02236,Sanjay,Male,11,C,Social Science,74.90,49.00,48.00,48.00,48.20,F,Pass,2026-27,Paid,,
STU02237,Aishwarya,Female,9,D,Tamil,69.10,60.00,36.00,55.00,50.30,D,Pass,2024-25,Partial,,
STU02238,Nivetha,Female,6,C,Social Science,87.90,42.00,35.00,68.00,52.90,D,Pass,2025-26,Partial,,
STU02239,Swetha,Female,8,A,Social Science,76.10,80.00,46.00,92.00,75.80,B,Pass,2024-25,Partial,,
STU02240,Pranav,Male,11,D,Science,92.20,52.00,42.00,47.00,46.50,F,Pass,2024-25,Partial,,
STU02241,Swetha,Female,9,B,Social Science,83.70,62.00,50.00,65.00,59.90,D,Pass,2026-27,Pending,,
STU02242,Madhan,Male,9,B,Social Science,72.70,55.00,35.00,48.00,45.50,F,Pass,2025-26,Paid,,
STU02243,Hari,Male,7,C,Science,92.20,73.00,44.00,47.00,51.30,D,Pass,2026-27,Pending,,
STU02244,Madhan,Male,12,C,English,100.00,36.00,32.00,46.00,39.80,F,Fail,2024-25,Paid,,
STU02245,Divya,Female,8,B,Social Science,83.60,88.00,42.00,46.00,53.20,D,Pass,2026-27,Pending,,
STU02246,Vijay,Male,9,D,Tamil,82.10,68.00,40.00,31.00,41.10,F,Pass,2026-27,Pending,,
STU02247,Priya,Female,7,A,Science,89.40,37.00,37.00,34.00,35.50,F,Fail,2024-25,Partial,,
STU02248,Madhan,Male,7,B,Mathematics,69.60,60.00,47.00,47.00,49.60,F,Pass,2024-25,Paid,,
STU02249,Pavithra,Female,6,A,Social Science,85.40,40.00,43.00,27.00,34.40,F,Fail,2026-27,Paid,,
STU02250,Pavithra,Female,11,A,Mathematics,100.00,86.00,38.00,76.00,66.60,C,Pass,2024-25,Partial,,
STU02251,Ananya,Female,9,D,English,76.60,80.00,30.00,26.00,38.00,F,Fail,2026-27,Pending,,
STU02252,Dinesh,Male,7,B,Mathematics,86.40,89.00,32.00,81.00,67.90,C,Pass,2025-26,Partial,,
STU02253,Rahul,Male,11,A,English,100.00,87.00,33.00,26.00,40.30,F,Pass,2026-27,Partial,,
STU02254,Harini,Female,11,A,Science,79.80,73.00,34.00,50.00,49.80,F,Pass,2026-27,Paid,,
STU02255,Nivetha,Female,8,C,Tamil,87.70,57.00,44.00,85.00,67.10,C,Pass,2026-27,Pending,,
STU02256,Pavithra,Female,9,A,Science,78.60,61.00,38.00,62.00,54.60,D,Pass,2024-25,Partial,,
STU02257,Sanjay,Male,9,A,Science,77.70,100.00,47.00,81.00,74.60,B,Pass,2024-25,Paid,,
STU02258,Kavya,Female,10,B,English,90.10,73.00,35.00,30.00,40.10,F,Pass,2024-25,Pending,,
STU02259,Dinesh,Male,8,C,Mathematics,92.30,63.00,38.00,69.00,58.50,D,Pass,2025-26,Pending,,
STU02260,Hari,Male,12,D,Social Science,87.50,67.00,44.00,97.00,75.10,B,Pass,2024-25,Paid,,
STU02261,Harini,Female,12,C,English,69.80,88.00,47.00,97.00,80.20,A,Pass,2024-25,Pending,,
STU02262,Keerthana,Female,7,D,Mathematics,93.70,43.00,50.00,26.00,36.60,F,Fail,2024-25,Partial,,
STU02263,Priya,Female,10,C,Mathematics,58.20,57.00,32.00,75.00,58.50,D,Pass,2026-27,Pending,,
STU02264,Pranav,Male,12,A,Tamil,84.70,63.00,45.00,93.00,72.60,B,Pass,2024-25,Pending,,
STU02265,Ananya,Female,8,D,Science,81.30,93.00,46.00,91.00,77.90,B,Pass,2025-26,Pending,,
STU02266,Dinesh,Male,6,D,Science,73.70,45.00,47.00,82.00,64.10,C,Pass,2026-27,Pending,,
STU02267,Harini,Female,9,D,English,77.80,64.00,42.00,95.00,72.90,B,Pass,2024-25,Pending,,
STU02268,Divya,Female,10,C,Social Science,73.10,39.00,31.00,44.00,39.10,F,Fail,2025-26,Pending,,
STU02269,Madhan,Male,12,A,Tamil,83.50,40.00,44.00,96.00,69.20,C,Pass,2025-26,Paid,,
STU02270,Priya,Female,8,D,Science,73.50,39.00,40.00,29.00,34.30,F,Fail,2024-25,Partial,,
STU02271,Dinesh,Male,8,D,Social Science,75.10,85.00,45.00,81.00,71.00,B,Pass,2026-27,Paid,,
STU02272,Ajay,Male,9,A,Social Science,81.60,52.00,35.00,48.00,44.90,F,Pass,2025-26,Pending,,
STU02273,Kavya,Female,11,C,Tamil,69.10,92.00,46.00,89.00,76.70,B,Pass,2025-26,Pending,,
STU02274,Hari,Male,12,C,Social Science,70.70,40.00,42.00,85.00,63.10,C,Pass,2024-25,Partial,,
STU02275,Priya,Female,8,B,Social Science,75.00,99.00,45.00,76.00,71.30,B,Pass,2024-25,Partial,,
STU02276,Nivetha,Female,12,A,Mathematics,63.10,52.00,34.00,40.00,40.60,F,Pass,2026-27,Pending,,
STU02277,Sanjay,Male,11,D,Tamil,72.30,91.00,30.00,77.00,65.70,C,Pass,2025-26,Paid,,
STU02278,Arun,Male,12,A,Science,79.20,55.00,48.00,26.00,38.40,F,Fail,2025-26,Paid,,
STU02279,Hari,Male,12,A,Social Science,91.40,97.00,33.00,96.00,77.30,B,Pass,2024-25,Pending,,
STU02280,Priya,Female,12,B,Science,60.90,46.00,44.00,25.00,34.90,F,Fail,2026-27,Pending,,
STU02281,Kavya,Female,8,B,Science,77.00,61.00,48.00,93.00,73.10,B,Pass,2026-27,Partial,,
STU02282,Karthik,Male,11,B,Mathematics,78.90,73.00,50.00,27.00,43.10,F,Pass,2024-25,Pending,,
STU02283,Kavya,Female,10,D,Science,91.60,57.00,32.00,68.00,55.00,D,Pass,2026-27,Pending,,
STU02284,Arun,Male,8,C,Social Science,83.60,55.00,38.00,54.00,49.40,F,Pass,2026-27,Partial,,
STU02285,Priya,Female,12,A,English,85.10,44.00,44.00,93.00,68.50,C,Pass,2024-25,Pending,,
STU02286,Aishwarya,Female,12,A,Science,66.90,83.00,50.00,59.00,61.10,C,Pass,2026-27,Paid,,
STU02287,Pranav,Male,11,A,Tamil,67.80,53.00,50.00,90.00,70.60,B,Pass,2024-25,Pending,,
STU02288,Rahul,Male,9,A,Tamil,95.40,95.00,31.00,44.00,50.30,D,Pass,2025-26,Partial,,
STU02289,Ananya,Female,9,A,English,95.80,39.00,46.00,33.00,38.10,F,Fail,2025-26,Paid,,
STU02290,Keerthana,Female,10,B,Social Science,84.70,88.00,47.00,47.00,55.20,D,Pass,2026-27,Pending,,
STU02291,Aishwarya,Female,8,A,Tamil,70.40,78.00,48.00,48.00,54.00,D,Pass,2026-27,Partial,,
STU02292,Harini,Female,6,A,Science,85.20,35.00,43.00,100.00,69.90,C,Pass,2026-27,Paid,,
STU02293,Divya,Female,7,D,Science,80.60,39.00,46.00,42.00,42.60,F,Pass,2024-25,Paid,,
STU02294,Dinesh,Male,6,B,Science,83.10,59.00,38.00,60.00,53.20,D,Pass,2025-26,Paid,,
STU02295,Kavya,Female,9,B,Mathematics,75.90,97.00,30.00,35.00,45.90,F,Pass,2024-25,Paid,,
STU02296,Keerthana,Female,8,B,Mathematics,92.50,62.00,43.00,27.00,38.80,F,Fail,2026-27,Paid,,
STU02297,Rahul,Male,9,C,English,94.60,69.00,48.00,82.00,69.20,C,Pass,2025-26,Partial,,
STU02298,Rahul,Male,10,D,Science,82.70,35.00,34.00,62.00,48.20,F,Pass,2024-25,Pending,,
STU02299,Keerthana,Female,12,C,Tamil,77.80,89.00,38.00,89.00,73.70,B,Pass,2024-25,Partial,,
STU02300,Nivetha,Female,12,C,Tamil,87.70,66.00,42.00,59.00,55.30,D,Pass,2026-27,Partial,,
STU02301,Karthik,Male,8,D,Science,82.10,86.00,43.00,44.00,52.10,D,Pass,2024-25,Paid,,
STU02302,Ajay,Male,6,D,Science,91.60,94.00,49.00,92.00,79.50,B,Pass,2025-26,Pending,,
STU02303,Vijay,Male,8,C,Social Science,92.70,57.00,34.00,31.00,37.10,F,Fail,2025-26,Paid,,
STU02304,Keerthana,Female,7,D,Social Science,58.00,51.00,30.00,74.00,56.20,D,Pass,2025-26,Pending,,
STU02305,Dinesh,Male,10,D,English,85.40,54.00,48.00,95.00,72.70,B,Pass,2024-25,Paid,,
STU02306,Aishwarya,Female,11,D,Science,90.50,100.00,44.00,88.00,77.20,B,Pass,2025-26,Partial,,
STU02307,Pranav,Male,12,D,Tamil,79.60,57.00,31.00,91.00,66.20,C,Pass,2025-26,Partial,,
STU02308,Karthik,Male,8,B,Social Science,89.10,59.00,49.00,35.00,44.00,F,Pass,2024-25,Paid,,
STU02309,Ananya,Female,6,A,Tamil,81.20,94.00,42.00,43.00,52.90,D,Pass,2026-27,Partial,,
STU02310,Sanjay,Male,11,B,Tamil,85.10,71.00,48.00,34.00,45.60,F,Pass,2024-25,Pending,,
STU02311,Arun,Male,7,D,Mathematics,90.20,95.00,34.00,29.00,43.70,F,Pass,2026-27,Partial,,
STU02312,Nivetha,Female,12,D,Mathematics,93.60,55.00,34.00,62.00,52.20,D,Pass,2024-25,Pending,,
STU02313,Arun,Male,10,B,English,78.20,97.00,43.00,79.00,71.80,B,Pass,2026-27,Paid,,
STU02314,Aishwarya,Female,10,D,English,88.20,39.00,50.00,72.00,58.80,D,Pass,2025-26,Partial,,
STU02315,Arun,Male,6,D,Mathematics,82.60,92.00,49.00,77.00,71.60,B,Pass,2025-26,Paid,,
STU02316,Kavya,Female,8,D,English,100.00,72.00,30.00,64.00,55.40,D,Pass,2024-25,Pending,,
STU02317,Harini,Female,6,B,Mathematics,82.60,59.00,45.00,65.00,57.80,D,Pass,2025-26,Paid,,
STU02318,Arun,Male,9,D,Science,85.80,60.00,50.00,46.00,50.00,D,Pass,2024-25,Pending,,
STU02319,Ananya,Female,7,D,Tamil,82.80,57.00,31.00,43.00,42.20,F,Pass,2026-27,Pending,,
STU02320,Madhan,Male,7,D,English,65.10,61.00,44.00,30.00,40.40,F,Pass,2024-25,Pending,,
STU02321,Sanjay,Male,12,C,Mathematics,86.70,35.00,38.00,88.00,62.40,C,Pass,2025-26,Paid,,
STU02322,Aishwarya,Female,9,B,English,75.30,75.00,32.00,25.00,37.10,F,Fail,2026-27,Pending,,
STU02323,Nivetha,Female,6,A,Science,63.10,80.00,32.00,86.00,68.60,C,Pass,2026-27,Paid,,
STU02324,Hari,Male,10,C,Tamil,61.90,69.00,41.00,74.00,63.10,C,Pass,2024-25,Pending,,
STU02325,Madhan,Male,12,A,Social Science,85.30,79.00,41.00,94.00,75.10,B,Pass,2026-27,Paid,,
STU02326,Pranav,Male,12,D,Mathematics,70.50,69.00,49.00,75.00,66.00,C,Pass,2026-27,Pending,,
STU02327,Madhan,Male,11,A,Science,93.10,95.00,30.00,31.00,43.50,F,Pass,2025-26,Paid,,
STU02328,Arun,Male,11,C,Mathematics,85.40,74.00,33.00,94.00,71.70,B,Pass,2025-26,Paid,,
STU02329,Madhan,Male,12,B,English,92.90,61.00,48.00,73.00,63.10,C,Pass,2025-26,Paid,,
STU02330,Rahul,Male,10,C,Social Science,88.10,86.00,38.00,27.00,42.10,F,Pass,2026-27,Pending,,
STU02331,Vijay,Male,9,C,English,74.90,83.00,39.00,80.00,68.30,C,Pass,2026-27,Partial,,
STU02332,Rahul,Male,11,B,Mathematics,76.30,88.00,34.00,50.00,52.80,D,Pass,2024-25,Paid,,
STU02333,Harini,Female,8,A,Social Science,100.00,90.00,45.00,30.00,46.50,F,Pass,2026-27,Partial,,
STU02334,Ananya,Female,10,B,Tamil,70.30,50.00,49.00,36.00,42.70,F,Pass,2026-27,Partial,,
STU02335,Priya,Female,6,A,English,72.70,84.00,42.00,37.00,47.90,F,Pass,2024-25,Pending,,
STU02336,Aishwarya,Female,8,A,Mathematics,62.10,55.00,42.00,55.00,51.10,D,Pass,2024-25,Partial,,
STU02337,Karthik,Male,10,D,Tamil,78.90,55.00,34.00,27.00,34.70,F,Fail,2025-26,Paid,,
STU02338,Ananya,Female,9,D,Mathematics,92.60,81.00,38.00,62.00,58.60,D,Pass,2025-26,Partial,,
STU02339,Hari,Male,11,B,English,96.60,72.00,42.00,34.00,44.00,F,Pass,2026-27,Partial,,
STU02340,Priya,Female,10,C,Science,90.00,97.00,42.00,77.00,70.50,B,Pass,2024-25,Pending,,
STU02341,Rahul,Male,8,D,Tamil,64.10,52.00,42.00,34.00,40.00,F,Pass,2026-27,Partial,,
STU02342,Ananya,Female,7,C,Science,100.00,92.00,30.00,52.00,53.40,D,Pass,2025-26,Partial,,
STU02343,Ananya,Female,8,A,Science,82.90,65.00,43.00,26.00,38.90,F,Fail,2025-26,Paid,,
STU02344,Hari,Male,11,A,Science,92.00,69.00,30.00,94.00,69.80,C,Pass,2026-27,Paid,,
STU02345,Rahul,Male,10,A,Social Science,86.40,65.00,50.00,28.00,42.00,F,Pass,2024-25,Pending,,
STU02346,Arun,Male,10,C,Mathematics,86.10,55.00,36.00,83.00,63.30,C,Pass,2025-26,Partial,,
STU02347,Kavya,Female,8,B,Tamil,65.40,85.00,31.00,31.00,41.80,F,Pass,2026-27,Partial,,
STU02348,Ananya,Female,7,D,Mathematics,73.60,98.00,39.00,66.00,64.30,C,Pass,2025-26,Pending,,
STU02349,Arun,Male,8,C,Social Science,89.90,71.00,40.00,53.00,52.70,D,Pass,2026-27,Paid,,
STU02350,Hari,Male,6,A,Social Science,80.10,84.00,41.00,69.00,63.60,C,Pass,2026-27,Paid,,
STU02351,Harini,Female,12,C,Science,87.80,56.00,49.00,72.00,61.90,C,Pass,2024-25,Paid,,
STU02352,Kavya,Female,9,A,Mathematics,81.30,87.00,42.00,26.00,43.00,F,Pass,2024-25,Pending,,
STU02353,Ajay,Male,12,B,Mathematics,79.60,36.00,39.00,82.00,59.90,D,Pass,2026-27,Paid,,
STU02354,Swetha,Female,6,B,English,81.40,80.00,32.00,71.00,61.10,C,Pass,2026-27,Pending,,
STU02355,Karthik,Male,8,B,Tamil,88.60,46.00,43.00,88.00,66.10,C,Pass,2024-25,Pending,,
STU02356,Ananya,Female,8,D,Social Science,85.00,42.00,41.00,41.00,41.20,F,Pass,2024-25,Pending,,
STU02357,Divya,Female,7,B,Social Science,77.00,68.00,31.00,73.00,59.40,D,Pass,2025-26,Partial,,
STU02358,Priya,Female,6,C,Science,91.60,41.00,40.00,83.00,61.70,C,Pass,2024-25,Partial,,
STU02359,Hari,Male,11,D,Science,100.00,86.00,48.00,52.00,57.60,D,Pass,2025-26,Pending,,
STU02360,Divya,Female,10,B,English,76.80,76.00,49.00,88.00,73.90,B,Pass,2025-26,Partial,,
STU02361,Swetha,Female,10,A,Mathematics,80.80,58.00,37.00,86.00,65.70,C,Pass,2025-26,Partial,,
STU02362,Hari,Male,8,B,Tamil,79.10,47.00,48.00,48.00,47.80,F,Pass,2024-25,Paid,,
STU02363,Swetha,Female,9,B,English,88.80,96.00,36.00,42.00,51.00,D,Pass,2024-25,Partial,,
STU02364,Harini,Female,8,A,English,99.10,52.00,40.00,55.00,49.90,F,Pass,2024-25,Pending,,
STU02365,Swetha,Female,10,B,Mathematics,87.70,65.00,49.00,45.00,50.20,D,Pass,2024-25,Partial,,
STU02366,Keerthana,Female,6,B,English,91.80,58.00,30.00,98.00,69.60,C,Pass,2024-25,Pending,,
STU02367,Karthik,Male,9,B,English,82.40,70.00,39.00,42.00,46.70,F,Pass,2024-25,Pending,,
STU02368,Divya,Female,10,B,Social Science,75.80,36.00,45.00,67.00,54.20,D,Pass,2025-26,Paid,,
STU02369,Harini,Female,11,C,English,84.70,91.00,40.00,80.00,70.20,B,Pass,2026-27,Partial,,
STU02370,Rahul,Male,10,B,Tamil,79.90,38.00,30.00,75.00,54.10,D,Pass,2025-26,Paid,,
STU02371,Vijay,Male,7,D,English,92.00,94.00,44.00,52.00,58.00,D,Pass,2024-25,Paid,,
STU02372,Aishwarya,Female,11,A,Science,76.00,86.00,39.00,86.00,71.90,B,Pass,2024-25,Pending,,
STU02373,Rahul,Male,10,C,Tamil,83.30,77.00,49.00,65.00,62.60,C,Pass,2024-25,Partial,,
STU02374,Keerthana,Female,11,C,Tamil,99.80,39.00,50.00,85.00,65.30,C,Pass,2026-27,Pending,,
STU02375,Vijay,Male,9,C,Tamil,72.90,95.00,41.00,89.00,75.80,B,Pass,2024-25,Pending,,
STU02376,Swetha,Female,7,C,Social Science,64.00,35.00,43.00,45.00,42.40,F,Pass,2024-25,Paid,,
STU02377,Ajay,Male,7,C,Science,95.20,87.00,32.00,61.00,57.50,D,Pass,2026-27,Pending,,
STU02378,Nivetha,Female,10,D,Social Science,70.10,61.00,33.00,91.00,67.60,C,Pass,2024-25,Partial,,
STU02379,Kavya,Female,12,C,Social Science,83.90,99.00,43.00,29.00,47.20,F,Pass,2026-27,Partial,,
STU02380,Nivetha,Female,6,C,Social Science,74.50,61.00,34.00,78.00,61.40,C,Pass,2025-26,Pending,,
STU02381,Vijay,Male,7,B,Social Science,81.60,51.00,33.00,45.00,42.60,F,Pass,2026-27,Partial,,
STU02382,Karthik,Male,8,C,Social Science,91.80,78.00,37.00,57.00,55.20,D,Pass,2024-25,Paid,,
STU02383,Vijay,Male,11,D,Science,80.40,55.00,34.00,49.00,45.70,F,Pass,2026-27,Partial,,
STU02384,Pavithra,Female,8,B,English,52.40,78.00,42.00,84.00,70.20,B,Pass,2026-27,Partial,,
STU02385,Divya,Female,12,B,English,85.40,96.00,31.00,67.00,62.00,C,Pass,2026-27,Partial,,
STU02386,Divya,Female,9,A,Science,93.70,44.00,36.00,57.00,48.10,F,Pass,2026-27,Partial,,
STU02387,Swetha,Female,8,D,Social Science,60.30,69.00,42.00,28.00,40.40,F,Pass,2026-27,Pending,,
STU02388,Pavithra,Female,10,C,Social Science,66.30,84.00,36.00,94.00,74.60,B,Pass,2024-25,Paid,,
STU02389,Keerthana,Female,7,D,Tamil,93.90,53.00,43.00,35.00,41.00,F,Pass,2025-26,Pending,,
STU02390,Arun,Male,6,D,Mathematics,85.90,80.00,40.00,82.00,69.00,C,Pass,2026-27,Partial,,
STU02391,Harini,Female,8,D,Social Science,90.30,80.00,45.00,70.00,64.50,C,Pass,2024-25,Paid,,
STU02392,Pavithra,Female,9,C,Tamil,79.10,35.00,31.00,74.00,53.30,D,Pass,2026-27,Pending,,
STU02393,Aishwarya,Female,12,D,Social Science,87.10,42.00,41.00,34.00,37.70,F,Fail,2025-26,Pending,,
STU02394,Harini,Female,8,A,English,75.50,57.00,38.00,63.00,54.30,D,Pass,2025-26,Paid,,
STU02395,Harini,Female,6,B,English,85.10,89.00,30.00,90.00,71.80,B,Pass,2024-25,Pending,,
STU02396,Ananya,Female,11,A,Science,91.70,37.00,37.00,77.00,57.00,D,Pass,2024-25,Paid,,
STU02397,Harini,Female,7,B,Social Science,79.80,40.00,40.00,31.00,35.50,F,Fail,2026-27,Partial,,
STU02398,Arun,Male,10,C,Tamil,79.20,62.00,38.00,99.00,73.30,B,Pass,2024-25,Partial,,
STU02399,Divya,Female,12,D,Social Science,62.80,97.00,34.00,59.00,59.10,D,Pass,2025-26,Paid,,
STU02400,Divya,Female,7,C,Science,83.80,69.00,46.00,26.00,40.60,F,Pass,2025-26,Pending,,
STU02401,Dinesh,Male,7,C,Science,82.10,100.00,30.00,98.00,78.00,B,Pass,2025-26,Pending,,
STU02402,Madhan,Male,8,A,Mathematics,70.40,40.00,34.00,80.00,58.20,D,Pass,2024-25,Paid,,
STU02403,Harini,Female,7,A,English,91.20,52.00,40.00,91.00,67.90,C,Pass,2025-26,Partial,,
STU02404,Dinesh,Male,7,C,English,80.20,40.00,37.00,37.00,37.60,F,Fail,2026-27,Partial,,
STU02405,Pavithra,Female,9,C,Social Science,73.20,81.00,33.00,64.00,58.10,D,Pass,2024-25,Partial,,
STU02406,Harini,Female,11,B,English,85.70,35.00,46.00,91.00,66.30,C,Pass,2026-27,Paid,,
STU02407,Aishwarya,Female,12,D,Social Science,84.80,88.00,35.00,56.00,56.10,D,Pass,2026-27,Paid,,
STU02408,Ajay,Male,6,C,Social Science,74.40,83.00,49.00,60.00,61.30,C,Pass,2024-25,Pending,,
STU02409,Pavithra,Female,8,B,Tamil,88.30,35.00,42.00,76.00,57.60,D,Pass,2024-25,Partial,,
STU02410,Karthik,Male,8,A,Social Science,73.20,46.00,44.00,94.00,69.40,C,Pass,2026-27,Paid,,
STU02411,Keerthana,Female,9,C,Mathematics,72.50,37.00,43.00,44.00,42.30,F,Pass,2024-25,Paid,,
STU02412,Keerthana,Female,7,D,Tamil,78.00,92.00,49.00,89.00,77.60,B,Pass,2026-27,Paid,,
STU02413,Vijay,Male,7,D,Social Science,96.70,89.00,40.00,59.00,59.30,D,Pass,2026-27,Partial,,
STU02414,Ananya,Female,11,C,Science,87.50,92.00,48.00,66.00,65.80,C,Pass,2026-27,Pending,,
STU02415,Dinesh,Male,9,D,Mathematics,76.80,44.00,47.00,94.00,69.90,C,Pass,2026-27,Partial,,
STU02416,Dinesh,Male,11,B,Science,94.30,100.00,32.00,70.00,64.60,C,Pass,2026-27,Paid,,
STU02417,Pavithra,Female,10,A,Social Science,73.60,84.00,35.00,76.00,65.30,C,Pass,2026-27,Paid,,
STU02418,Aishwarya,Female,10,D,Science,77.30,61.00,46.00,27.00,39.50,F,Fail,2024-25,Paid,,
STU02419,Swetha,Female,6,B,English,69.40,58.00,33.00,28.00,35.50,F,Fail,2026-27,Pending,,
STU02420,Hari,Male,12,A,English,73.60,84.00,50.00,37.00,50.30,D,Pass,2026-27,Paid,,
STU02421,Dinesh,Male,6,D,Science,77.80,39.00,33.00,31.00,33.20,F,Fail,2025-26,Partial,,
STU02422,Rahul,Male,9,B,Social Science,63.00,53.00,42.00,95.00,70.70,B,Pass,2026-27,Paid,,
STU02423,Sanjay,Male,11,D,Mathematics,73.40,40.00,37.00,65.00,51.60,D,Pass,2024-25,Pending,,
STU02424,Nivetha,Female,9,D,Social Science,75.10,63.00,36.00,68.00,57.40,D,Pass,2025-26,Partial,,
STU02425,Ananya,Female,12,D,Science,82.40,56.00,36.00,37.00,40.50,F,Pass,2025-26,Pending,,
STU02426,Ananya,Female,11,C,Science,86.60,39.00,41.00,41.00,40.60,F,Pass,2026-27,Paid,,
STU02427,Kavya,Female,10,B,Social Science,79.20,68.00,31.00,64.00,54.90,D,Pass,2025-26,Partial,,
STU02428,Karthik,Male,6,C,Tamil,100.00,74.00,45.00,31.00,43.80,F,Pass,2026-27,Partial,,
STU02429,Vijay,Male,7,C,Tamil,85.90,91.00,33.00,66.00,61.10,C,Pass,2026-27,Pending,,
STU02430,Arun,Male,10,D,Science,93.70,92.00,47.00,31.00,48.00,F,Pass,2024-25,Paid,,
STU02431,Harini,Female,8,D,Social Science,79.30,95.00,48.00,62.00,64.40,C,Pass,2024-25,Paid,,
STU02432,Swetha,Female,8,A,Tamil,92.00,90.00,36.00,42.00,49.80,F,Pass,2026-27,Pending,,
STU02433,Priya,Female,12,D,Social Science,71.40,80.00,48.00,88.00,74.40,B,Pass,2025-26,Pending,,
STU02434,Madhan,Male,11,B,Science,64.90,64.00,33.00,90.00,67.70,C,Pass,2025-26,Partial,,
STU02435,Arun,Male,7,A,Mathematics,61.00,73.00,50.00,45.00,52.10,D,Pass,2024-25,Paid,,
STU02436,Sanjay,Male,6,D,Mathematics,73.80,43.00,47.00,69.00,57.20,D,Pass,2026-27,Partial,,
STU02437,Aishwarya,Female,7,D,Science,93.10,61.00,39.00,62.00,54.90,D,Pass,2025-26,Pending,,
STU02438,Swetha,Female,7,A,Mathematics,83.70,80.00,47.00,61.00,60.60,C,Pass,2026-27,Paid,,
STU02439,Harini,Female,11,A,Science,82.70,36.00,35.00,46.00,40.70,F,Pass,2024-25,Partial,,
STU02440,Ajay,Male,10,A,Mathematics,82.30,47.00,37.00,63.00,52.00,D,Pass,2025-26,Partial,,
STU02441,Swetha,Female,11,A,Social Science,81.60,97.00,44.00,61.00,63.10,C,Pass,2024-25,Partial,,
STU02442,Madhan,Male,12,B,Social Science,94.90,86.00,39.00,55.00,56.40,D,Pass,2024-25,Paid,,
STU02443,Ajay,Male,12,C,Tamil,69.20,84.00,35.00,39.00,46.80,F,Pass,2026-27,Paid,,
STU02444,Swetha,Female,9,D,Tamil,75.40,83.00,43.00,77.00,68.00,C,Pass,2025-26,Paid,,
STU02445,Vijay,Male,8,D,English,78.80,39.00,34.00,41.00,38.50,F,Fail,2024-25,Partial,,
STU02446,Sanjay,Male,10,A,Tamil,100.00,61.00,44.00,79.00,64.90,C,Pass,2026-27,Paid,,
STU02447,Pavithra,Female,8,A,Tamil,71.20,44.00,40.00,44.00,42.80,F,Pass,2026-27,Pending,,
STU02448,Swetha,Female,6,C,Mathematics,83.80,38.00,49.00,46.00,45.30,F,Pass,2024-25,Paid,,
STU02449,Divya,Female,9,C,Science,90.90,74.00,34.00,73.00,61.50,C,Pass,2024-25,Paid,,
STU02450,Priya,Female,9,B,Science,76.20,62.00,32.00,97.00,70.50,B,Pass,2026-27,Pending,,
STU02451,Kavya,Female,11,C,Mathematics,76.90,58.00,45.00,81.00,65.60,C,Pass,2025-26,Pending,,
STU02452,Sanjay,Male,10,A,Tamil,79.10,62.00,47.00,66.00,59.50,D,Pass,2024-25,Paid,,
STU02453,Nivetha,Female,6,B,Mathematics,86.20,67.00,47.00,76.00,65.50,C,Pass,2025-26,Paid,,
STU02454,Hari,Male,10,B,Social Science,59.60,35.00,39.00,85.00,61.20,C,Pass,2024-25,Paid,,
STU02455,Sanjay,Male,8,C,Science,80.20,82.00,45.00,62.00,60.90,C,Pass,2026-27,Paid,,
STU02456,Pranav,Male,6,A,Mathematics,66.70,93.00,46.00,91.00,77.90,B,Pass,2025-26,Partial,,
STU02457,Priya,Female,6,B,Tamil,78.70,71.00,37.00,81.00,65.80,C,Pass,2025-26,Partial,,
STU02458,Swetha,Female,6,B,Tamil,94.80,82.00,46.00,31.00,45.70,F,Pass,2024-25,Paid,,
STU02459,Priya,Female,6,C,English,74.30,43.00,38.00,54.00,47.00,F,Pass,2025-26,Pending,,
STU02460,Keerthana,Female,11,A,Tamil,77.60,97.00,47.00,34.00,50.50,D,Pass,2026-27,Pending,,
STU02461,Arun,Male,10,D,Social Science,78.40,77.00,44.00,31.00,44.10,F,Pass,2025-26,Partial,,
STU02462,Vijay,Male,12,D,Social Science,89.70,60.00,37.00,34.00,40.10,F,Pass,2025-26,Pending,,
STU02463,Rahul,Male,6,D,Tamil,88.20,58.00,46.00,80.00,65.40,C,Pass,2025-26,Partial,,
STU02464,Ananya,Female,11,C,English,84.10,56.00,39.00,37.00,41.40,F,Pass,2024-25,Pending,,
STU02465,Arun,Male,9,D,Science,90.50,67.00,40.00,100.00,75.40,B,Pass,2026-27,Paid,,
STU02466,Karthik,Male,12,D,Science,84.00,66.00,36.00,91.00,69.50,C,Pass,2024-25,Paid,,
STU02467,Vijay,Male,8,A,Tamil,89.30,51.00,35.00,47.00,44.20,F,Pass,2024-25,Pending,,
STU02468,Keerthana,Female,11,A,Tamil,81.60,40.00,32.00,39.00,37.10,F,Fail,2024-25,Pending,,
STU02469,Priya,Female,7,A,English,82.90,58.00,46.00,73.00,61.90,C,Pass,2024-25,Paid,,
STU02470,Rahul,Male,11,C,Mathematics,88.10,87.00,39.00,67.00,62.60,C,Pass,2024-25,Paid,,
STU02471,Keerthana,Female,10,D,Mathematics,83.20,91.00,43.00,25.00,43.60,F,Pass,2024-25,Pending,,
STU02472,Swetha,Female,7,C,English,73.70,41.00,48.00,70.00,57.60,D,Pass,2024-25,Pending,,
STU02473,Pavithra,Female,11,B,Mathematics,75.40,81.00,35.00,85.00,69.20,C,Pass,2024-25,Pending,,
STU02474,Divya,Female,8,B,Science,71.20,86.00,41.00,67.00,63.00,C,Pass,2026-27,Paid,,
STU02475,Pavithra,Female,12,D,English,76.90,100.00,31.00,78.00,68.30,C,Pass,2025-26,Pending,,
STU02476,Sanjay,Male,9,C,English,87.50,66.00,42.00,99.00,75.30,B,Pass,2026-27,Pending,,
STU02477,Sanjay,Male,9,C,Science,74.00,64.00,40.00,51.00,50.30,D,Pass,2026-27,Partial,,
STU02478,Keerthana,Female,12,C,English,85.50,54.00,39.00,50.00,47.50,F,Pass,2026-27,Pending,,
STU02479,Kavya,Female,7,C,Tamil,79.80,93.00,50.00,78.00,72.60,B,Pass,2024-25,Partial,,
STU02480,Pranav,Male,8,B,Mathematics,85.50,87.00,47.00,67.00,65.00,C,Pass,2026-27,Partial,,
STU02481,Priya,Female,11,A,Science,84.20,53.00,39.00,97.00,70.80,B,Pass,2025-26,Partial,,
STU02482,Madhan,Male,10,A,Science,72.20,47.00,41.00,53.00,48.20,F,Pass,2026-27,Partial,,
STU02483,Karthik,Male,9,B,Science,88.40,98.00,36.00,85.00,72.90,B,Pass,2024-25,Pending,,
STU02484,Dinesh,Male,11,B,Tamil,86.00,47.00,38.00,93.00,67.30,C,Pass,2026-27,Pending,,
STU02485,Aishwarya,Female,11,A,Social Science,89.90,70.00,48.00,51.00,53.90,D,Pass,2024-25,Paid,,
STU02486,Sanjay,Male,9,B,Social Science,76.00,73.00,44.00,75.00,65.30,C,Pass,2024-25,Pending,,
STU02487,Keerthana,Female,11,B,Science,86.60,86.00,36.00,49.00,52.50,D,Pass,2026-27,Paid,,
STU02488,Keerthana,Female,11,C,Tamil,75.00,62.00,42.00,98.00,74.00,B,Pass,2025-26,Partial,,
STU02489,Karthik,Male,7,D,Science,79.50,46.00,49.00,77.00,62.40,C,Pass,2025-26,Partial,,
STU02490,Ajay,Male,11,B,English,69.30,77.00,37.00,39.00,46.00,F,Pass,2024-25,Paid,,
STU02491,Divya,Female,7,C,Social Science,92.00,66.00,48.00,59.00,57.10,D,Pass,2026-27,Partial,,
STU02492,Karthik,Male,7,B,English,83.70,69.00,38.00,52.00,51.20,D,Pass,2025-26,Partial,,
STU02493,Pavithra,Female,11,B,Mathematics,77.50,40.00,48.00,94.00,69.40,C,Pass,2026-27,Pending,,
STU02494,Arun,Male,6,D,Science,81.00,62.00,31.00,34.00,38.70,F,Fail,2025-26,Partial,,
STU02495,Karthik,Male,9,A,Mathematics,68.10,45.00,30.00,31.00,33.50,F,Fail,2025-26,Partial,,
STU02496,Arun,Male,7,D,Science,74.60,50.00,42.00,94.00,69.60,C,Pass,2024-25,Partial,,
STU02497,Madhan,Male,10,A,English,80.70,60.00,38.00,89.00,67.90,C,Pass,2026-27,Pending,,
STU02498,Aishwarya,Female,8,B,Tamil,86.90,61.00,40.00,50.00,49.20,F,Pass,2024-25,Pending,,
STU02499,Dinesh,Male,10,A,Science,94.00,47.00,36.00,94.00,67.20,C,Pass,2025-26,Paid,,
STU02500,Pranav,Male,12,D,Tamil,62.40,46.00,45.00,39.00,42.20,F,Pass,2024-25,Paid,,
STU02501,Madhan,Male,11,C,Tamil,90.50,94.00,30.00,45.00,50.30,D,Pass,2026-27,Partial,,
STU02502,Sanjay,Male,6,A,English,81.80,93.00,50.00,63.00,65.10,C,Pass,2025-26,Paid,,
STU02503,Divya,Female,12,B,Science,70.20,97.00,42.00,62.00,63.00,C,Pass,2025-26,Paid,,
STU02504,Rahul,Male,10,A,Tamil,83.80,98.00,39.00,39.00,50.80,D,Pass,2026-27,Pending,,
STU02505,Madhan,Male,8,B,English,78.80,71.00,31.00,34.00,40.50,F,Pass,2026-27,Paid,,
STU02506,Pranav,Male,7,C,Tamil,78.10,87.00,49.00,80.00,72.10,B,Pass,2026-27,Paid,,
STU02507,Divya,Female,9,C,Mathematics,63.40,57.00,50.00,88.00,70.40,B,Pass,2026-27,Pending,,
STU02508,Arun,Male,7,C,Mathematics,100.00,97.00,32.00,84.00,71.00,B,Pass,2026-27,Partial,,
STU02509,Aishwarya,Female,10,C,Science,75.70,63.00,31.00,28.00,35.90,F,Fail,2025-26,Paid,,
STU02510,Swetha,Female,9,C,Science,87.20,61.00,41.00,71.00,60.00,C,Pass,2026-27,Pending,,
STU02511,Vijay,Male,9,A,Science,87.70,81.00,42.00,71.00,64.30,C,Pass,2024-25,Pending,,
STU02512,Ananya,Female,9,A,Tamil,90.50,45.00,39.00,60.00,50.70,D,Pass,2024-25,Paid,,
STU02513,Ajay,Male,10,D,English,80.80,100.00,44.00,38.00,52.20,D,Pass,2024-25,Paid,,
STU02514,Swetha,Female,10,A,Mathematics,99.60,47.00,45.00,42.00,43.90,F,Pass,2026-27,Paid,,
STU02515,Dinesh,Male,9,B,English,77.10,79.00,35.00,42.00,47.30,F,Pass,2024-25,Paid,,
STU02516,Vijay,Male,7,B,Mathematics,82.00,36.00,47.00,60.00,51.30,D,Pass,2025-26,Pending,,
STU02517,Hari,Male,7,C,Social Science,74.90,35.00,38.00,36.00,36.40,F,Fail,2024-25,Partial,,
STU02518,Pavithra,Female,10,A,English,77.50,82.00,33.00,39.00,45.80,F,Pass,2024-25,Pending,,
STU02519,Pranav,Male,7,C,Science,87.40,51.00,30.00,80.00,59.20,D,Pass,2025-26,Paid,,
STU02520,Pavithra,Female,10,A,Social Science,79.40,94.00,46.00,55.00,60.10,C,Pass,2024-25,Paid,,
STU02521,Karthik,Male,6,C,Tamil,66.20,77.00,37.00,63.00,58.00,D,Pass,2024-25,Partial,,
STU02522,Keerthana,Female,12,A,Mathematics,66.80,71.00,45.00,96.00,75.70,B,Pass,2025-26,Pending,,
STU02523,Keerthana,Female,10,A,English,92.30,63.00,30.00,74.00,58.60,D,Pass,2024-25,Pending,,
STU02524,Aishwarya,Female,11,A,English,88.10,94.00,47.00,99.00,82.40,A,Pass,2024-25,Partial,,
STU02525,Karthik,Male,7,D,Mathematics,100.00,86.00,49.00,98.00,80.90,A,Pass,2024-25,Pending,,
STU02526,Aishwarya,Female,8,C,Science,72.90,82.00,48.00,98.00,79.80,B,Pass,2025-26,Partial,,
STU02527,Hari,Male,12,C,English,67.50,88.00,49.00,80.00,72.30,B,Pass,2026-27,Partial,,
STU02528,Sanjay,Male,8,B,Social Science,74.50,89.00,30.00,73.00,63.30,C,Pass,2024-25,Partial,,
STU02529,Ajay,Male,8,D,Science,82.60,69.00,41.00,81.00,66.60,C,Pass,2024-25,Paid,,
STU02530,Nivetha,Female,7,D,Science,93.00,46.00,37.00,78.00,59.30,D,Pass,2026-27,Partial,,
STU02531,Sanjay,Male,10,A,English,73.10,100.00,38.00,49.00,55.90,D,Pass,2025-26,Partial,,
STU02532,Kavya,Female,10,B,Social Science,93.10,85.00,39.00,59.00,58.20,D,Pass,2025-26,Pending,,
STU02533,Keerthana,Female,8,A,Social Science,80.70,53.00,38.00,47.00,45.50,F,Pass,2024-25,Pending,,
STU02534,Arun,Male,8,A,Science,88.30,51.00,39.00,39.00,41.40,F,Pass,2026-27,Pending,,
STU02535,Priya,Female,12,D,Social Science,91.60,75.00,44.00,61.00,58.70,D,Pass,2026-27,Paid,,
STU02536,Keerthana,Female,12,D,Social Science,89.80,83.00,30.00,45.00,48.10,F,Pass,2025-26,Paid,,
STU02537,Pavithra,Female,6,B,English,83.00,78.00,49.00,62.00,61.30,C,Pass,2025-26,Paid,,
STU02538,Karthik,Male,8,B,Social Science,87.50,84.00,37.00,30.00,42.90,F,Pass,2025-26,Paid,,
STU02539,Madhan,Male,9,D,English,94.70,46.00,44.00,45.00,44.90,F,Pass,2024-25,Pending,,
STU02540,Keerthana,Female,10,B,English,73.40,38.00,39.00,36.00,37.30,F,Fail,2025-26,Pending,,
STU02541,Karthik,Male,8,B,Social Science,86.60,61.00,45.00,25.00,38.20,F,Fail,2025-26,Paid,,
STU02542,Pranav,Male,12,A,English,91.10,50.00,37.00,100.00,71.10,B,Pass,2024-25,Partial,,
STU02543,Sanjay,Male,10,C,Tamil,83.20,47.00,48.00,31.00,39.30,F,Fail,2024-25,Partial,,
STU02544,Rahul,Male,7,C,Social Science,84.80,63.00,45.00,87.00,69.60,C,Pass,2024-25,Partial,,
STU02545,Arun,Male,6,A,English,78.30,90.00,33.00,73.00,64.40,C,Pass,2024-25,Paid,,
STU02546,Swetha,Female,11,C,Science,68.00,43.00,46.00,72.00,58.40,D,Pass,2025-26,Partial,,
STU02547,Ananya,Female,11,D,Social Science,100.00,53.00,37.00,25.00,34.20,F,Fail,2025-26,Pending,,
STU02548,Vijay,Male,11,B,Tamil,81.70,84.00,50.00,84.00,73.80,B,Pass,2025-26,Partial,,
STU02549,Sanjay,Male,8,D,Mathematics,74.30,66.00,44.00,26.00,39.40,F,Fail,2026-27,Paid,,
STU02550,Nivetha,Female,7,A,Tamil,85.00,92.00,45.00,79.00,71.40,B,Pass,2025-26,Partial,,
STU02551,Nivetha,Female,6,C,English,74.20,88.00,32.00,41.00,47.70,F,Pass,2024-25,Partial,,
STU02552,Hari,Male,6,C,Science,69.90,42.00,43.00,34.00,38.30,F,Fail,2026-27,Partial,,
STU02553,Vijay,Male,7,B,Tamil,77.50,91.00,30.00,74.00,64.20,C,Pass,2026-27,Pending,,
STU02554,Priya,Female,8,B,English,73.10,54.00,36.00,87.00,65.10,C,Pass,2024-25,Partial,,
STU02555,Kavya,Female,7,A,English,71.70,71.00,50.00,90.00,74.20,B,Pass,2025-26,Pending,,
STU02556,Dinesh,Male,6,A,Mathematics,91.80,54.00,49.00,64.00,57.50,D,Pass,2024-25,Paid,,
STU02557,Arun,Male,11,B,Science,90.30,66.00,48.00,93.00,74.10,B,Pass,2026-27,Partial,,
STU02558,Rahul,Male,11,A,English,66.90,53.00,38.00,80.00,62.00,C,Pass,2025-26,Partial,,
STU02559,Swetha,Female,10,B,English,98.50,68.00,33.00,87.00,67.00,C,Pass,2026-27,Partial,,
STU02560,Dinesh,Male,9,C,Social Science,79.00,44.00,40.00,51.00,46.30,F,Pass,2026-27,Paid,,
STU02561,Karthik,Male,6,C,Tamil,89.10,55.00,43.00,75.00,61.40,C,Pass,2025-26,Paid,,
STU02562,Pavithra,Female,12,B,Mathematics,65.40,43.00,34.00,87.00,62.30,C,Pass,2024-25,Pending,,
STU02563,Nivetha,Female,7,B,Science,91.10,85.00,40.00,74.00,66.00,C,Pass,2026-27,Pending,,
STU02564,Harini,Female,10,D,Social Science,79.10,72.00,48.00,79.00,68.30,C,Pass,2024-25,Paid,,
STU02565,Kavya,Female,8,C,Tamil,92.10,52.00,40.00,25.00,34.90,F,Fail,2025-26,Partial,,
STU02566,Madhan,Male,9,C,Science,83.40,77.00,33.00,43.00,46.80,F,Pass,2026-27,Paid,,
STU02567,Keerthana,Female,12,D,Science,80.50,64.00,40.00,27.00,38.30,F,Fail,2026-27,Pending,,
STU02568,Sanjay,Male,11,C,English,75.90,44.00,34.00,98.00,68.00,C,Pass,2024-25,Pending,,
STU02569,Nivetha,Female,6,B,English,83.90,98.00,44.00,95.00,80.30,A,Pass,2026-27,Partial,,
STU02570,Sanjay,Male,8,D,Social Science,73.90,94.00,34.00,72.00,65.00,C,Pass,2024-25,Partial,,
STU02571,Ananya,Female,9,A,English,83.70,52.00,32.00,62.00,51.00,D,Pass,2025-26,Partial,,
STU02572,Rahul,Male,7,D,English,95.60,42.00,48.00,59.00,52.30,D,Pass,2025-26,Paid,,
STU02573,Pavithra,Female,9,D,Tamil,73.90,63.00,34.00,91.00,68.30,C,Pass,2025-26,Paid,,
STU02574,Karthik,Male,6,B,English,88.20,38.00,31.00,91.00,62.40,C,Pass,2025-26,Partial,,
STU02575,Keerthana,Female,9,C,Social Science,91.00,62.00,43.00,82.00,66.30,C,Pass,2026-27,Partial,,
STU02576,Ananya,Female,12,B,Social Science,100.00,86.00,45.00,35.00,48.20,F,Pass,2026-27,Paid,,
STU02577,Ananya,Female,12,C,Mathematics,75.60,90.00,49.00,42.00,53.70,D,Pass,2024-25,Partial,,
STU02578,Swetha,Female,8,A,Tamil,76.90,59.00,34.00,58.00,51.00,D,Pass,2026-27,Pending,,
STU02579,Madhan,Male,7,C,Tamil,94.00,35.00,32.00,38.00,35.60,F,Fail,2025-26,Pending,,
STU02580,Divya,Female,9,C,Social Science,58.50,42.00,47.00,31.00,38.00,F,Fail,2024-25,Partial,,
STU02581,Sanjay,Male,8,A,Tamil,80.40,43.00,41.00,76.00,58.90,D,Pass,2025-26,Partial,,
STU02582,Divya,Female,11,B,Mathematics,89.80,59.00,46.00,38.00,44.60,F,Pass,2025-26,Partial,,
STU02583,Dinesh,Male,8,D,Mathematics,80.10,40.00,49.00,26.00,35.70,F,Fail,2024-25,Pending,,
STU02584,Swetha,Female,8,D,Tamil,84.60,97.00,44.00,95.00,80.10,A,Pass,2025-26,Paid,,
STU02585,Madhan,Male,6,B,Science,85.70,86.00,49.00,92.00,77.90,B,Pass,2026-27,Partial,,
STU02586,Dinesh,Male,11,A,Science,67.80,46.00,33.00,71.00,54.60,D,Pass,2026-27,Pending,,
STU02587,Aishwarya,Female,9,A,Tamil,71.80,84.00,44.00,70.00,65.00,C,Pass,2026-27,Partial,,
STU02588,Rahul,Male,7,D,Tamil,77.30,95.00,31.00,66.00,61.30,C,Pass,2024-25,Pending,,
STU02589,Pranav,Male,7,C,Mathematics,79.70,79.00,43.00,66.00,61.70,C,Pass,2025-26,Partial,,
STU02590,Hari,Male,8,B,Mathematics,79.10,65.00,37.00,99.00,73.60,B,Pass,2026-27,Partial,,
STU02591,Sanjay,Male,7,D,Science,79.60,96.00,40.00,96.00,79.20,B,Pass,2024-25,Paid,,
STU02592,Aishwarya,Female,12,C,Science,78.30,89.00,47.00,87.00,75.40,B,Pass,2026-27,Paid,,
STU02593,Rahul,Male,6,B,Social Science,78.80,94.00,35.00,86.00,72.30,B,Pass,2025-26,Pending,,
STU02594,Sanjay,Male,8,A,Mathematics,86.90,42.00,35.00,65.00,51.40,D,Pass,2024-25,Partial,,
STU02595,Harini,Female,9,A,English,94.50,59.00,30.00,93.00,67.30,C,Pass,2026-27,Pending,,
STU02596,Arun,Male,11,D,English,82.30,56.00,45.00,85.00,67.20,C,Pass,2025-26,Pending,,
STU02597,Karthik,Male,12,C,English,75.50,96.00,50.00,89.00,78.70,B,Pass,2025-26,Paid,,
STU02598,Madhan,Male,6,A,Science,96.00,45.00,34.00,34.00,36.20,F,Fail,2024-25,Paid,,
STU02599,Keerthana,Female,7,C,Mathematics,61.10,41.00,41.00,86.00,63.50,C,Pass,2026-27,Partial,,
STU02600,Pavithra,Female,6,D,Tamil,83.50,95.00,33.00,73.00,65.40,C,Pass,2025-26,Partial,,
STU02601,Nivetha,Female,12,D,Science,83.30,40.00,49.00,73.00,59.20,D,Pass,2026-27,Paid,,
STU02602,Sanjay,Male,12,C,Tamil,71.90,37.00,49.00,71.00,57.60,D,Pass,2024-25,Paid,,
STU02603,Keerthana,Female,11,D,Mathematics,85.70,60.00,35.00,41.00,43.00,F,Pass,2024-25,Partial,,
STU02604,Sanjay,Male,7,A,Science,92.50,37.00,41.00,61.00,50.20,D,Pass,2025-26,Partial,,
STU02605,Ajay,Male,6,A,Mathematics,67.70,49.00,32.00,67.00,52.90,D,Pass,2024-25,Partial,,
STU02606,Arun,Male,6,D,English,82.60,88.00,30.00,28.00,40.60,F,Pass,2026-27,Paid,,
STU02607,Ajay,Male,8,B,Mathematics,94.30,93.00,47.00,51.00,58.20,D,Pass,2024-25,Pending,,
STU02608,Aishwarya,Female,10,B,Mathematics,63.80,97.00,32.00,48.00,53.00,D,Pass,2024-25,Pending,,
STU02609,Pavithra,Female,10,A,Mathematics,62.20,99.00,43.00,74.00,69.70,C,Pass,2025-26,Partial,,
STU02610,Vijay,Male,6,B,Tamil,99.60,98.00,34.00,77.00,68.30,C,Pass,2025-26,Pending,,
STU02611,Hari,Male,7,C,Science,74.40,56.00,45.00,41.00,45.20,F,Pass,2025-26,Paid,,
STU02612,Arun,Male,11,B,Tamil,80.10,85.00,31.00,36.00,44.30,F,Pass,2025-26,Partial,,
STU02613,Ananya,Female,8,A,Social Science,98.80,70.00,36.00,43.00,46.30,F,Pass,2025-26,Paid,,
STU02614,Priya,Female,11,A,English,84.60,65.00,40.00,78.00,64.00,C,Pass,2026-27,Paid,,
STU02615,Kavya,Female,11,B,Tamil,84.90,39.00,48.00,31.00,37.70,F,Fail,2026-27,Partial,,
STU02616,Karthik,Male,10,D,Social Science,83.80,49.00,30.00,64.00,50.80,D,Pass,2026-27,Paid,,
STU02617,Hari,Male,11,B,Mathematics,79.50,77.00,47.00,48.00,53.50,D,Pass,2026-27,Partial,,
STU02618,Madhan,Male,11,B,Tamil,74.30,68.00,37.00,81.00,65.20,C,Pass,2025-26,Pending,,
STU02619,Rahul,Male,12,D,Science,92.70,38.00,46.00,35.00,38.90,F,Fail,2024-25,Paid,,
STU02620,Aishwarya,Female,6,C,Social Science,100.00,73.00,44.00,57.00,56.30,D,Pass,2025-26,Paid,,
STU02621,Priya,Female,6,A,Tamil,97.00,62.00,37.00,26.00,36.50,F,Fail,2026-27,Pending,,
STU02622,Priya,Female,10,D,Social Science,80.10,99.00,39.00,42.00,52.50,D,Pass,2024-25,Partial,,
STU02623,Sanjay,Male,7,D,Social Science,85.90,80.00,50.00,28.00,45.00,F,Pass,2026-27,Paid,,
STU02624,Pavithra,Female,9,D,Tamil,100.00,100.00,45.00,86.00,76.50,B,Pass,2025-26,Paid,,
STU02625,Ajay,Male,7,D,Social Science,67.40,80.00,30.00,36.00,43.00,F,Pass,2026-27,Partial,,
STU02626,Keerthana,Female,9,D,English,79.60,55.00,35.00,79.00,61.00,C,Pass,2025-26,Pending,,
STU02627,Aishwarya,Female,12,A,Social Science,79.90,85.00,32.00,75.00,64.10,C,Pass,2025-26,Paid,,
STU02628,Hari,Male,11,A,Science,75.80,72.00,48.00,99.00,78.30,B,Pass,2024-25,Pending,,
STU02629,Vijay,Male,8,C,Social Science,70.90,90.00,40.00,88.00,74.00,B,Pass,2025-26,Pending,,
STU02630,Hari,Male,12,B,Social Science,83.60,82.00,47.00,28.00,44.50,F,Pass,2025-26,Paid,,
STU02631,Sanjay,Male,6,D,Tamil,95.60,77.00,45.00,95.00,76.40,B,Pass,2026-27,Paid,,
STU02632,Vijay,Male,10,C,Science,71.10,79.00,32.00,93.00,71.90,B,Pass,2026-27,Pending,,
STU02633,Karthik,Male,12,C,Social Science,78.90,81.00,31.00,25.00,38.00,F,Fail,2026-27,Partial,,
STU02634,Sanjay,Male,8,B,Social Science,83.50,92.00,47.00,87.00,76.00,B,Pass,2025-26,Partial,,
STU02635,Ananya,Female,11,B,Tamil,84.00,37.00,33.00,38.00,36.30,F,Fail,2026-27,Paid,,
STU02636,Ananya,Female,6,D,Tamil,68.80,98.00,38.00,46.00,54.00,D,Pass,2026-27,Paid,,
STU02637,Kavya,Female,8,B,English,92.20,87.00,49.00,51.00,57.60,D,Pass,2024-25,Partial,,
STU02638,Ajay,Male,7,A,Tamil,98.60,98.00,50.00,50.00,59.60,D,Pass,2024-25,Paid,,
STU02639,Keerthana,Female,9,D,English,80.90,92.00,41.00,55.00,58.20,D,Pass,2025-26,Partial,,
STU02640,Ananya,Female,11,C,Science,100.00,46.00,50.00,60.00,54.20,D,Pass,2025-26,Pending,,
STU02641,Swetha,Female,11,D,Mathematics,91.30,98.00,36.00,71.00,65.90,C,Pass,2026-27,Pending,,
STU02642,Nivetha,Female,7,C,Mathematics,85.00,43.00,38.00,73.00,56.50,D,Pass,2026-27,Pending,,
STU02643,Nivetha,Female,12,B,Mathematics,64.40,64.00,41.00,95.00,72.60,B,Pass,2025-26,Partial,,
STU02644,Ajay,Male,12,D,English,81.30,90.00,42.00,63.00,62.10,C,Pass,2026-27,Pending,,
STU02645,Vijay,Male,6,D,Science,74.50,100.00,49.00,62.00,65.70,C,Pass,2024-25,Paid,,
STU02646,Kavya,Female,10,B,Mathematics,90.50,73.00,37.00,80.00,65.70,C,Pass,2026-27,Partial,,
STU02647,Aishwarya,Female,6,C,Tamil,83.50,75.00,31.00,71.00,59.80,D,Pass,2026-27,Paid,,
STU02648,Hari,Male,8,D,Science,64.40,56.00,30.00,31.00,35.70,F,Fail,2025-26,Paid,,
STU02649,Keerthana,Female,12,B,Social Science,92.80,64.00,45.00,43.00,47.80,F,Pass,2026-27,Pending,,
STU02650,Nivetha,Female,11,A,English,85.20,38.00,32.00,78.00,56.20,D,Pass,2024-25,Pending,,
STU02651,Divya,Female,8,A,English,76.70,73.00,40.00,27.00,40.10,F,Pass,2026-27,Paid,,
STU02652,Sanjay,Male,7,C,English,68.80,43.00,34.00,84.00,60.80,C,Pass,2026-27,Pending,,
STU02653,Rahul,Male,12,D,Social Science,92.60,59.00,32.00,37.00,39.90,F,Fail,2024-25,Paid,,
STU02654,Pranav,Male,10,A,Mathematics,68.90,56.00,42.00,70.00,58.80,D,Pass,2024-25,Pending,,
STU02655,Keerthana,Female,10,D,Science,97.10,79.00,33.00,31.00,41.20,F,Pass,2026-27,Pending,,
STU02656,Priya,Female,10,B,Social Science,71.90,79.00,41.00,62.00,59.10,D,Pass,2025-26,Paid,,
STU02657,Swetha,Female,6,A,Social Science,82.50,96.00,39.00,69.00,65.40,C,Pass,2025-26,Pending,,
STU02658,Dinesh,Male,11,A,Science,86.40,52.00,45.00,48.00,47.90,F,Pass,2026-27,Paid,,
STU02659,Pavithra,Female,7,B,Science,82.00,52.00,32.00,65.00,52.50,D,Pass,2025-26,Pending,,
STU02660,Keerthana,Female,12,D,Mathematics,86.50,47.00,35.00,79.00,59.40,D,Pass,2024-25,Partial,,
STU02661,Aishwarya,Female,6,D,Science,89.20,42.00,43.00,98.00,70.30,B,Pass,2024-25,Paid,,
STU02662,Priya,Female,6,B,Social Science,93.30,78.00,32.00,80.00,65.20,C,Pass,2026-27,Pending,,
STU02663,Sanjay,Male,8,A,Mathematics,78.60,53.00,34.00,78.00,59.80,D,Pass,2025-26,Paid,,
STU02664,Vijay,Male,12,B,Mathematics,63.70,64.00,46.00,96.00,74.60,B,Pass,2026-27,Paid,,
STU02665,Aishwarya,Female,8,A,Mathematics,80.00,82.00,49.00,56.00,59.10,D,Pass,2025-26,Pending,,
STU02666,Ananya,Female,12,B,Social Science,79.20,57.00,37.00,38.00,41.50,F,Pass,2024-25,Pending,,
STU02667,Dinesh,Male,8,C,Science,77.40,43.00,33.00,67.00,52.00,D,Pass,2025-26,Partial,,
STU02668,Sanjay,Male,11,C,English,86.40,45.00,46.00,50.00,47.80,F,Pass,2026-27,Pending,,
STU02669,Ajay,Male,10,C,English,85.60,39.00,50.00,45.00,45.30,F,Pass,2026-27,Partial,,
STU02670,Pavithra,Female,6,A,Mathematics,79.90,37.00,43.00,43.00,41.80,F,Pass,2026-27,Partial,,
STU02671,Dinesh,Male,10,B,Science,100.00,43.00,44.00,52.00,47.80,F,Pass,2024-25,Partial,,
STU02672,Ajay,Male,7,A,Tamil,67.50,99.00,45.00,54.00,60.30,C,Pass,2026-27,Paid,,
STU02673,Karthik,Male,10,B,Science,78.40,76.00,44.00,52.00,54.40,D,Pass,2026-27,Pending,,
STU02674,Pavithra,Female,6,A,Mathematics,80.40,52.00,48.00,90.00,69.80,C,Pass,2026-27,Pending,,
STU02675,Ananya,Female,9,C,Mathematics,91.70,45.00,41.00,50.00,46.30,F,Pass,2024-25,Pending,,
STU02676,Nivetha,Female,6,A,English,68.70,35.00,34.00,73.00,53.70,D,Pass,2026-27,Partial,,
STU02677,Hari,Male,9,A,English,81.70,79.00,31.00,46.00,48.10,F,Pass,2026-27,Pending,,
STU02678,Pavithra,Female,12,D,Tamil,73.40,65.00,50.00,31.00,43.50,F,Pass,2025-26,Paid,,
STU02679,Sanjay,Male,9,D,Mathematics,80.90,53.00,37.00,79.00,61.20,C,Pass,2026-27,Partial,,
STU02680,Arun,Male,6,B,Social Science,85.60,51.00,44.00,47.00,46.90,F,Pass,2024-25,Paid,,
STU02681,Divya,Female,7,B,Mathematics,78.70,74.00,35.00,44.00,47.30,F,Pass,2024-25,Paid,,
STU02682,Hari,Male,11,B,Mathematics,85.20,65.00,35.00,29.00,38.00,F,Fail,2026-27,Partial,,
STU02683,Karthik,Male,12,D,Social Science,94.60,87.00,37.00,78.00,67.50,C,Pass,2024-25,Paid,,
STU02684,Dinesh,Male,7,D,Social Science,94.00,36.00,44.00,90.00,65.40,C,Pass,2026-27,Partial,,
STU02685,Pavithra,Female,9,D,English,84.10,51.00,32.00,57.00,48.30,F,Pass,2026-27,Partial,,
STU02686,Arun,Male,9,A,Science,82.60,49.00,43.00,55.00,50.20,D,Pass,2025-26,Partial,,
STU02687,Ananya,Female,12,C,Tamil,86.70,82.00,32.00,39.00,45.50,F,Pass,2026-27,Paid,,
STU02688,Harini,Female,8,C,Mathematics,92.00,88.00,49.00,85.00,74.80,B,Pass,2024-25,Partial,,
STU02689,Nivetha,Female,8,D,Tamil,73.10,98.00,32.00,55.00,56.70,D,Pass,2025-26,Pending,,
STU02690,Hari,Male,10,D,English,75.50,89.00,37.00,99.00,78.40,B,Pass,2025-26,Pending,,
STU02691,Vijay,Male,11,D,Science,91.60,63.00,30.00,72.00,57.60,D,Pass,2025-26,Pending,,
STU02692,Dinesh,Male,6,B,Social Science,77.00,96.00,39.00,30.00,45.90,F,Pass,2024-25,Partial,,
STU02693,Rahul,Male,11,C,Science,90.20,85.00,42.00,47.00,53.10,D,Pass,2025-26,Pending,,
STU02694,Rahul,Male,6,C,Tamil,80.00,44.00,44.00,78.00,61.00,C,Pass,2024-25,Partial,,
STU02695,Keerthana,Female,11,A,Mathematics,86.70,49.00,49.00,75.00,62.00,C,Pass,2026-27,Partial,,
STU02696,Priya,Female,9,C,Science,93.00,38.00,38.00,74.00,56.00,D,Pass,2025-26,Pending,,
STU02697,Kavya,Female,10,D,Tamil,84.60,64.00,30.00,28.00,35.80,F,Fail,2025-26,Partial,,
STU02698,Dinesh,Male,11,B,Science,94.40,64.00,32.00,69.00,56.90,D,Pass,2026-27,Paid,,
STU02699,Madhan,Male,6,B,Science,91.00,63.00,38.00,33.00,40.50,F,Pass,2024-25,Pending,,
STU02700,Ajay,Male,11,B,Social Science,78.10,47.00,32.00,94.00,66.00,C,Pass,2025-26,Paid,,
STU02701,Hari,Male,7,C,Science,86.70,46.00,47.00,39.00,42.80,F,Pass,2025-26,Partial,,
STU02702,Ananya,Female,12,D,Mathematics,86.60,92.00,46.00,91.00,77.70,B,Pass,2026-27,Pending,,
STU02703,Harini,Female,10,D,Social Science,75.00,52.00,33.00,87.00,63.80,C,Pass,2024-25,Paid,,
STU02704,Aishwarya,Female,12,D,Mathematics,76.90,88.00,41.00,91.00,75.40,B,Pass,2026-27,Paid,,
STU02705,Arun,Male,9,A,Science,86.30,75.00,43.00,56.00,55.90,D,Pass,2024-25,Pending,,
STU02706,Karthik,Male,7,D,Mathematics,99.40,80.00,44.00,47.00,52.70,D,Pass,2026-27,Pending,,
STU02707,Ajay,Male,10,C,Social Science,72.20,99.00,32.00,36.00,47.40,F,Pass,2026-27,Paid,,
STU02708,Ajay,Male,10,B,Tamil,88.20,49.00,36.00,26.00,33.60,F,Fail,2025-26,Paid,,
STU02709,Pavithra,Female,8,B,English,87.30,59.00,43.00,40.00,44.70,F,Pass,2024-25,Paid,,
STU02710,Kavya,Female,12,C,Mathematics,86.70,39.00,31.00,64.00,49.10,F,Pass,2026-27,Partial,,
STU02711,Rahul,Male,9,B,Social Science,76.80,77.00,46.00,53.00,55.70,D,Pass,2025-26,Partial,,
STU02712,Priya,Female,11,A,English,88.50,96.00,38.00,52.00,56.60,D,Pass,2026-27,Partial,,
STU02713,Vijay,Male,8,C,Tamil,74.60,58.00,40.00,96.00,71.60,B,Pass,2024-25,Partial,,
STU02714,Pavithra,Female,12,D,English,85.00,48.00,35.00,49.00,44.60,F,Pass,2025-26,Paid,,
STU02715,Hari,Male,9,B,Social Science,74.30,47.00,36.00,96.00,68.20,C,Pass,2025-26,Pending,,
STU02716,Karthik,Male,8,D,English,76.60,41.00,49.00,56.00,50.90,D,Pass,2024-25,Pending,,
STU02717,Aishwarya,Female,11,C,Social Science,94.70,74.00,41.00,99.00,76.60,B,Pass,2026-27,Pending,,
STU02718,Sanjay,Male,11,A,Social Science,85.80,57.00,33.00,83.00,62.80,C,Pass,2025-26,Partial,,
STU02719,Pranav,Male,11,A,Science,79.00,61.00,36.00,85.00,65.50,C,Pass,2024-25,Pending,,
STU02720,Ananya,Female,9,B,Tamil,84.10,96.00,37.00,62.00,61.30,C,Pass,2024-25,Partial,,
STU02721,Sanjay,Male,7,B,English,79.70,47.00,49.00,92.00,70.10,B,Pass,2026-27,Paid,,
STU02722,Ajay,Male,11,B,English,58.00,65.00,43.00,65.00,58.40,D,Pass,2025-26,Paid,,
STU02723,Hari,Male,6,C,Mathematics,81.00,69.00,34.00,28.00,38.00,F,Fail,2024-25,Partial,,
STU02724,Priya,Female,12,C,Tamil,90.30,74.00,44.00,77.00,66.50,C,Pass,2025-26,Partial,,
STU02725,Karthik,Male,11,D,Tamil,92.30,70.00,30.00,98.00,72.00,B,Pass,2025-26,Paid,,
STU02726,Pavithra,Female,8,B,Social Science,80.70,43.00,36.00,84.00,61.40,C,Pass,2024-25,Pending,,
STU02727,Keerthana,Female,8,C,Tamil,76.40,100.00,35.00,74.00,67.50,C,Pass,2024-25,Partial,,
STU02728,Arun,Male,11,B,Mathematics,69.20,84.00,40.00,59.00,58.30,D,Pass,2024-25,Partial,,
STU02729,Arun,Male,11,B,English,66.40,90.00,48.00,79.00,71.90,B,Pass,2026-27,Paid,,
STU02730,Madhan,Male,8,B,English,83.90,84.00,32.00,97.00,74.90,B,Pass,2025-26,Paid,,
STU02731,Hari,Male,12,B,Social Science,73.60,64.00,39.00,41.00,45.00,F,Pass,2025-26,Partial,,
STU02732,Sanjay,Male,6,D,Science,65.00,57.00,46.00,49.00,49.70,F,Pass,2025-26,Pending,,
STU02733,Rahul,Male,12,C,Social Science,75.00,65.00,38.00,51.00,49.90,F,Pass,2025-26,Pending,,
STU02734,Hari,Male,9,D,Social Science,80.30,67.00,31.00,89.00,67.20,C,Pass,2025-26,Pending,,
STU02735,Keerthana,Female,8,B,Social Science,92.70,52.00,47.00,67.00,58.00,D,Pass,2025-26,Paid,,
STU02736,Harini,Female,7,C,Tamil,100.00,79.00,35.00,96.00,74.30,B,Pass,2026-27,Partial,,
STU02737,Kavya,Female,8,D,Tamil,82.10,89.00,39.00,66.00,62.50,C,Pass,2024-25,Pending,,
STU02738,Dinesh,Male,9,C,Tamil,92.60,68.00,44.00,40.00,46.80,F,Pass,2026-27,Partial,,
STU02739,Arun,Male,6,C,Mathematics,89.80,93.00,36.00,60.00,59.40,D,Pass,2025-26,Partial,,
STU02740,Swetha,Female,10,D,Science,91.00,92.00,48.00,93.00,79.30,B,Pass,2026-27,Partial,,
STU02741,Pavithra,Female,6,D,Tamil,63.10,37.00,43.00,99.00,69.80,C,Pass,2024-25,Paid,,
STU02742,Kavya,Female,9,A,Tamil,87.20,38.00,36.00,92.00,64.40,C,Pass,2025-26,Partial,,
STU02743,Divya,Female,8,D,Science,87.00,76.00,30.00,68.00,58.20,D,Pass,2024-25,Partial,,
STU02744,Ananya,Female,11,A,Science,72.80,97.00,39.00,58.00,60.10,C,Pass,2026-27,Partial,,
STU02745,Rahul,Male,8,B,Mathematics,71.00,90.00,48.00,91.00,77.90,B,Pass,2025-26,Paid,,
STU02746,Nivetha,Female,12,A,Mathematics,72.80,87.00,43.00,98.00,79.30,B,Pass,2024-25,Pending,,
STU02747,Harini,Female,6,B,Mathematics,96.50,90.00,32.00,85.00,70.10,B,Pass,2026-27,Partial,,
STU02748,Pranav,Male,12,D,Tamil,71.60,73.00,31.00,41.00,44.40,F,Pass,2025-26,Paid,,
STU02749,Hari,Male,8,D,Science,81.40,73.00,46.00,34.00,45.40,F,Pass,2026-27,Pending,,
STU02750,Hari,Male,11,C,Social Science,65.20,66.00,43.00,96.00,74.10,B,Pass,2024-25,Partial,,
STU02751,Priya,Female,8,C,English,100.00,37.00,32.00,43.00,38.50,F,Fail,2025-26,Partial,,
STU02752,Kavya,Female,8,A,Social Science,84.30,61.00,30.00,62.00,52.20,D,Pass,2026-27,Partial,,
STU02753,Keerthana,Female,12,D,Science,76.30,95.00,31.00,52.00,54.30,D,Pass,2025-26,Pending,,
STU02754,Keerthana,Female,6,B,Science,89.80,62.00,38.00,63.00,55.30,D,Pass,2026-27,Pending,,
STU02755,Madhan,Male,8,D,Social Science,83.90,66.00,37.00,38.00,43.30,F,Pass,2026-27,Paid,,
STU02756,Rahul,Male,7,C,Science,72.40,88.00,32.00,86.00,70.20,B,Pass,2026-27,Partial,,
STU02757,Dinesh,Male,7,A,Science,75.60,94.00,44.00,79.00,71.50,B,Pass,2024-25,Partial,,
STU02758,Keerthana,Female,9,B,Science,100.00,91.00,47.00,65.00,64.80,C,Pass,2026-27,Paid,,
STU02759,Pavithra,Female,8,D,Mathematics,70.50,65.00,39.00,89.00,69.20,C,Pass,2026-27,Pending,,
STU02760,Madhan,Male,8,B,Science,72.10,93.00,38.00,28.00,44.00,F,Pass,2024-25,Pending,,
STU02761,Pavithra,Female,9,D,Mathematics,100.00,37.00,45.00,78.00,59.90,D,Pass,2025-26,Pending,,
STU02762,Sanjay,Male,10,D,Mathematics,85.20,60.00,39.00,36.00,41.70,F,Pass,2024-25,Pending,,
STU02763,Priya,Female,11,B,Tamil,79.50,39.00,50.00,30.00,37.80,F,Fail,2026-27,Pending,,
STU02764,Ajay,Male,8,D,Mathematics,79.60,99.00,34.00,55.00,57.50,D,Pass,2026-27,Pending,,
STU02765,Nivetha,Female,7,C,Science,75.90,58.00,36.00,41.00,42.90,F,Pass,2025-26,Pending,,
STU02766,Arun,Male,12,A,Mathematics,88.80,94.00,30.00,98.00,76.80,B,Pass,2026-27,Paid,,
STU02767,Arun,Male,11,B,Mathematics,67.60,81.00,43.00,34.00,46.10,F,Pass,2024-25,Partial,,
STU02768,Nivetha,Female,6,A,Social Science,73.50,48.00,40.00,89.00,66.10,C,Pass,2024-25,Partial,,
STU02769,Harini,Female,9,D,Tamil,78.80,92.00,43.00,36.00,49.30,F,Pass,2026-27,Partial,,
STU02770,Aishwarya,Female,9,A,Mathematics,89.90,94.00,48.00,77.00,71.70,B,Pass,2025-26,Partial,,
STU02771,Aishwarya,Female,7,A,Mathematics,79.70,78.00,49.00,100.00,80.30,A,Pass,2025-26,Paid,,
STU02772,Sanjay,Male,11,B,English,72.70,64.00,30.00,48.00,45.80,F,Pass,2026-27,Partial,,
STU02773,Dinesh,Male,9,C,Tamil,74.40,65.00,49.00,93.00,74.20,B,Pass,2025-26,Paid,,
STU02774,Karthik,Male,8,A,Mathematics,99.50,43.00,36.00,36.00,37.40,F,Fail,2026-27,Pending,,
STU02775,Ananya,Female,8,D,Mathematics,74.90,46.00,38.00,83.00,62.10,C,Pass,2026-27,Partial,,
STU02776,Keerthana,Female,8,D,Mathematics,84.30,73.00,34.00,25.00,37.30,F,Fail,2024-25,Pending,,
STU02777,Harini,Female,6,A,English,88.20,99.00,45.00,53.00,59.80,D,Pass,2025-26,Paid,,
STU02778,Swetha,Female,8,D,Science,78.40,73.00,33.00,51.00,50.00,D,Pass,2024-25,Paid,,
STU02779,Divya,Female,10,B,Tamil,89.60,60.00,38.00,78.00,62.40,C,Pass,2025-26,Partial,,
STU02780,Pranav,Male,7,C,English,91.30,50.00,45.00,95.00,71.00,B,Pass,2026-27,Pending,,
STU02781,Kavya,Female,12,A,Social Science,66.50,44.00,35.00,95.00,66.80,C,Pass,2025-26,Pending,,
STU02782,Aishwarya,Female,12,A,Science,79.80,93.00,41.00,47.00,54.40,D,Pass,2024-25,Partial,,
STU02783,Karthik,Male,10,B,Mathematics,57.60,46.00,47.00,30.00,38.30,F,Fail,2026-27,Paid,,
STU02784,Hari,Male,6,C,Science,77.00,59.00,38.00,41.00,43.70,F,Pass,2026-27,Partial,,
STU02785,Sanjay,Male,7,A,Social Science,91.30,65.00,31.00,100.00,72.30,B,Pass,2026-27,Paid,,
STU02786,Karthik,Male,10,C,English,72.80,95.00,36.00,62.00,60.80,C,Pass,2024-25,Paid,,
STU02787,Swetha,Female,6,B,English,99.90,80.00,41.00,50.00,53.30,D,Pass,2024-25,Paid,,
STU02788,Priya,Female,6,B,Tamil,92.40,74.00,39.00,26.00,39.50,F,Fail,2025-26,Pending,,
STU02789,Karthik,Male,6,D,Mathematics,75.60,75.00,40.00,83.00,68.50,C,Pass,2025-26,Partial,,
STU02790,Priya,Female,11,C,Mathematics,76.40,73.00,33.00,96.00,72.50,B,Pass,2026-27,Paid,,
STU02791,Vijay,Male,9,C,Mathematics,88.00,45.00,49.00,38.00,42.70,F,Pass,2024-25,Pending,,
STU02792,Ajay,Male,11,D,Social Science,90.50,46.00,30.00,32.00,34.20,F,Fail,2026-27,Partial,,
STU02793,Vijay,Male,11,C,English,83.60,53.00,43.00,89.00,68.00,C,Pass,2024-25,Paid,,
STU02794,Dinesh,Male,8,D,English,77.10,83.00,49.00,97.00,79.80,B,Pass,2025-26,Paid,,
STU02795,Hari,Male,7,C,Science,61.20,46.00,30.00,26.00,31.20,F,Fail,2025-26,Partial,,
STU02796,Vijay,Male,11,C,Science,71.70,51.00,34.00,95.00,67.90,C,Pass,2026-27,Pending,,
STU02797,Rahul,Male,7,B,Tamil,95.80,94.00,38.00,96.00,78.20,B,Pass,2025-26,Partial,,
STU02798,Keerthana,Female,8,B,Social Science,86.20,94.00,33.00,43.00,50.20,D,Pass,2026-27,Pending,,
STU02799,Sanjay,Male,8,B,Tamil,65.80,37.00,34.00,91.00,63.10,C,Pass,2025-26,Paid,,
STU02800,Ananya,Female,8,A,English,100.00,58.00,38.00,26.00,36.00,F,Fail,2025-26,Pending,,
STU02801,Pavithra,Female,8,D,Science,77.20,78.00,31.00,99.00,74.40,B,Pass,2024-25,Pending,,
STU02802,Hari,Male,11,C,Science,69.20,85.00,38.00,51.00,53.90,D,Pass,2024-25,Paid,,
STU02803,Nivetha,Female,11,C,Science,84.40,97.00,46.00,90.00,78.20,B,Pass,2026-27,Pending,,
STU02804,Nivetha,Female,9,B,Tamil,75.40,61.00,42.00,31.00,40.30,F,Pass,2025-26,Partial,,
STU02805,Vijay,Male,12,A,Tamil,99.90,59.00,47.00,73.00,62.40,C,Pass,2024-25,Pending,,
STU02806,Kavya,Female,8,D,Tamil,81.10,36.00,36.00,90.00,63.00,C,Pass,2024-25,Paid,,
STU02807,Divya,Female,12,C,Social Science,56.00,76.00,37.00,96.00,74.30,B,Pass,2024-25,Partial,,
STU02808,Harini,Female,6,A,Mathematics,66.20,93.00,48.00,31.00,48.50,F,Pass,2025-26,Paid,,
STU02809,Pavithra,Female,7,B,Social Science,79.20,87.00,45.00,52.00,56.90,D,Pass,2026-27,Paid,,
STU02810,Priya,Female,7,D,Science,85.40,36.00,47.00,57.00,49.80,F,Pass,2026-27,Partial,,
STU02811,Aishwarya,Female,11,D,Mathematics,71.30,56.00,41.00,93.00,70.00,B,Pass,2026-27,Paid,,
STU02812,Hari,Male,7,A,Tamil,92.10,62.00,34.00,56.00,50.60,D,Pass,2025-26,Paid,,
STU02813,Ajay,Male,10,C,Science,73.80,89.00,45.00,77.00,69.80,C,Pass,2026-27,Pending,,
STU02814,Madhan,Male,9,C,Mathematics,80.20,63.00,45.00,59.00,55.60,D,Pass,2026-27,Pending,,
STU02815,Kavya,Female,9,C,English,90.30,60.00,32.00,86.00,64.60,C,Pass,2025-26,Pending,,
STU02816,Kavya,Female,11,B,Social Science,86.50,97.00,38.00,93.00,77.30,B,Pass,2026-27,Pending,,
STU02817,Divya,Female,11,A,Mathematics,91.70,55.00,43.00,81.00,64.40,C,Pass,2025-26,Paid,,
STU02818,Madhan,Male,10,D,Science,80.20,67.00,40.00,53.00,51.90,D,Pass,2025-26,Partial,,
STU02819,Nivetha,Female,12,C,Tamil,83.90,90.00,39.00,39.00,49.20,F,Pass,2026-27,Pending,,
STU02820,Aishwarya,Female,10,D,English,64.70,36.00,31.00,97.00,65.00,C,Pass,2024-25,Pending,,
STU02821,Arun,Male,12,A,Science,86.10,45.00,40.00,98.00,70.00,B,Pass,2025-26,Partial,,
STU02822,Vijay,Male,8,B,English,63.40,70.00,47.00,52.00,54.10,D,Pass,2025-26,Partial,,
STU02823,Dinesh,Male,9,D,Social Science,95.40,67.00,43.00,31.00,41.80,F,Pass,2024-25,Partial,,
STU02824,Sanjay,Male,6,B,English,86.20,73.00,47.00,25.00,41.20,F,Pass,2024-25,Pending,,
STU02825,Dinesh,Male,11,B,Mathematics,85.40,86.00,45.00,38.00,49.70,F,Pass,2025-26,Pending,,
STU02826,Harini,Female,9,A,Mathematics,70.20,66.00,48.00,44.00,49.60,F,Pass,2025-26,Paid,,
STU02827,Pavithra,Female,12,C,Science,78.30,52.00,31.00,67.00,53.20,D,Pass,2026-27,Paid,,
STU02828,Harini,Female,10,A,Tamil,78.00,54.00,46.00,69.00,59.10,D,Pass,2025-26,Pending,,
STU02829,Hari,Male,8,A,English,100.00,80.00,40.00,52.00,54.00,D,Pass,2026-27,Paid,,
STU02830,Dinesh,Male,9,C,Mathematics,79.60,52.00,32.00,45.00,42.50,F,Pass,2025-26,Paid,,
STU02831,Harini,Female,7,C,Science,70.10,71.00,42.00,25.00,39.30,F,Fail,2025-26,Partial,,
STU02832,Dinesh,Male,12,C,Tamil,83.70,47.00,49.00,89.00,68.60,C,Pass,2024-25,Pending,,
STU02833,Nivetha,Female,8,A,English,68.30,73.00,33.00,64.00,56.50,D,Pass,2026-27,Paid,,
STU02834,Priya,Female,11,A,Science,75.30,70.00,49.00,94.00,75.70,B,Pass,2024-25,Partial,,
STU02835,Hari,Male,12,C,Social Science,71.40,90.00,41.00,73.00,66.80,C,Pass,2025-26,Partial,,
STU02836,Dinesh,Male,6,C,Mathematics,83.60,73.00,49.00,58.00,58.30,D,Pass,2026-27,Partial,,
STU02837,Sanjay,Male,7,D,Social Science,70.50,78.00,43.00,97.00,77.00,B,Pass,2024-25,Paid,,
STU02838,Madhan,Male,8,A,Science,84.10,86.00,37.00,63.00,59.80,D,Pass,2024-25,Pending,,
STU02839,Pranav,Male,10,D,Science,84.30,41.00,33.00,40.00,38.10,F,Fail,2025-26,Partial,,
STU02840,Pavithra,Female,9,B,Mathematics,84.30,68.00,37.00,34.00,41.70,F,Pass,2026-27,Pending,,
STU02841,Keerthana,Female,7,C,Mathematics,70.50,86.00,38.00,38.00,47.60,F,Pass,2024-25,Pending,,
STU02842,Pavithra,Female,8,A,Science,84.30,77.00,50.00,72.00,66.40,C,Pass,2025-26,Paid,,
STU02843,Keerthana,Female,7,B,Social Science,75.50,37.00,48.00,69.00,56.30,D,Pass,2025-26,Partial,,
STU02844,Pavithra,Female,8,A,Science,89.20,86.00,31.00,44.00,48.50,F,Pass,2026-27,Pending,,
STU02845,Rahul,Male,9,B,English,85.70,73.00,44.00,25.00,40.30,F,Pass,2025-26,Paid,,
STU02846,Divya,Female,8,D,Social Science,97.90,91.00,50.00,37.00,51.70,D,Pass,2025-26,Partial,,
STU02847,Kavya,Female,9,B,Mathematics,88.60,75.00,48.00,68.00,63.40,C,Pass,2024-25,Partial,,
STU02848,Dinesh,Male,8,C,Science,88.50,39.00,33.00,84.00,59.70,D,Pass,2024-25,Paid,,
STU02849,Divya,Female,6,A,Science,73.30,40.00,33.00,81.00,58.40,D,Pass,2026-27,Paid,,
STU02850,Pavithra,Female,10,C,Social Science,94.30,39.00,45.00,94.00,68.30,C,Pass,2025-26,Partial,,
STU02851,Hari,Male,8,C,Tamil,69.50,49.00,41.00,99.00,71.60,B,Pass,2024-25,Partial,,
STU02852,Pavithra,Female,9,B,Mathematics,91.30,60.00,43.00,87.00,68.40,C,Pass,2024-25,Pending,,
STU02853,Aishwarya,Female,10,D,Tamil,71.00,52.00,47.00,93.00,71.00,B,Pass,2024-25,Pending,,
STU02854,Rahul,Male,7,C,Tamil,82.80,59.00,49.00,25.00,39.00,F,Fail,2024-25,Pending,,
STU02855,Arun,Male,10,D,Mathematics,89.20,64.00,43.00,76.00,63.70,C,Pass,2026-27,Paid,,
STU02856,Pavithra,Female,11,D,Science,94.20,43.00,38.00,91.00,65.50,C,Pass,2024-25,Paid,,
STU02857,Arun,Male,9,B,Mathematics,83.60,81.00,47.00,44.00,52.30,D,Pass,2025-26,Paid,,
STU02858,Pranav,Male,7,D,English,71.40,95.00,48.00,58.00,62.40,C,Pass,2026-27,Paid,,
STU02859,Hari,Male,12,D,Science,86.30,51.00,34.00,50.00,45.40,F,Pass,2024-25,Paid,,
STU02860,Keerthana,Female,8,B,Science,80.20,45.00,33.00,99.00,68.40,C,Pass,2025-26,Partial,,
STU02861,Pranav,Male,12,C,Science,98.70,92.00,38.00,59.00,59.30,D,Pass,2025-26,Pending,,
STU02862,Vijay,Male,8,C,Mathematics,79.50,71.00,32.00,39.00,43.30,F,Pass,2026-27,Paid,,
STU02863,Divya,Female,7,D,Science,92.00,78.00,34.00,32.00,41.80,F,Pass,2024-25,Partial,,
STU02864,Madhan,Male,7,D,Science,100.00,100.00,39.00,37.00,50.20,D,Pass,2026-27,Pending,,
STU02865,Divya,Female,8,D,English,94.20,68.00,46.00,56.00,55.40,D,Pass,2024-25,Paid,,
STU02866,Harini,Female,6,A,Tamil,100.00,58.00,44.00,46.00,47.80,F,Pass,2026-27,Paid,,
STU02867,Ananya,Female,7,A,Social Science,64.80,72.00,44.00,86.00,70.60,B,Pass,2024-25,Partial,,
STU02868,Ajay,Male,11,D,Science,84.00,48.00,47.00,55.00,51.20,D,Pass,2025-26,Pending,,
STU02869,Madhan,Male,8,A,Science,71.90,43.00,50.00,78.00,62.60,C,Pass,2024-25,Paid,,
STU02870,Keerthana,Female,6,C,Social Science,87.50,85.00,47.00,31.00,46.60,F,Pass,2026-27,Pending,,
STU02871,Hari,Male,9,B,Tamil,84.80,55.00,42.00,63.00,55.10,D,Pass,2026-27,Pending,,
STU02872,Harini,Female,10,D,Science,100.00,73.00,33.00,100.00,74.50,B,Pass,2026-27,Paid,,
STU02873,Ananya,Female,8,B,Social Science,77.90,67.00,48.00,29.00,42.30,F,Pass,2026-27,Partial,,
STU02874,Ananya,Female,7,C,English,73.00,78.00,33.00,82.00,66.50,C,Pass,2026-27,Paid,,
STU02875,Hari,Male,6,C,Social Science,76.20,53.00,48.00,75.00,62.50,C,Pass,2025-26,Paid,,
STU02876,Harini,Female,7,A,Mathematics,79.10,66.00,32.00,56.00,50.80,D,Pass,2026-27,Pending,,
STU02877,Pranav,Male,7,D,Tamil,85.10,38.00,47.00,90.00,66.70,C,Pass,2025-26,Pending,,
STU02878,Aishwarya,Female,6,B,Social Science,85.80,64.00,36.00,72.00,59.60,D,Pass,2026-27,Paid,,
STU02879,Priya,Female,11,A,Tamil,72.90,76.00,32.00,86.00,67.80,C,Pass,2025-26,Pending,,
STU02880,Swetha,Female,10,B,Mathematics,87.90,50.00,30.00,45.00,41.50,F,Pass,2026-27,Paid,,
STU02881,Ananya,Female,12,A,English,88.30,46.00,48.00,67.00,57.10,D,Pass,2025-26,Partial,,
STU02882,Kavya,Female,10,A,English,78.00,78.00,49.00,83.00,71.80,B,Pass,2024-25,Pending,,
STU02883,Divya,Female,12,D,Tamil,85.30,99.00,44.00,32.00,49.00,F,Pass,2026-27,Pending,,
STU02884,Vijay,Male,8,D,Tamil,90.60,77.00,32.00,75.00,62.50,C,Pass,2025-26,Partial,,
STU02885,Hari,Male,10,C,English,82.70,68.00,33.00,96.00,71.50,B,Pass,2025-26,Pending,,
STU02886,Pavithra,Female,12,D,Tamil,91.80,36.00,42.00,60.00,49.80,F,Pass,2024-25,Pending,,
STU02887,Kavya,Female,12,D,English,89.90,95.00,37.00,30.00,45.10,F,Pass,2024-25,Paid,,
STU02888,Sanjay,Male,10,D,Science,70.10,77.00,45.00,58.00,57.90,D,Pass,2025-26,Paid,,
STU02889,Sanjay,Male,10,C,Social Science,90.40,91.00,36.00,39.00,48.50,F,Pass,2026-27,Paid,,
STU02890,Swetha,Female,6,C,Mathematics,71.70,55.00,45.00,31.00,40.00,F,Pass,2025-26,Partial,,
STU02891,Kavya,Female,11,C,Science,77.70,48.00,31.00,86.00,61.90,C,Pass,2026-27,Pending,,
STU02892,Harini,Female,9,C,Mathematics,84.60,79.00,43.00,68.00,62.70,C,Pass,2025-26,Paid,,
STU02893,Keerthana,Female,7,D,Social Science,85.00,69.00,30.00,51.00,48.30,F,Pass,2026-27,Paid,,
STU02894,Swetha,Female,10,C,Science,93.50,36.00,43.00,73.00,56.60,D,Pass,2026-27,Partial,,
STU02895,Ajay,Male,6,B,Social Science,88.90,95.00,31.00,81.00,68.80,C,Pass,2025-26,Pending,,
STU02896,Kavya,Female,8,D,Tamil,89.60,61.00,48.00,97.00,75.10,B,Pass,2025-26,Paid,,
STU02897,Priya,Female,9,D,Social Science,88.70,91.00,32.00,35.00,45.30,F,Pass,2024-25,Pending,,
STU02898,Pranav,Male,6,B,Social Science,97.10,88.00,35.00,48.00,52.10,D,Pass,2026-27,Paid,,
STU02899,Aishwarya,Female,11,B,Mathematics,84.20,65.00,31.00,43.00,43.80,F,Pass,2024-25,Partial,,
STU02900,Sanjay,Male,8,D,Tamil,88.90,86.00,30.00,73.00,62.70,C,Pass,2026-27,Pending,,
STU02901,Arun,Male,9,C,English,85.90,85.00,40.00,42.00,50.00,D,Pass,2026-27,Pending,,
STU02902,Vijay,Male,10,C,English,92.00,96.00,31.00,29.00,43.00,F,Pass,2025-26,Pending,,
STU02903,Aishwarya,Female,12,C,Mathematics,64.90,78.00,37.00,38.00,45.70,F,Pass,2024-25,Partial,,
STU02904,Sanjay,Male,7,C,Mathematics,78.60,74.00,34.00,92.00,71.00,B,Pass,2024-25,Pending,,
STU02905,Dinesh,Male,9,C,English,70.10,96.00,47.00,79.00,72.80,B,Pass,2026-27,Partial,,
STU02906,Aishwarya,Female,9,A,English,95.50,40.00,37.00,100.00,69.10,C,Pass,2024-25,Paid,,
STU02907,Rahul,Male,6,D,Tamil,85.60,76.00,47.00,76.00,67.30,C,Pass,2025-26,Paid,,
STU02908,Hari,Male,12,D,Social Science,79.40,96.00,35.00,91.00,75.20,B,Pass,2025-26,Paid,,
STU02909,Sanjay,Male,12,B,Mathematics,65.70,57.00,48.00,39.00,45.30,F,Pass,2025-26,Partial,,
STU02910,Harini,Female,8,A,Science,74.70,36.00,37.00,49.00,42.80,F,Pass,2024-25,Partial,,
STU02911,Dinesh,Male,6,A,Mathematics,84.60,97.00,39.00,68.00,65.10,C,Pass,2026-27,Paid,,
STU02912,Arun,Male,7,B,Tamil,83.40,45.00,45.00,71.00,58.00,D,Pass,2025-26,Pending,,
STU02913,Divya,Female,9,C,Social Science,76.60,43.00,31.00,59.00,47.40,F,Pass,2025-26,Pending,,
STU02914,Dinesh,Male,8,A,Tamil,82.10,80.00,35.00,76.00,64.50,C,Pass,2026-27,Partial,,
STU02915,Harini,Female,8,B,Tamil,84.00,42.00,45.00,93.00,68.40,C,Pass,2025-26,Pending,,
STU02916,Rahul,Male,6,C,Social Science,97.90,98.00,34.00,55.00,57.30,D,Pass,2026-27,Partial,,
STU02917,Ajay,Male,10,A,Science,86.10,68.00,40.00,82.00,66.60,C,Pass,2026-27,Paid,,
STU02918,Vijay,Male,9,D,Tamil,83.30,69.00,47.00,68.00,61.90,C,Pass,2026-27,Partial,,
STU02919,Madhan,Male,11,D,Tamil,84.50,48.00,48.00,80.00,64.00,C,Pass,2025-26,Partial,,
STU02920,Keerthana,Female,6,B,Mathematics,83.70,44.00,48.00,41.00,43.70,F,Pass,2024-25,Paid,,
STU02921,Hari,Male,11,C,English,83.20,92.00,30.00,59.00,56.90,D,Pass,2026-27,Partial,,
STU02922,Dinesh,Male,10,C,Social Science,97.60,55.00,48.00,38.00,44.40,F,Pass,2025-26,Partial,,
STU02923,Nivetha,Female,12,A,Tamil,75.80,91.00,32.00,61.00,58.30,D,Pass,2026-27,Paid,,
STU02924,Dinesh,Male,8,D,Mathematics,85.00,49.00,39.00,48.00,45.50,F,Pass,2025-26,Partial,,
STU02925,Priya,Female,10,D,English,75.10,45.00,46.00,94.00,69.80,C,Pass,2024-25,Partial,,
STU02926,Vijay,Male,8,D,Science,88.10,65.00,50.00,80.00,68.00,C,Pass,2026-27,Pending,,
STU02927,Keerthana,Female,12,C,Mathematics,85.10,78.00,39.00,84.00,69.30,C,Pass,2026-27,Pending,,
STU02928,Madhan,Male,12,D,Mathematics,90.00,95.00,33.00,68.00,62.90,C,Pass,2025-26,Partial,,
STU02929,Priya,Female,10,A,English,72.10,63.00,38.00,93.00,70.50,B,Pass,2026-27,Paid,,
STU02930,Keerthana,Female,8,D,Social Science,73.50,88.00,31.00,28.00,40.90,F,Pass,2026-27,Paid,,
STU02931,Ananya,Female,10,A,Science,78.40,96.00,43.00,41.00,52.60,D,Pass,2025-26,Paid,,
STU02932,Swetha,Female,11,B,English,71.10,81.00,38.00,44.00,49.60,F,Pass,2024-25,Paid,,
STU02933,Kavya,Female,7,A,Social Science,83.00,69.00,50.00,32.00,44.80,F,Pass,2024-25,Partial,,
STU02934,Keerthana,Female,9,B,Tamil,66.10,49.00,44.00,48.00,47.00,F,Pass,2024-25,Pending,,
STU02935,Divya,Female,8,D,Mathematics,58.70,36.00,30.00,33.00,32.70,F,Fail,2026-27,Pending,,
STU02936,Madhan,Male,12,B,English,94.60,77.00,49.00,92.00,76.10,B,Pass,2026-27,Pending,,
STU02937,Harini,Female,7,B,Social Science,74.80,76.00,49.00,78.00,68.90,C,Pass,2026-27,Pending,,
STU02938,Pavithra,Female,12,A,Mathematics,80.20,66.00,49.00,27.00,41.40,F,Pass,2024-25,Paid,,
STU02939,Keerthana,Female,11,C,Science,81.00,76.00,30.00,30.00,39.20,F,Fail,2026-27,Paid,,
STU02940,Madhan,Male,10,A,Social Science,74.70,39.00,50.00,32.00,38.80,F,Fail,2025-26,Pending,,
STU02941,Swetha,Female,6,C,Mathematics,89.20,66.00,40.00,65.00,57.70,D,Pass,2025-26,Partial,,
STU02942,Sanjay,Male,7,B,Tamil,91.40,86.00,49.00,88.00,75.90,B,Pass,2026-27,Paid,,
STU02943,Ajay,Male,9,C,Mathematics,88.70,60.00,39.00,54.00,50.70,D,Pass,2026-27,Partial,,
STU02944,Kavya,Female,6,C,Mathematics,79.60,62.00,48.00,48.00,50.80,D,Pass,2026-27,Pending,,
STU02945,Hari,Male,9,B,Mathematics,74.70,100.00,33.00,53.00,56.40,D,Pass,2024-25,Paid,,
STU02946,Priya,Female,8,C,English,84.00,61.00,31.00,48.00,45.50,F,Pass,2024-25,Pending,,
STU02947,Divya,Female,12,B,English,79.00,67.00,30.00,97.00,70.90,B,Pass,2026-27,Pending,,
STU02948,Dinesh,Male,7,A,English,92.90,64.00,41.00,30.00,40.10,F,Pass,2025-26,Paid,,
STU02949,Ananya,Female,7,B,English,73.40,97.00,32.00,71.00,64.50,C,Pass,2025-26,Pending,,
STU02950,Ananya,Female,12,C,Tamil,98.40,69.00,34.00,44.00,46.00,F,Pass,2026-27,Partial,,
STU02951,Nivetha,Female,9,C,Tamil,94.30,82.00,41.00,36.00,46.70,F,Pass,2024-25,Pending,,
STU02952,Hari,Male,12,A,Science,88.60,44.00,48.00,36.00,41.20,F,Pass,2024-25,Partial,,
STU02953,Ananya,Female,8,B,Mathematics,76.10,43.00,49.00,85.00,65.80,C,Pass,2024-25,Pending,,
STU02954,Nivetha,Female,8,D,Tamil,77.10,85.00,43.00,54.00,56.90,D,Pass,2024-25,Partial,,
STU02955,Sanjay,Male,9,B,Tamil,87.70,87.00,34.00,34.00,44.60,F,Pass,2026-27,Partial,,
STU02956,Swetha,Female,7,C,English,73.00,36.00,30.00,83.00,57.70,D,Pass,2025-26,Paid,,
STU02957,Ananya,Female,8,B,Tamil,76.90,84.00,46.00,70.00,65.60,C,Pass,2026-27,Partial,,
STU02958,Kavya,Female,9,D,Tamil,93.80,74.00,36.00,52.00,51.60,D,Pass,2026-27,Pending,,
STU02959,Hari,Male,6,A,Tamil,100.00,88.00,33.00,31.00,43.00,F,Pass,2026-27,Paid,,
STU02960,Dinesh,Male,12,A,Social Science,88.10,61.00,31.00,60.00,51.50,D,Pass,2025-26,Partial,,
STU02961,Ajay,Male,7,A,Science,93.10,80.00,32.00,92.00,71.60,B,Pass,2026-27,Pending,,
STU02962,Kavya,Female,6,C,Tamil,79.70,83.00,40.00,76.00,66.60,C,Pass,2026-27,Partial,,
STU02963,Ajay,Male,9,B,Social Science,93.20,54.00,45.00,45.00,46.80,F,Pass,2024-25,Partial,,
STU02964,Sanjay,Male,9,B,English,84.40,93.00,36.00,70.00,64.40,C,Pass,2025-26,Pending,,
STU02965,Dinesh,Male,10,B,Tamil,88.90,86.00,49.00,81.00,72.40,B,Pass,2026-27,Partial,,
STU02966,Divya,Female,11,C,Mathematics,80.20,71.00,49.00,95.00,76.40,B,Pass,2024-25,Pending,,
STU02967,Divya,Female,8,D,Science,81.80,90.00,42.00,92.00,76.60,B,Pass,2026-27,Partial,,
STU02968,Pavithra,Female,8,A,Social Science,84.70,78.00,45.00,37.00,47.60,F,Pass,2024-25,Pending,,
STU02969,Nivetha,Female,9,A,Mathematics,73.30,86.00,36.00,63.00,59.50,D,Pass,2024-25,Paid,,
STU02970,Dinesh,Male,7,B,Tamil,66.40,39.00,34.00,69.00,52.50,D,Pass,2026-27,Pending,,
STU02971,Nivetha,Female,12,B,English,84.00,96.00,37.00,27.00,43.80,F,Pass,2026-27,Paid,,
STU02972,Ajay,Male,9,D,Tamil,66.50,55.00,43.00,38.00,42.90,F,Pass,2025-26,Pending,,
STU02973,Keerthana,Female,6,A,English,81.70,82.00,39.00,68.00,62.10,C,Pass,2025-26,Paid,,
STU02974,Pranav,Male,8,A,Social Science,85.40,39.00,48.00,100.00,72.20,B,Pass,2026-27,Paid,,
STU02975,Swetha,Female,11,D,English,70.70,74.00,42.00,37.00,45.90,F,Pass,2025-26,Paid,,
STU02976,Rahul,Male,12,C,English,80.50,63.00,31.00,28.00,35.90,F,Fail,2024-25,Partial,,
STU02977,Sanjay,Male,7,C,English,71.60,63.00,30.00,87.00,65.10,C,Pass,2026-27,Partial,,
STU02978,Divya,Female,9,D,Mathematics,72.80,69.00,43.00,74.00,63.70,C,Pass,2024-25,Partial,,
STU02979,Priya,Female,8,A,Social Science,74.30,53.00,40.00,44.00,44.60,F,Pass,2025-26,Pending,,
STU02980,Ananya,Female,6,B,English,76.00,66.00,31.00,41.00,43.00,F,Pass,2024-25,Pending,,
STU02981,Pranav,Male,9,D,Science,98.40,48.00,35.00,71.00,55.60,D,Pass,2024-25,Partial,,
STU02982,Aishwarya,Female,10,A,Mathematics,60.30,48.00,46.00,46.00,46.40,F,Pass,2026-27,Paid,,
STU02983,Divya,Female,9,D,Science,94.00,49.00,35.00,52.00,46.30,F,Pass,2026-27,Paid,,
STU02984,Aishwarya,Female,10,C,Mathematics,85.40,97.00,50.00,29.00,48.90,F,Pass,2026-27,Partial,,
STU02985,Priya,Female,9,A,Mathematics,88.30,76.00,47.00,61.00,59.80,D,Pass,2025-26,Pending,,
STU02986,Arun,Male,7,B,Mathematics,89.70,54.00,38.00,93.00,68.70,C,Pass,2026-27,Pending,,
STU02987,Karthik,Male,7,D,English,73.80,40.00,37.00,34.00,36.10,F,Fail,2024-25,Partial,,
STU02988,Vijay,Male,9,D,Social Science,84.00,50.00,38.00,40.00,41.40,F,Pass,2026-27,Paid,,
STU02989,Ananya,Female,9,A,Tamil,80.00,46.00,46.00,97.00,71.50,B,Pass,2026-27,Paid,,
STU02990,Madhan,Male,12,B,Mathematics,100.00,83.00,49.00,43.00,52.80,D,Pass,2025-26,Partial,,
STU02991,Swetha,Female,10,B,Mathematics,84.80,68.00,32.00,60.00,53.20,D,Pass,2024-25,Paid,,
STU02992,Hari,Male,6,A,Social Science,83.20,48.00,39.00,26.00,34.30,F,Fail,2025-26,Paid,,
STU02993,Vijay,Male,8,A,Science,92.40,74.00,39.00,82.00,67.50,C,Pass,2024-25,Partial,,
STU02994,Swetha,Female,6,C,Tamil,71.40,84.00,44.00,37.00,48.50,F,Pass,2025-26,Partial,,
STU02995,Aishwarya,Female,7,A,Tamil,84.50,80.00,42.00,59.00,58.10,D,Pass,2025-26,Pending,,
STU02996,Vijay,Male,9,C,Science,89.40,69.00,31.00,83.00,64.60,C,Pass,2026-27,Pending,,
STU02997,Rahul,Male,7,D,Mathematics,81.30,92.00,30.00,54.00,54.40,D,Pass,2024-25,Partial,,
STU02998,Rahul,Male,9,C,Tamil,96.00,58.00,50.00,76.00,64.60,C,Pass,2025-26,Paid,,
STU02999,Ajay,Male,6,B,English,65.70,79.00,37.00,33.00,43.40,F,Pass,2026-27,Partial,,
STU03000,Pranav,Male,9,D,English,90.10,46.00,31.00,35.00,36.00,F,Fail,2024-25,Partial,,
STU03001,Nivetha,Female,8,D,Tamil,85.60,39.00,42.00,61.00,50.90,D,Pass,2024-25,Paid,,
STU03002,Pavithra,Female,8,D,Science,88.20,73.00,47.00,73.00,65.20,C,Pass,2026-27,Partial,,
STU03003,Aishwarya,Female,8,A,Science,96.40,86.00,33.00,28.00,41.10,F,Pass,2024-25,Pending,,
STU03004,Ananya,Female,12,A,Science,83.10,97.00,37.00,86.00,73.50,B,Pass,2025-26,Partial,,
STU03005,Kavya,Female,7,B,Tamil,77.60,44.00,44.00,38.00,41.00,F,Pass,2026-27,Partial,,
STU03006,Ananya,Female,6,C,Social Science,83.60,38.00,35.00,36.00,36.10,F,Fail,2025-26,Pending,,
STU03007,Divya,Female,12,C,Mathematics,88.10,70.00,37.00,54.00,52.10,D,Pass,2024-25,Partial,,
STU03008,Kavya,Female,11,D,Mathematics,73.50,82.00,35.00,54.00,53.90,D,Pass,2026-27,Paid,,
STU03009,Ananya,Female,12,B,English,68.10,42.00,39.00,99.00,69.60,C,Pass,2026-27,Paid,,
STU03010,Swetha,Female,8,B,Science,98.80,49.00,49.00,86.00,67.50,C,Pass,2026-27,Pending,,
STU03011,Karthik,Male,9,B,Social Science,93.50,54.00,38.00,89.00,66.70,C,Pass,2025-26,Partial,,
STU03012,Rahul,Male,12,C,Social Science,69.60,83.00,40.00,56.00,56.60,D,Pass,2026-27,Paid,,
STU03013,Swetha,Female,10,D,Tamil,81.70,65.00,38.00,98.00,73.40,B,Pass,2024-25,Paid,,
STU03014,Kavya,Female,9,D,Tamil,86.00,90.00,30.00,71.00,62.50,C,Pass,2025-26,Partial,,
STU03015,Dinesh,Male,12,B,Mathematics,77.00,50.00,42.00,42.00,43.60,F,Pass,2025-26,Paid,,
STU03016,Kavya,Female,10,B,Mathematics,83.20,68.00,42.00,63.00,57.70,D,Pass,2025-26,Paid,,
STU03017,Ananya,Female,6,C,Mathematics,81.40,64.00,49.00,55.00,55.00,D,Pass,2025-26,Partial,,
STU03018,Dinesh,Male,11,A,Social Science,82.80,85.00,42.00,99.00,79.10,B,Pass,2024-25,Pending,,
STU03019,Keerthana,Female,10,A,Mathematics,100.00,84.00,31.00,25.00,38.60,F,Fail,2024-25,Partial,,
STU03020,Karthik,Male,11,A,Tamil,85.40,76.00,43.00,34.00,45.10,F,Pass,2025-26,Paid,,
STU03021,Priya,Female,10,C,Mathematics,98.20,100.00,32.00,42.00,50.60,D,Pass,2024-25,Paid,,
STU03022,Arun,Male,11,B,English,78.70,73.00,42.00,98.00,76.20,B,Pass,2026-27,Paid,,
STU03023,Pavithra,Female,7,B,English,89.00,68.00,46.00,40.00,47.40,F,Pass,2025-26,Partial,,
STU03024,Priya,Female,11,D,Mathematics,85.50,75.00,43.00,33.00,44.40,F,Pass,2026-27,Paid,,
STU03025,Karthik,Male,12,B,English,88.90,45.00,46.00,75.00,60.30,C,Pass,2025-26,Paid,,
STU03026,Swetha,Female,6,B,Tamil,82.90,54.00,36.00,77.00,60.10,C,Pass,2025-26,Paid,,
STU03027,Kavya,Female,7,D,Social Science,90.20,43.00,43.00,84.00,63.50,C,Pass,2025-26,Pending,,
STU03028,Rahul,Male,7,B,Social Science,100.00,43.00,48.00,54.00,50.00,D,Pass,2026-27,Paid,,
STU03029,Keerthana,Female,12,B,Science,89.50,57.00,42.00,55.00,51.50,D,Pass,2025-26,Partial,,
STU03030,Kavya,Female,12,C,English,61.30,58.00,40.00,48.00,47.60,F,Pass,2026-27,Pending,,
STU03031,Harini,Female,8,C,English,87.30,89.00,47.00,80.00,71.90,B,Pass,2026-27,Paid,,
STU03032,Karthik,Male,8,B,English,66.30,40.00,43.00,57.00,49.40,F,Pass,2024-25,Partial,,
STU03033,Pranav,Male,10,D,Science,89.80,79.00,49.00,32.00,46.50,F,Pass,2026-27,Pending,,
STU03034,Dinesh,Male,10,D,Social Science,86.60,41.00,35.00,70.00,53.70,D,Pass,2026-27,Paid,,
STU03035,Arun,Male,11,C,Science,92.80,49.00,43.00,47.00,46.20,F,Pass,2026-27,Pending,,
STU03036,Ananya,Female,7,B,English,78.80,76.00,46.00,63.00,60.50,C,Pass,2024-25,Partial,,
STU03037,Vijay,Male,10,C,Mathematics,74.70,97.00,44.00,54.00,59.60,D,Pass,2026-27,Pending,,
STU03038,Madhan,Male,12,C,Science,70.80,75.00,41.00,33.00,43.80,F,Pass,2026-27,Partial,,
STU03039,Sanjay,Male,11,D,Mathematics,80.40,96.00,36.00,75.00,67.50,C,Pass,2025-26,Paid,,
STU03040,Hari,Male,9,B,Mathematics,78.40,85.00,50.00,84.00,74.00,B,Pass,2025-26,Paid,,
STU03041,Vijay,Male,8,C,English,82.70,36.00,47.00,30.00,36.30,F,Fail,2025-26,Pending,,
STU03042,Arun,Male,11,B,Social Science,84.40,56.00,50.00,57.00,54.70,D,Pass,2026-27,Partial,,
STU03043,Hari,Male,9,B,English,82.90,95.00,46.00,92.00,78.80,B,Pass,2024-25,Paid,,
STU03044,Dinesh,Male,7,D,Mathematics,79.30,72.00,47.00,69.00,63.00,C,Pass,2024-25,Paid,,
STU03045,Dinesh,Male,7,A,Tamil,67.70,72.00,34.00,94.00,71.60,B,Pass,2025-26,Pending,,
STU03046,Ajay,Male,11,B,Science,69.00,90.00,36.00,75.00,66.30,C,Pass,2025-26,Paid,,
STU03047,Madhan,Male,11,C,Mathematics,74.50,37.00,30.00,71.00,51.90,D,Pass,2024-25,Paid,,
STU03048,Madhan,Male,8,C,English,95.20,51.00,43.00,47.00,46.60,F,Pass,2024-25,Partial,,
STU03049,Arun,Male,7,D,Tamil,87.40,65.00,40.00,29.00,39.50,F,Fail,2024-25,Partial,,
STU03050,Arun,Male,11,B,Mathematics,81.90,53.00,50.00,60.00,55.60,D,Pass,2024-25,Pending,,
STU03051,Priya,Female,10,A,Science,82.60,38.00,49.00,39.00,41.80,F,Pass,2025-26,Partial,,
STU03052,Priya,Female,6,D,Science,76.50,84.00,47.00,85.00,73.40,B,Pass,2026-27,Partial,,
STU03053,Ananya,Female,7,B,Tamil,81.80,67.00,32.00,27.00,36.50,F,Fail,2025-26,Paid,,
STU03054,Swetha,Female,8,D,Tamil,90.10,38.00,47.00,61.00,52.20,D,Pass,2025-26,Partial,,
STU03055,Aishwarya,Female,6,A,Mathematics,81.40,87.00,39.00,43.00,50.60,D,Pass,2026-27,Pending,,
STU03056,Hari,Male,6,B,Mathematics,77.60,47.00,33.00,70.00,54.30,D,Pass,2024-25,Pending,,
STU03057,Madhan,Male,12,D,Social Science,68.00,47.00,36.00,40.00,40.20,F,Pass,2025-26,Paid,,
STU03058,Nivetha,Female,7,B,English,75.10,52.00,47.00,31.00,40.00,F,Pass,2025-26,Partial,,
STU03059,Dinesh,Male,11,D,Mathematics,84.10,42.00,39.00,88.00,64.10,C,Pass,2025-26,Paid,,
STU03060,Priya,Female,10,C,Tamil,100.00,48.00,32.00,39.00,38.70,F,Fail,2025-26,Paid,,
STU03061,Nivetha,Female,10,D,English,66.80,57.00,42.00,30.00,39.00,F,Fail,2024-25,Paid,,
STU03062,Harini,Female,10,A,English,85.60,37.00,38.00,70.00,53.80,D,Pass,2026-27,Partial,,
STU03063,Madhan,Male,9,A,Social Science,65.70,74.00,34.00,47.00,48.50,F,Pass,2026-27,Paid,,
STU03064,Nivetha,Female,11,C,Mathematics,89.40,58.00,31.00,66.00,53.90,D,Pass,2026-27,Pending,,
STU03065,Pavithra,Female,8,D,Science,58.90,46.00,33.00,49.00,43.60,F,Pass,2025-26,Partial,,
STU03066,Arun,Male,11,C,Mathematics,65.30,94.00,43.00,43.00,53.20,D,Pass,2025-26,Pending,,
STU03067,Divya,Female,6,D,Tamil,55.60,80.00,46.00,98.00,78.80,B,Pass,2025-26,Paid,,
STU03068,Pranav,Male,11,B,English,73.50,49.00,36.00,50.00,45.60,F,Pass,2025-26,Partial,,
STU03069,Ananya,Female,6,B,Mathematics,67.40,44.00,34.00,89.00,63.50,C,Pass,2026-27,Partial,,
STU03070,Arun,Male,11,D,Mathematics,85.90,84.00,33.00,39.00,46.20,F,Pass,2026-27,Paid,,
STU03071,Kavya,Female,12,B,Science,99.20,77.00,42.00,31.00,43.50,F,Pass,2024-25,Paid,,
STU03072,Aishwarya,Female,10,C,English,95.40,100.00,41.00,96.00,80.30,A,Pass,2026-27,Partial,,
STU03073,Aishwarya,Female,11,A,Social Science,83.10,65.00,48.00,84.00,69.40,C,Pass,2025-26,Partial,,
STU03074,Arun,Male,11,A,Tamil,74.40,95.00,37.00,88.00,74.10,B,Pass,2026-27,Pending,,
STU03075,Harini,Female,8,D,Mathematics,87.90,49.00,31.00,82.00,60.10,C,Pass,2025-26,Partial,,
STU03076,Ajay,Male,7,D,Mathematics,75.70,71.00,50.00,54.00,56.20,D,Pass,2025-26,Pending,,
STU03077,Kavya,Female,6,D,Tamil,97.00,66.00,40.00,99.00,74.70,B,Pass,2026-27,Partial,,
STU03078,Madhan,Male,10,C,Social Science,75.70,41.00,44.00,98.00,70.40,B,Pass,2025-26,Pending,,
STU03079,Pavithra,Female,10,B,Science,74.90,44.00,42.00,86.00,64.40,C,Pass,2026-27,Pending,,
STU03080,Sanjay,Male,11,A,Science,95.00,61.00,31.00,81.00,62.00,C,Pass,2026-27,Partial,,
STU03081,Dinesh,Male,9,D,Tamil,93.10,59.00,40.00,28.00,37.80,F,Fail,2026-27,Partial,,
STU03082,Dinesh,Male,10,B,Science,71.60,55.00,34.00,49.00,45.70,F,Pass,2024-25,Partial,,
STU03083,Harini,Female,6,B,English,70.80,78.00,34.00,95.00,73.30,B,Pass,2025-26,Partial,,
STU03084,Vijay,Male,7,A,English,89.20,85.00,40.00,50.00,54.00,D,Pass,2024-25,Pending,,
STU03085,Pranav,Male,11,C,Tamil,79.60,68.00,49.00,31.00,43.80,F,Pass,2024-25,Paid,,
STU03086,Rahul,Male,8,D,Science,92.70,44.00,39.00,79.00,60.00,C,Pass,2026-27,Pending,,
STU03087,Madhan,Male,7,C,Mathematics,71.60,40.00,34.00,29.00,32.70,F,Fail,2024-25,Pending,,
STU03088,Dinesh,Male,8,A,English,93.40,88.00,39.00,58.00,58.30,D,Pass,2025-26,Partial,,
STU03089,Pavithra,Female,12,D,Tamil,82.50,66.00,49.00,36.00,45.90,F,Pass,2026-27,Paid,,
STU03090,Ananya,Female,12,D,Mathematics,77.20,38.00,44.00,76.00,58.80,D,Pass,2024-25,Paid,,
STU03091,Vijay,Male,10,B,Tamil,76.50,88.00,47.00,70.00,66.70,C,Pass,2024-25,Partial,,
STU03092,Sanjay,Male,8,C,Mathematics,88.30,78.00,48.00,67.00,63.50,C,Pass,2024-25,Paid,,
STU03093,Priya,Female,11,C,Science,93.70,74.00,36.00,54.00,52.60,D,Pass,2026-27,Paid,,
STU03094,Swetha,Female,12,B,Social Science,82.50,42.00,38.00,77.00,58.30,D,Pass,2024-25,Paid,,
STU03095,Rahul,Male,9,D,English,92.00,37.00,35.00,48.00,41.90,F,Pass,2024-25,Paid,,
STU03096,Nivetha,Female,8,A,Science,78.60,48.00,44.00,29.00,37.30,F,Fail,2025-26,Partial,,
STU03097,Ananya,Female,11,A,Mathematics,79.30,42.00,36.00,99.00,68.70,C,Pass,2024-25,Pending,,
STU03098,Kavya,Female,6,D,Science,76.50,95.00,35.00,39.00,49.00,F,Pass,2025-26,Paid,,
STU03099,Hari,Male,11,B,English,82.60,44.00,49.00,45.00,46.00,F,Pass,2026-27,Pending,,
STU03100,Karthik,Male,6,C,English,63.60,38.00,45.00,35.00,38.60,F,Fail,2024-25,Paid,,
STU03101,Ananya,Female,12,A,Social Science,85.90,64.00,50.00,84.00,69.80,C,Pass,2025-26,Partial,,
STU03102,Keerthana,Female,9,A,Mathematics,86.00,71.00,49.00,96.00,76.90,B,Pass,2025-26,Pending,,
STU03103,Keerthana,Female,10,B,Tamil,77.40,38.00,32.00,46.00,40.20,F,Pass,2025-26,Partial,,
STU03104,Sanjay,Male,8,D,Science,85.40,81.00,46.00,99.00,79.50,B,Pass,2025-26,Paid,,
STU03105,Pavithra,Female,9,A,Social Science,68.70,37.00,50.00,79.00,61.90,C,Pass,2025-26,Pending,,
STU03106,Sanjay,Male,12,C,English,89.70,81.00,44.00,52.00,55.40,D,Pass,2025-26,Partial,,
STU03107,Harini,Female,9,D,Social Science,88.50,91.00,30.00,59.00,56.70,D,Pass,2025-26,Pending,,
STU03108,Pavithra,Female,9,A,Science,77.70,46.00,34.00,90.00,64.40,C,Pass,2026-27,Partial,,
STU03109,Keerthana,Female,10,C,English,79.10,52.00,46.00,43.00,45.70,F,Pass,2025-26,Partial,,
STU03110,Ajay,Male,8,A,Science,84.10,38.00,30.00,68.00,50.60,D,Pass,2024-25,Pending,,
STU03111,Hari,Male,9,A,Mathematics,69.90,100.00,30.00,50.00,54.00,D,Pass,2024-25,Partial,,
STU03112,Swetha,Female,8,D,Social Science,92.30,82.00,50.00,33.00,47.90,F,Pass,2024-25,Pending,,
STU03113,Karthik,Male,7,C,English,73.10,82.00,38.00,35.00,45.30,F,Pass,2025-26,Paid,,
STU03114,Madhan,Male,10,A,Social Science,78.70,68.00,47.00,27.00,41.20,F,Pass,2026-27,Pending,,
STU03115,Karthik,Male,9,A,Social Science,84.80,97.00,33.00,71.00,64.80,C,Pass,2024-25,Paid,,
STU03116,Pavithra,Female,11,A,Tamil,67.10,95.00,39.00,32.00,46.70,F,Pass,2025-26,Paid,,
STU03117,Ajay,Male,10,C,Science,73.00,54.00,50.00,62.00,56.80,D,Pass,2025-26,Paid,,
STU03118,Pranav,Male,6,A,Tamil,75.70,35.00,31.00,85.00,58.80,D,Pass,2024-25,Paid,,
STU03119,Aishwarya,Female,11,C,Tamil,81.80,41.00,34.00,69.00,52.90,D,Pass,2026-27,Pending,,
STU03120,Keerthana,Female,11,B,Social Science,80.50,57.00,31.00,35.00,38.20,F,Fail,2024-25,Partial,,
STU03121,Madhan,Male,9,C,Social Science,84.90,93.00,50.00,67.00,67.10,C,Pass,2026-27,Paid,,
STU03122,Nivetha,Female,10,D,Mathematics,71.00,67.00,35.00,69.00,58.40,D,Pass,2024-25,Pending,,
STU03123,Keerthana,Female,6,C,Tamil,78.00,62.00,44.00,62.00,56.60,D,Pass,2024-25,Partial,,
STU03124,Divya,Female,7,B,Science,84.80,64.00,44.00,79.00,65.50,C,Pass,2025-26,Partial,,
STU03125,Swetha,Female,10,A,Science,82.10,75.00,40.00,88.00,71.00,B,Pass,2024-25,Pending,,
STU03126,Kavya,Female,11,A,Mathematics,81.00,73.00,49.00,75.00,66.80,C,Pass,2026-27,Partial,,
STU03127,Sanjay,Male,8,A,Social Science,100.00,78.00,46.00,76.00,67.40,C,Pass,2024-25,Pending,,
STU03128,Pranav,Male,9,C,Mathematics,91.00,77.00,30.00,97.00,72.90,B,Pass,2026-27,Partial,,
STU03129,Priya,Female,7,C,Mathematics,82.80,91.00,48.00,38.00,51.60,D,Pass,2024-25,Paid,,
STU03130,Arun,Male,11,C,Tamil,73.30,67.00,43.00,79.00,65.80,C,Pass,2026-27,Partial,,
STU03131,Kavya,Female,7,B,Tamil,82.90,87.00,33.00,89.00,71.80,B,Pass,2026-27,Paid,,
STU03132,Dinesh,Male,11,B,Mathematics,100.00,36.00,31.00,44.00,38.50,F,Fail,2024-25,Partial,,
STU03133,Harini,Female,7,C,Social Science,93.50,52.00,30.00,67.00,52.90,D,Pass,2025-26,Pending,,
STU03134,Madhan,Male,10,D,Social Science,79.70,48.00,49.00,43.00,45.80,F,Pass,2024-25,Pending,,
STU03135,Harini,Female,10,C,Science,81.70,57.00,48.00,56.00,53.80,D,Pass,2025-26,Paid,,
STU03136,Aishwarya,Female,8,D,English,82.90,45.00,38.00,80.00,60.40,C,Pass,2024-25,Pending,,
STU03137,Dinesh,Male,8,A,Mathematics,78.90,58.00,43.00,82.00,65.50,C,Pass,2025-26,Partial,,
STU03138,Kavya,Female,10,D,Science,86.60,77.00,39.00,60.00,57.10,D,Pass,2025-26,Partial,,
STU03139,Pavithra,Female,12,C,Tamil,82.10,52.00,48.00,52.00,50.80,D,Pass,2025-26,Paid,,
STU03140,Kavya,Female,9,B,Science,82.90,77.00,32.00,99.00,74.50,B,Pass,2024-25,Pending,,
STU03141,Priya,Female,10,A,Tamil,86.60,71.00,39.00,86.00,68.90,C,Pass,2026-27,Paid,,
STU03142,Nivetha,Female,9,A,Tamil,88.60,81.00,43.00,95.00,76.60,B,Pass,2025-26,Paid,,
STU03143,Rahul,Male,12,A,Science,92.30,67.00,46.00,28.00,41.20,F,Pass,2025-26,Paid,,
STU03144,Ajay,Male,6,B,English,83.80,92.00,50.00,63.00,64.90,C,Pass,2024-25,Paid,,
STU03145,Rahul,Male,12,D,English,89.90,97.00,32.00,93.00,75.50,B,Pass,2025-26,Partial,,
STU03146,Sanjay,Male,8,D,Mathematics,61.30,88.00,36.00,33.00,44.90,F,Pass,2024-25,Paid,,
STU03147,Rahul,Male,10,A,Science,75.80,97.00,47.00,31.00,49.00,F,Pass,2025-26,Pending,,
STU03148,Pranav,Male,11,C,Mathematics,80.20,100.00,40.00,90.00,77.00,B,Pass,2025-26,Pending,,
STU03149,Pranav,Male,9,C,Mathematics,100.00,56.00,50.00,95.00,73.70,B,Pass,2026-27,Partial,,
STU03150,Pranav,Male,7,A,English,93.10,83.00,43.00,99.00,79.00,B,Pass,2024-25,Pending,,
STU03151,Swetha,Female,10,C,English,61.50,71.00,44.00,29.00,41.90,F,Pass,2025-26,Paid,,
STU03152,Rahul,Male,6,B,English,77.20,93.00,32.00,46.00,51.20,D,Pass,2024-25,Partial,,
STU03153,Arun,Male,7,D,Science,54.30,51.00,44.00,86.00,66.40,C,Pass,2026-27,Pending,,
STU03154,Ajay,Male,10,C,English,78.00,95.00,34.00,92.00,75.20,B,Pass,2025-26,Partial,,
STU03155,Ananya,Female,11,B,English,100.00,96.00,44.00,96.00,80.40,A,Pass,2024-25,Pending,,
STU03156,Divya,Female,11,A,Science,83.30,58.00,47.00,54.00,52.70,D,Pass,2024-25,Pending,,
STU03157,Nivetha,Female,9,B,Mathematics,86.80,51.00,44.00,88.00,67.40,C,Pass,2026-27,Partial,,
STU03158,Arun,Male,8,C,English,78.10,78.00,46.00,70.00,64.40,C,Pass,2026-27,Partial,,
STU03159,Priya,Female,6,B,Science,84.60,51.00,35.00,95.00,68.20,C,Pass,2025-26,Pending,,
STU03160,Sanjay,Male,11,B,Mathematics,96.00,40.00,34.00,67.00,51.70,D,Pass,2025-26,Pending,,
STU03161,Swetha,Female,10,B,Social Science,88.00,93.00,50.00,29.00,48.10,F,Pass,2025-26,Paid,,
STU03162,Ajay,Male,9,A,Mathematics,61.80,88.00,50.00,61.00,63.10,C,Pass,2025-26,Partial,,
STU03163,Priya,Female,10,D,Mathematics,81.00,70.00,46.00,58.00,56.80,D,Pass,2026-27,Partial,,
STU03164,Pavithra,Female,11,B,English,83.00,58.00,35.00,34.00,39.10,F,Fail,2026-27,Paid,,
STU03165,Aishwarya,Female,10,C,Mathematics,60.20,91.00,30.00,26.00,40.20,F,Pass,2026-27,Pending,,
STU03166,Rahul,Male,11,C,Mathematics,77.20,70.00,35.00,78.00,63.50,C,Pass,2025-26,Paid,,
STU03167,Swetha,Female,6,C,English,86.90,41.00,37.00,56.00,47.30,F,Pass,2026-27,Partial,,
STU03168,Karthik,Male,7,D,Tamil,83.90,83.00,34.00,94.00,73.80,B,Pass,2024-25,Paid,,
STU03169,Swetha,Female,10,A,Mathematics,91.80,44.00,31.00,94.00,65.10,C,Pass,2026-27,Paid,,
STU03170,Pranav,Male,12,B,English,74.00,93.00,38.00,50.00,55.00,D,Pass,2025-26,Pending,,
STU03171,Ananya,Female,7,D,Science,90.60,44.00,40.00,73.00,57.30,D,Pass,2025-26,Partial,,
STU03172,Kavya,Female,8,D,Social Science,96.70,72.00,41.00,88.00,70.70,B,Pass,2025-26,Partial,,
STU03173,Kavya,Female,10,C,Mathematics,91.00,65.00,50.00,74.00,65.00,C,Pass,2024-25,Partial,,
STU03174,Dinesh,Male,6,C,Social Science,83.50,81.00,39.00,34.00,44.90,F,Pass,2026-27,Paid,,
STU03175,Keerthana,Female,11,C,English,81.00,81.00,34.00,32.00,42.40,F,Pass,2025-26,Partial,,
STU03176,Karthik,Male,9,C,Tamil,67.30,43.00,49.00,48.00,47.30,F,Pass,2024-25,Pending,,
STU03177,Pavithra,Female,8,C,Mathematics,92.70,40.00,34.00,85.00,60.70,C,Pass,2026-27,Pending,,
STU03178,Pavithra,Female,7,A,Social Science,96.50,53.00,39.00,32.00,38.30,F,Fail,2024-25,Partial,,
STU03179,Priya,Female,7,A,English,81.40,71.00,30.00,47.00,46.70,F,Pass,2026-27,Paid,,
STU03180,Priya,Female,8,A,Social Science,73.80,67.00,32.00,47.00,46.50,F,Pass,2026-27,Paid,,
STU03181,Pranav,Male,11,B,Mathematics,73.30,42.00,30.00,61.00,47.90,F,Pass,2025-26,Partial,,
STU03182,Divya,Female,7,B,English,83.20,76.00,39.00,77.00,65.40,C,Pass,2024-25,Paid,,
STU03183,Karthik,Male,7,C,English,81.10,81.00,45.00,33.00,46.20,F,Pass,2024-25,Paid,,
STU03184,Keerthana,Female,9,D,Social Science,93.80,88.00,32.00,48.00,51.20,D,Pass,2025-26,Paid,,
STU03185,Keerthana,Female,6,A,English,87.90,46.00,36.00,89.00,64.50,C,Pass,2024-25,Paid,,
STU03186,Karthik,Male,8,C,Social Science,83.00,39.00,35.00,92.00,64.30,C,Pass,2026-27,Paid,,
STU03187,Madhan,Male,9,D,Mathematics,84.10,49.00,48.00,38.00,43.20,F,Pass,2026-27,Partial,,
STU03188,Hari,Male,7,A,English,76.50,59.00,40.00,75.00,61.30,C,Pass,2026-27,Partial,,
STU03189,Karthik,Male,9,B,English,83.30,86.00,45.00,31.00,46.20,F,Pass,2025-26,Partial,,
STU03190,Dinesh,Male,6,A,English,61.40,46.00,49.00,39.00,43.40,F,Pass,2026-27,Pending,,
STU03191,Ananya,Female,8,A,Tamil,82.50,55.00,30.00,56.00,48.00,F,Pass,2025-26,Pending,,
STU03192,Swetha,Female,6,D,Tamil,88.80,67.00,46.00,85.00,69.70,C,Pass,2025-26,Pending,,
STU03193,Dinesh,Male,9,C,English,69.60,93.00,34.00,53.00,55.30,D,Pass,2024-25,Pending,,
STU03194,Karthik,Male,9,A,English,97.40,98.00,50.00,89.00,79.10,B,Pass,2026-27,Paid,,
STU03195,Arun,Male,8,D,Tamil,98.20,83.00,36.00,32.00,43.40,F,Pass,2025-26,Pending,,
STU03196,Ananya,Female,6,C,Social Science,77.20,70.00,42.00,75.00,64.10,C,Pass,2025-26,Partial,,
STU03197,Vijay,Male,12,B,English,80.70,98.00,33.00,65.00,62.00,C,Pass,2026-27,Paid,,
STU03198,Madhan,Male,9,A,Mathematics,78.70,41.00,47.00,78.00,61.30,C,Pass,2024-25,Paid,,
STU03199,Rahul,Male,8,B,Tamil,85.10,97.00,39.00,61.00,61.60,C,Pass,2026-27,Partial,,
STU03200,Madhan,Male,11,B,English,72.30,94.00,40.00,25.00,43.30,F,Pass,2026-27,Pending,,
STU03201,Vijay,Male,10,C,Social Science,84.90,82.00,47.00,68.00,64.50,C,Pass,2026-27,Pending,,
STU03202,Nivetha,Female,12,A,English,77.30,49.00,48.00,78.00,63.20,C,Pass,2024-25,Paid,,
STU03203,Aishwarya,Female,12,B,English,70.70,61.00,47.00,87.00,69.80,C,Pass,2024-25,Pending,,
STU03204,Vijay,Male,7,A,Tamil,87.40,68.00,37.00,77.00,63.20,C,Pass,2025-26,Pending,,
STU03205,Aishwarya,Female,8,D,Science,88.40,90.00,45.00,59.00,61.00,C,Pass,2024-25,Pending,,
STU03206,Dinesh,Male,12,A,English,77.20,39.00,42.00,54.00,47.40,F,Pass,2024-25,Pending,,
STU03207,Nivetha,Female,7,D,Science,77.90,80.00,46.00,63.00,61.30,C,Pass,2024-25,Partial,,
STU03208,Karthik,Male,11,C,Mathematics,85.00,45.00,41.00,81.00,61.80,C,Pass,2024-25,Partial,,
STU03209,Sanjay,Male,11,B,Science,85.00,83.00,33.00,38.00,45.50,F,Pass,2025-26,Pending,,
STU03210,Rahul,Male,9,A,Tamil,79.60,56.00,42.00,27.00,37.30,F,Fail,2025-26,Pending,,
STU03211,Harini,Female,9,C,Mathematics,86.60,66.00,42.00,89.00,70.30,B,Pass,2025-26,Paid,,
STU03212,Pavithra,Female,6,C,Tamil,91.00,60.00,39.00,59.00,53.20,D,Pass,2026-27,Partial,,
STU03213,Harini,Female,8,C,Science,82.60,64.00,30.00,36.00,39.80,F,Fail,2024-25,Partial,,
STU03214,Keerthana,Female,7,D,English,79.70,63.00,46.00,73.00,62.90,C,Pass,2026-27,Pending,,
STU03215,Keerthana,Female,11,A,Science,81.30,84.00,46.00,54.00,57.60,D,Pass,2026-27,Pending,,
STU03216,Madhan,Male,8,D,Tamil,64.00,59.00,38.00,28.00,37.20,F,Fail,2026-27,Partial,,
STU03217,Ajay,Male,11,C,Tamil,78.30,87.00,38.00,27.00,42.30,F,Pass,2024-25,Pending,,
STU03218,Aishwarya,Female,8,B,Science,81.00,94.00,31.00,26.00,41.10,F,Pass,2026-27,Pending,,
STU03219,Dinesh,Male,10,C,Social Science,74.00,74.00,35.00,70.00,60.30,C,Pass,2025-26,Pending,,
STU03220,Swetha,Female,10,C,Mathematics,95.50,52.00,32.00,85.00,62.50,C,Pass,2026-27,Partial,,
STU03221,Swetha,Female,7,D,Mathematics,82.60,36.00,33.00,78.00,56.10,D,Pass,2026-27,Partial,,
STU03222,Dinesh,Male,7,C,Mathematics,83.10,94.00,48.00,61.00,63.70,C,Pass,2026-27,Pending,,
STU03223,Rahul,Male,8,A,Science,79.00,55.00,43.00,60.00,53.90,D,Pass,2026-27,Partial,,
STU03224,Divya,Female,11,A,Tamil,69.70,46.00,44.00,26.00,35.40,F,Fail,2025-26,Partial,,
STU03225,Vijay,Male,11,C,Mathematics,58.60,65.00,31.00,59.00,51.80,D,Pass,2026-27,Pending,,
STU03226,Divya,Female,11,C,English,89.80,66.00,40.00,69.00,59.70,D,Pass,2024-25,Partial,,
STU03227,Rahul,Male,9,B,Social Science,87.80,86.00,45.00,98.00,79.70,B,Pass,2026-27,Paid,,
STU03228,Arun,Male,7,D,Mathematics,67.30,83.00,38.00,83.00,69.50,C,Pass,2026-27,Pending,,
STU03229,Karthik,Male,8,B,Tamil,92.30,94.00,31.00,91.00,73.60,B,Pass,2026-27,Pending,,
STU03230,Arun,Male,9,A,Tamil,64.80,88.00,33.00,34.00,44.50,F,Pass,2025-26,Pending,,
STU03231,Harini,Female,9,A,Tamil,100.00,65.00,31.00,98.00,71.30,B,Pass,2025-26,Pending,,
STU03232,Keerthana,Female,11,C,Science,81.90,62.00,46.00,94.00,73.20,B,Pass,2026-27,Pending,,
STU03233,Rahul,Male,9,D,Mathematics,64.20,98.00,44.00,25.00,45.30,F,Pass,2024-25,Pending,,
STU03234,Vijay,Male,8,B,English,75.00,77.00,33.00,45.00,47.80,F,Pass,2024-25,Partial,,
STU03235,Hari,Male,7,B,Science,55.50,42.00,49.00,77.00,61.60,C,Pass,2026-27,Pending,,
STU03236,Ananya,Female,7,D,Mathematics,84.80,61.00,47.00,52.00,52.30,D,Pass,2026-27,Partial,,
STU03237,Pavithra,Female,6,D,Mathematics,66.70,52.00,33.00,25.00,32.80,F,Fail,2024-25,Paid,,
STU03238,Ananya,Female,12,A,Science,92.70,40.00,37.00,87.00,62.60,C,Pass,2026-27,Paid,,
STU03239,Swetha,Female,12,B,English,99.50,39.00,48.00,90.00,67.20,C,Pass,2024-25,Pending,,
STU03240,Kavya,Female,7,D,Science,86.10,73.00,47.00,81.00,69.20,C,Pass,2025-26,Partial,,
STU03241,Madhan,Male,9,C,Tamil,92.70,69.00,40.00,75.00,63.30,C,Pass,2025-26,Pending,,
STU03242,Ajay,Male,9,D,Mathematics,67.70,70.00,32.00,90.00,68.60,C,Pass,2024-25,Partial,,
STU03243,Dinesh,Male,10,C,Science,72.80,40.00,36.00,64.00,50.80,D,Pass,2025-26,Paid,,
STU03244,Arun,Male,7,D,English,83.40,85.00,49.00,53.00,58.20,D,Pass,2024-25,Paid,,
STU03245,Ajay,Male,11,C,Mathematics,92.80,91.00,37.00,55.00,56.80,D,Pass,2024-25,Partial,,
STU03246,Dinesh,Male,12,C,Tamil,100.00,83.00,37.00,67.00,61.20,C,Pass,2024-25,Pending,,
STU03247,Keerthana,Female,11,B,Mathematics,65.90,82.00,33.00,41.00,46.80,F,Pass,2025-26,Partial,,
STU03248,Dinesh,Male,12,A,Tamil,85.60,80.00,36.00,76.00,64.80,C,Pass,2026-27,Pending,,
STU03249,Rahul,Male,7,D,Science,85.80,51.00,34.00,93.00,66.90,C,Pass,2025-26,Partial,,
STU03250,Keerthana,Female,12,B,Science,100.00,52.00,37.00,88.00,65.50,C,Pass,2026-27,Paid,,
STU03251,Pranav,Male,12,B,Tamil,99.80,95.00,31.00,25.00,40.80,F,Pass,2026-27,Partial,,
STU03252,Keerthana,Female,11,B,Mathematics,86.00,39.00,36.00,82.00,59.60,D,Pass,2024-25,Pending,,
STU03253,Rahul,Male,7,B,Tamil,73.60,100.00,36.00,93.00,77.30,B,Pass,2025-26,Pending,,
STU03254,Divya,Female,7,C,Science,72.80,36.00,38.00,84.00,60.60,C,Pass,2024-25,Pending,,
STU03255,Madhan,Male,10,C,Tamil,71.70,84.00,47.00,27.00,44.40,F,Pass,2026-27,Partial,,
STU03256,Harini,Female,8,C,Mathematics,83.50,73.00,34.00,37.00,43.30,F,Pass,2025-26,Pending,,
STU03257,Dinesh,Male,10,B,Science,79.80,53.00,50.00,82.00,66.60,C,Pass,2024-25,Partial,,
STU03258,Aishwarya,Female,10,C,Social Science,90.60,61.00,38.00,41.00,44.10,F,Pass,2026-27,Partial,,
STU03259,Madhan,Male,6,B,Social Science,60.80,94.00,46.00,52.00,58.60,D,Pass,2026-27,Paid,,
STU03260,Pranav,Male,6,B,English,87.90,47.00,49.00,90.00,69.10,C,Pass,2025-26,Partial,,
STU03261,Nivetha,Female,12,C,Tamil,75.20,51.00,40.00,26.00,35.20,F,Fail,2025-26,Pending,,
STU03262,Aishwarya,Female,9,A,Science,67.40,93.00,37.00,63.00,61.20,C,Pass,2025-26,Pending,,
STU03263,Divya,Female,12,C,Social Science,71.10,66.00,34.00,96.00,71.40,B,Pass,2026-27,Pending,,
STU03264,Arun,Male,7,C,English,76.30,74.00,34.00,85.00,67.50,C,Pass,2025-26,Paid,,
STU03265,Karthik,Male,8,C,Social Science,82.40,91.00,39.00,51.00,55.40,D,Pass,2026-27,Partial,,
STU03266,Priya,Female,10,C,Social Science,74.60,78.00,49.00,61.00,60.80,C,Pass,2024-25,Paid,,
STU03267,Nivetha,Female,12,C,Science,70.70,82.00,36.00,34.00,44.20,F,Pass,2025-26,Paid,,
STU03268,Priya,Female,6,A,English,95.20,46.00,30.00,43.00,39.70,F,Fail,2026-27,Pending,,
STU03269,Ajay,Male,11,D,English,71.00,79.00,42.00,84.00,70.40,B,Pass,2024-25,Partial,,
STU03270,Vijay,Male,11,B,Mathematics,57.50,99.00,44.00,59.00,62.50,C,Pass,2026-27,Paid,,
STU03271,Ajay,Male,11,D,Tamil,85.80,39.00,49.00,26.00,35.50,F,Fail,2025-26,Partial,,
STU03272,Swetha,Female,11,A,Science,69.40,61.00,34.00,77.00,60.90,C,Pass,2025-26,Pending,,
STU03273,Aishwarya,Female,10,B,Science,68.30,70.00,32.00,86.00,66.60,C,Pass,2025-26,Paid,,
STU03274,Madhan,Male,7,D,Tamil,80.80,88.00,39.00,71.00,64.80,C,Pass,2026-27,Partial,,
STU03275,Arun,Male,8,C,Science,88.30,88.00,43.00,98.00,79.50,B,Pass,2025-26,Pending,,
STU03276,Priya,Female,11,B,Social Science,67.40,91.00,47.00,32.00,48.30,F,Pass,2026-27,Partial,,
STU03277,Keerthana,Female,10,A,Mathematics,75.00,46.00,47.00,49.00,47.80,F,Pass,2025-26,Partial,,
STU03278,Pavithra,Female,9,A,Social Science,87.90,99.00,37.00,81.00,71.40,B,Pass,2025-26,Paid,,
STU03279,Nivetha,Female,6,D,Social Science,79.10,40.00,42.00,45.00,43.10,F,Pass,2026-27,Pending,,
STU03280,Vijay,Male,7,A,Social Science,88.30,84.00,38.00,75.00,65.70,C,Pass,2026-27,Partial,,
STU03281,Sanjay,Male,7,C,English,74.30,77.00,35.00,39.00,45.40,F,Pass,2024-25,Paid,,
STU03282,Swetha,Female,6,B,Social Science,91.50,92.00,32.00,25.00,40.50,F,Pass,2026-27,Partial,,
STU03283,Rahul,Male,8,C,Science,74.90,35.00,39.00,100.00,68.70,C,Pass,2024-25,Paid,,
STU03284,Swetha,Female,8,D,Mathematics,75.20,93.00,43.00,99.00,81.00,A,Pass,2024-25,Partial,,
STU03285,Ajay,Male,6,B,English,88.80,65.00,48.00,76.00,65.40,C,Pass,2026-27,Pending,,
STU03286,Aishwarya,Female,12,D,Social Science,88.00,43.00,50.00,97.00,72.10,B,Pass,2026-27,Paid,,
STU03287,Sanjay,Male,6,C,Social Science,76.40,82.00,34.00,94.00,73.60,B,Pass,2025-26,Partial,,
STU03288,Ananya,Female,6,B,Social Science,77.80,75.00,40.00,25.00,39.50,F,Fail,2024-25,Paid,,
STU03289,Pavithra,Female,7,A,Tamil,100.00,43.00,35.00,62.00,50.10,D,Pass,2025-26,Pending,,
STU03290,Hari,Male,6,C,Social Science,80.90,42.00,42.00,36.00,39.00,F,Fail,2026-27,Pending,,
STU03291,Rahul,Male,9,C,Tamil,88.50,47.00,48.00,53.00,50.30,D,Pass,2026-27,Pending,,
STU03292,Divya,Female,10,D,Science,75.70,44.00,45.00,25.00,34.80,F,Fail,2026-27,Paid,,
STU03293,Kavya,Female,7,B,English,82.20,81.00,30.00,87.00,68.70,C,Pass,2026-27,Paid,,
STU03294,Divya,Female,7,B,English,57.70,52.00,32.00,49.00,44.50,F,Pass,2025-26,Partial,,
STU03295,Keerthana,Female,7,A,Social Science,95.70,68.00,31.00,31.00,38.40,F,Fail,2024-25,Pending,,
STU03296,Dinesh,Male,9,C,Social Science,67.70,79.00,42.00,44.00,50.40,D,Pass,2026-27,Pending,,
STU03297,Aishwarya,Female,6,D,Science,94.00,58.00,43.00,41.00,45.00,F,Pass,2026-27,Paid,,
STU03298,Arun,Male,9,C,Tamil,91.50,89.00,40.00,87.00,73.30,B,Pass,2026-27,Paid,,
STU03299,Karthik,Male,6,D,Tamil,83.80,45.00,33.00,41.00,39.40,F,Fail,2026-27,Partial,,
STU03300,Madhan,Male,12,B,English,78.80,42.00,35.00,66.00,51.90,D,Pass,2025-26,Partial,,
STU03301,Kavya,Female,11,B,Tamil,76.80,49.00,39.00,68.00,55.50,D,Pass,2026-27,Pending,,
STU03302,Arun,Male,10,D,Tamil,84.50,86.00,47.00,31.00,46.80,F,Pass,2025-26,Pending,,
STU03303,Pranav,Male,7,A,Tamil,84.00,62.00,43.00,25.00,37.80,F,Fail,2026-27,Paid,,
STU03304,Harini,Female,12,A,Social Science,84.50,36.00,38.00,57.00,47.10,F,Pass,2026-27,Pending,,
STU03305,Hari,Male,11,A,Social Science,77.40,39.00,47.00,55.00,49.40,F,Pass,2025-26,Pending,,
STU03306,Harini,Female,8,C,Tamil,82.00,86.00,30.00,100.00,76.20,B,Pass,2026-27,Partial,,
STU03307,Aishwarya,Female,6,D,English,78.10,78.00,42.00,80.00,68.20,C,Pass,2026-27,Partial,,
STU03308,Madhan,Male,11,C,Social Science,71.70,40.00,45.00,58.00,50.50,D,Pass,2024-25,Partial,,
STU03309,Divya,Female,8,B,Social Science,77.50,80.00,44.00,81.00,69.70,C,Pass,2025-26,Paid,,
STU03310,Priya,Female,11,C,Science,75.10,86.00,42.00,35.00,47.30,F,Pass,2026-27,Pending,,
STU03311,Arun,Male,6,D,Mathematics,69.80,86.00,33.00,85.00,69.60,C,Pass,2025-26,Partial,,
STU03312,Aishwarya,Female,8,A,English,82.40,84.00,34.00,82.00,68.00,C,Pass,2025-26,Paid,,
STU03313,Ajay,Male,9,B,Social Science,81.00,59.00,39.00,91.00,69.00,C,Pass,2024-25,Pending,,
STU03314,Aishwarya,Female,10,D,Science,82.70,40.00,33.00,75.00,55.40,D,Pass,2025-26,Pending,,
STU03315,Dinesh,Male,11,D,Mathematics,85.50,81.00,45.00,41.00,50.20,D,Pass,2024-25,Paid,,
STU03316,Pranav,Male,7,C,English,83.00,60.00,40.00,44.00,46.00,F,Pass,2025-26,Partial,,
STU03317,Ananya,Female,6,C,Social Science,86.50,84.00,32.00,82.00,67.40,C,Pass,2024-25,Paid,,
STU03318,Ananya,Female,8,B,Tamil,74.70,81.00,37.00,67.00,60.80,C,Pass,2024-25,Paid,,
STU03319,Karthik,Male,10,C,Mathematics,83.60,64.00,39.00,44.00,46.50,F,Pass,2024-25,Paid,,
STU03320,Karthik,Male,6,A,English,81.10,69.00,38.00,53.00,51.70,D,Pass,2026-27,Paid,,
STU03321,Divya,Female,8,A,Social Science,92.30,63.00,38.00,50.00,49.00,F,Pass,2026-27,Partial,,
STU03322,Pavithra,Female,10,B,Mathematics,76.80,40.00,34.00,37.00,36.70,F,Fail,2024-25,Pending,,
STU03323,Rahul,Male,6,B,Science,72.70,45.00,46.00,38.00,41.80,F,Pass,2026-27,Paid,,
STU03324,Madhan,Male,9,B,Mathematics,73.00,55.00,43.00,69.00,58.40,D,Pass,2025-26,Partial,,
STU03325,Priya,Female,11,C,Mathematics,71.00,71.00,41.00,41.00,47.00,F,Pass,2025-26,Paid,,
STU03326,Aishwarya,Female,10,B,English,81.70,98.00,50.00,44.00,56.60,D,Pass,2025-26,Pending,,
STU03327,Keerthana,Female,7,C,English,80.30,94.00,46.00,96.00,80.60,A,Pass,2024-25,Partial,,
STU03328,Pranav,Male,6,B,Mathematics,85.30,78.00,41.00,54.00,54.90,D,Pass,2026-27,Partial,,
STU03329,Hari,Male,9,B,Tamil,92.80,95.00,43.00,73.00,68.40,C,Pass,2025-26,Partial,,
STU03330,Hari,Male,7,D,Mathematics,81.10,76.00,46.00,82.00,70.00,B,Pass,2024-25,Partial,,
STU03331,Arun,Male,11,D,Mathematics,86.00,62.00,42.00,96.00,73.00,B,Pass,2025-26,Partial,,
STU03332,Karthik,Male,8,B,Science,96.60,51.00,33.00,29.00,34.60,F,Fail,2025-26,Pending,,
STU03333,Sanjay,Male,12,C,English,100.00,36.00,42.00,35.00,37.30,F,Fail,2025-26,Pending,,
STU03334,Keerthana,Female,10,D,Mathematics,82.40,80.00,44.00,64.00,61.20,C,Pass,2025-26,Paid,,
STU03335,Karthik,Male,10,D,Tamil,87.70,81.00,37.00,54.00,54.30,D,Pass,2024-25,Pending,,
STU03336,Keerthana,Female,10,D,Social Science,67.90,94.00,30.00,36.00,45.80,F,Pass,2024-25,Paid,,
STU03337,Sanjay,Male,7,C,Mathematics,72.50,80.00,47.00,77.00,68.60,C,Pass,2026-27,Paid,,
STU03338,Dinesh,Male,10,D,Tamil,75.10,51.00,33.00,71.00,55.60,D,Pass,2026-27,Partial,,
STU03339,Dinesh,Male,10,C,English,55.50,63.00,46.00,41.00,46.90,F,Pass,2025-26,Pending,,
STU03340,Rahul,Male,7,A,English,89.50,56.00,35.00,54.00,48.70,F,Pass,2026-27,Pending,,
STU03341,Aishwarya,Female,6,D,Tamil,80.30,50.00,39.00,92.00,67.70,C,Pass,2024-25,Pending,,
STU03342,Harini,Female,9,D,Science,88.60,67.00,30.00,83.00,63.90,C,Pass,2024-25,Paid,,
STU03343,Swetha,Female,9,C,Science,96.90,92.00,42.00,42.00,52.00,D,Pass,2024-25,Partial,,
STU03344,Karthik,Male,12,B,Social Science,83.20,51.00,33.00,99.00,69.60,C,Pass,2024-25,Partial,,
STU03345,Aishwarya,Female,7,D,Social Science,86.20,52.00,43.00,58.00,52.30,D,Pass,2026-27,Paid,,
STU03346,Rahul,Male,12,A,Mathematics,65.60,81.00,50.00,100.00,81.20,A,Pass,2025-26,Partial,,
STU03347,Arun,Male,9,D,Science,89.80,80.00,37.00,37.00,45.60,F,Pass,2024-25,Paid,,
STU03348,Harini,Female,7,C,Social Science,83.60,70.00,48.00,96.00,76.40,B,Pass,2024-25,Paid,,
STU03349,Swetha,Female,8,A,English,88.20,38.00,42.00,55.00,47.70,F,Pass,2025-26,Partial,,
STU03350,Dinesh,Male,12,A,Mathematics,80.70,63.00,42.00,57.00,53.70,D,Pass,2026-27,Partial,,
STU03351,Karthik,Male,11,D,Mathematics,62.00,82.00,48.00,58.00,59.80,D,Pass,2024-25,Paid,,
STU03352,Dinesh,Male,10,B,Tamil,71.10,61.00,43.00,49.00,49.60,F,Pass,2026-27,Pending,,
STU03353,Kavya,Female,9,B,Science,73.50,98.00,45.00,87.00,76.60,B,Pass,2025-26,Partial,,
STU03354,Pranav,Male,12,D,Tamil,88.20,61.00,39.00,36.00,41.90,F,Pass,2025-26,Pending,,
STU03355,Madhan,Male,8,B,Social Science,94.50,73.00,35.00,80.00,65.10,C,Pass,2025-26,Paid,,
STU03356,Rahul,Male,10,A,Science,83.90,86.00,33.00,71.00,62.60,C,Pass,2024-25,Paid,,
STU03357,Karthik,Male,6,B,Social Science,88.70,35.00,39.00,61.00,49.20,F,Pass,2024-25,Partial,,
STU03358,Ajay,Male,8,D,Social Science,87.30,55.00,32.00,58.00,49.60,F,Pass,2026-27,Partial,,
STU03359,Karthik,Male,6,D,Tamil,85.10,67.00,44.00,27.00,40.10,F,Pass,2025-26,Partial,,
STU03360,Pranav,Male,9,B,Social Science,72.60,38.00,42.00,83.00,61.70,C,Pass,2026-27,Partial,,
STU03361,Pavithra,Female,11,B,Science,55.60,85.00,33.00,30.00,41.90,F,Pass,2024-25,Paid,,
STU03362,Keerthana,Female,9,C,English,90.20,57.00,31.00,71.00,56.20,D,Pass,2026-27,Pending,,
STU03363,Keerthana,Female,8,C,Social Science,86.70,81.00,41.00,81.00,69.00,C,Pass,2026-27,Paid,,
STU03364,Dinesh,Male,9,A,Tamil,81.50,49.00,40.00,64.00,53.80,D,Pass,2026-27,Partial,,
STU03365,Dinesh,Male,11,D,English,77.50,87.00,30.00,100.00,76.40,B,Pass,2025-26,Partial,,
STU03366,Swetha,Female,10,D,Tamil,77.50,39.00,46.00,68.00,55.60,D,Pass,2026-27,Partial,,
STU03367,Priya,Female,8,D,Science,93.90,72.00,36.00,49.00,49.70,F,Pass,2025-26,Pending,,
STU03368,Pavithra,Female,6,B,Science,67.90,60.00,34.00,87.00,65.70,C,Pass,2025-26,Pending,,
STU03369,Nivetha,Female,10,D,Mathematics,80.90,84.00,42.00,58.00,58.40,D,Pass,2026-27,Partial,,
STU03370,Pavithra,Female,11,A,Mathematics,70.00,80.00,50.00,55.00,58.50,D,Pass,2025-26,Pending,,
STU03371,Nivetha,Female,11,A,English,81.70,65.00,44.00,88.00,70.20,B,Pass,2024-25,Partial,,
STU03372,Hari,Male,11,C,Social Science,99.30,85.00,40.00,54.00,56.00,D,Pass,2026-27,Partial,,
STU03373,Nivetha,Female,6,B,Science,85.10,39.00,45.00,92.00,67.30,C,Pass,2024-25,Pending,,
STU03374,Hari,Male,7,B,Social Science,73.30,82.00,42.00,99.00,78.50,B,Pass,2024-25,Paid,,
STU03375,Rahul,Male,9,D,Mathematics,94.10,70.00,30.00,85.00,65.50,C,Pass,2024-25,Pending,,
STU03376,Arun,Male,12,C,Tamil,80.20,80.00,30.00,74.00,62.00,C,Pass,2024-25,Paid,,
STU03377,Ananya,Female,8,A,Tamil,88.60,87.00,41.00,91.00,75.20,B,Pass,2024-25,Partial,,
STU03378,Kavya,Female,9,B,English,62.50,72.00,42.00,84.00,69.00,C,Pass,2025-26,Partial,,
STU03379,Harini,Female,11,D,Science,81.80,52.00,45.00,50.00,48.90,F,Pass,2026-27,Partial,,
STU03380,Harini,Female,6,C,Social Science,74.50,53.00,31.00,98.00,68.90,C,Pass,2025-26,Paid,,
STU03381,Karthik,Male,6,B,Science,71.40,49.00,49.00,66.00,57.50,D,Pass,2024-25,Pending,,
STU03382,Aishwarya,Female,8,D,Science,86.50,95.00,36.00,91.00,75.30,B,Pass,2024-25,Paid,,
STU03383,Ajay,Male,6,C,Mathematics,83.90,82.00,38.00,85.00,70.30,B,Pass,2026-27,Partial,,
STU03384,Pranav,Male,6,C,English,90.60,87.00,31.00,48.00,50.70,D,Pass,2025-26,Paid,,
STU03385,Aishwarya,Female,9,C,Science,82.10,45.00,50.00,94.00,71.00,B,Pass,2026-27,Paid,,
STU03386,Madhan,Male,7,B,Science,78.50,47.00,36.00,97.00,68.70,C,Pass,2024-25,Paid,,
STU03387,Dinesh,Male,9,C,Mathematics,71.10,73.00,33.00,51.00,50.00,D,Pass,2024-25,Pending,,
STU03388,Aishwarya,Female,9,A,Mathematics,74.30,99.00,30.00,87.00,72.30,B,Pass,2026-27,Paid,,
STU03389,Ajay,Male,12,C,Tamil,96.00,69.00,31.00,88.00,67.10,C,Pass,2024-25,Pending,,
STU03390,Hari,Male,11,C,Science,69.90,69.00,46.00,50.00,52.60,D,Pass,2024-25,Paid,,
STU03391,Aishwarya,Female,12,C,Science,87.30,77.00,39.00,25.00,39.60,F,Fail,2025-26,Pending,,
STU03392,Dinesh,Male,7,A,Social Science,100.00,36.00,36.00,40.00,38.00,F,Fail,2025-26,Partial,,
STU03393,Ajay,Male,12,C,English,81.70,98.00,46.00,66.00,66.40,C,Pass,2026-27,Partial,,
STU03394,Harini,Female,8,A,Social Science,77.90,75.00,48.00,52.00,55.40,D,Pass,2024-25,Paid,,
STU03395,Arun,Male,9,C,Science,97.80,78.00,34.00,79.00,65.30,C,Pass,2026-27,Partial,,
STU03396,Karthik,Male,11,C,English,82.50,61.00,50.00,29.00,41.70,F,Pass,2024-25,Partial,,
STU03397,Swetha,Female,7,B,Tamil,100.00,56.00,37.00,70.00,57.30,D,Pass,2025-26,Pending,,
STU03398,Ananya,Female,7,A,Science,77.30,50.00,41.00,60.00,52.30,D,Pass,2024-25,Paid,,
STU03399,Priya,Female,7,A,Tamil,98.50,80.00,36.00,36.00,44.80,F,Pass,2026-27,Pending,,
STU03400,Arun,Male,8,B,English,100.00,45.00,47.00,42.00,44.10,F,Pass,2026-27,Paid,,
STU03401,Aishwarya,Female,7,A,Mathematics,76.90,39.00,48.00,55.00,49.70,F,Pass,2024-25,Pending,,
STU03402,Aishwarya,Female,8,D,English,81.10,80.00,44.00,87.00,72.70,B,Pass,2026-27,Pending,,
STU03403,Madhan,Male,12,B,Mathematics,86.40,76.00,37.00,92.00,72.30,B,Pass,2024-25,Pending,,
STU03404,Hari,Male,7,D,English,74.20,59.00,46.00,42.00,46.60,F,Pass,2025-26,Pending,,
STU03405,Madhan,Male,8,A,Social Science,70.80,81.00,50.00,84.00,73.20,B,Pass,2026-27,Pending,,
STU03406,Pranav,Male,8,A,English,98.90,41.00,46.00,40.00,42.00,F,Pass,2026-27,Pending,,
STU03407,Harini,Female,8,D,Science,96.30,36.00,39.00,90.00,63.90,C,Pass,2026-27,Pending,,
STU03408,Pranav,Male,11,A,Social Science,92.80,52.00,50.00,57.00,53.90,D,Pass,2025-26,Pending,,
STU03409,Ananya,Female,7,C,Tamil,63.70,81.00,41.00,70.00,63.50,C,Pass,2026-27,Partial,,
STU03410,Pranav,Male,12,C,Social Science,88.80,100.00,32.00,32.00,45.60,F,Pass,2026-27,Partial,,
STU03411,Vijay,Male,9,D,Mathematics,76.70,92.00,50.00,88.00,77.40,B,Pass,2025-26,Pending,,
STU03412,Kavya,Female,12,B,Mathematics,98.20,71.00,33.00,41.00,44.60,F,Pass,2024-25,Partial,,
STU03413,Keerthana,Female,12,C,Social Science,84.90,95.00,49.00,29.00,48.20,F,Pass,2024-25,Pending,,
STU03414,Sanjay,Male,12,C,Mathematics,75.00,71.00,47.00,64.00,60.30,C,Pass,2026-27,Partial,,
STU03415,Pavithra,Female,8,A,Science,76.10,78.00,43.00,87.00,72.00,B,Pass,2024-25,Paid,,
STU03416,Nivetha,Female,10,B,Mathematics,85.00,38.00,35.00,82.00,59.10,D,Pass,2025-26,Pending,,
STU03417,Kavya,Female,11,A,Science,76.50,54.00,45.00,43.00,45.80,F,Pass,2026-27,Pending,,
STU03418,Nivetha,Female,7,A,Mathematics,98.60,82.00,33.00,50.00,51.30,D,Pass,2025-26,Paid,,
STU03419,Ananya,Female,6,C,Mathematics,90.80,65.00,39.00,70.00,59.70,D,Pass,2025-26,Partial,,
STU03420,Nivetha,Female,9,B,Tamil,79.80,89.00,47.00,52.00,57.90,D,Pass,2024-25,Pending,,
STU03421,Swetha,Female,9,A,Social Science,87.90,35.00,39.00,99.00,68.20,C,Pass,2024-25,Paid,,
STU03422,Ananya,Female,8,B,Tamil,69.60,95.00,32.00,72.00,64.60,C,Pass,2025-26,Partial,,
STU03423,Aishwarya,Female,8,B,Tamil,72.70,64.00,37.00,75.00,61.40,C,Pass,2026-27,Pending,,
STU03424,Madhan,Male,11,B,Tamil,72.70,88.00,31.00,92.00,72.90,B,Pass,2026-27,Partial,,
STU03425,Ananya,Female,6,A,Mathematics,70.30,60.00,49.00,35.00,44.20,F,Pass,2024-25,Paid,,
STU03426,Priya,Female,7,A,English,94.20,86.00,39.00,31.00,44.40,F,Pass,2024-25,Partial,,
STU03427,Rahul,Male,11,B,Social Science,71.20,40.00,35.00,25.00,31.00,F,Fail,2026-27,Partial,,
STU03428,Hari,Male,10,D,Social Science,86.80,56.00,50.00,33.00,42.70,F,Pass,2026-27,Partial,,
STU03429,Hari,Male,8,C,Science,65.40,87.00,44.00,80.00,70.60,B,Pass,2025-26,Paid,,
STU03430,Keerthana,Female,11,A,Social Science,79.90,64.00,39.00,90.00,69.50,C,Pass,2026-27,Paid,,
STU03431,Sanjay,Male,7,D,Science,79.90,87.00,39.00,60.00,59.10,D,Pass,2024-25,Pending,,
STU03432,Aishwarya,Female,7,B,Science,89.80,90.00,43.00,55.00,58.40,D,Pass,2025-26,Partial,,
STU03433,Aishwarya,Female,6,D,Science,85.80,56.00,39.00,74.00,59.90,D,Pass,2026-27,Pending,,
STU03434,Sanjay,Male,8,D,Social Science,74.40,62.00,48.00,67.00,60.30,C,Pass,2024-25,Paid,,
STU03435,Nivetha,Female,12,D,Science,79.90,70.00,30.00,44.00,45.00,F,Pass,2026-27,Pending,,
STU03436,Hari,Male,10,D,Mathematics,87.20,84.00,42.00,78.00,68.40,C,Pass,2026-27,Partial,,
STU03437,Karthik,Male,11,B,English,66.30,66.00,50.00,42.00,49.20,F,Pass,2025-26,Pending,,
STU03438,Keerthana,Female,7,A,English,73.80,94.00,36.00,54.00,56.60,D,Pass,2025-26,Partial,,
STU03439,Ananya,Female,9,A,English,70.40,73.00,46.00,66.00,61.40,C,Pass,2025-26,Partial,,
STU03440,Arun,Male,8,C,Mathematics,80.90,84.00,40.00,82.00,69.80,C,Pass,2026-27,Pending,,
STU03441,Pavithra,Female,10,D,Social Science,80.50,80.00,40.00,33.00,44.50,F,Pass,2026-27,Paid,,
STU03442,Pavithra,Female,11,D,Mathematics,79.00,67.00,49.00,58.00,57.10,D,Pass,2024-25,Pending,,
STU03443,Vijay,Male,9,A,Mathematics,75.50,90.00,41.00,49.00,54.80,D,Pass,2025-26,Pending,,
STU03444,Arun,Male,6,C,English,86.10,46.00,46.00,80.00,63.00,C,Pass,2025-26,Pending,,
STU03445,Divya,Female,12,C,English,90.40,46.00,48.00,92.00,69.60,C,Pass,2025-26,Partial,,
STU03446,Pranav,Male,9,C,Tamil,84.80,65.00,37.00,65.00,56.60,D,Pass,2026-27,Pending,,
STU03447,Hari,Male,6,C,English,98.10,99.00,45.00,79.00,72.80,B,Pass,2025-26,Partial,,
STU03448,Vijay,Male,12,D,Social Science,72.10,41.00,38.00,41.00,40.10,F,Pass,2024-25,Paid,,
STU03449,Arun,Male,9,A,Social Science,79.00,97.00,31.00,29.00,43.20,F,Pass,2025-26,Paid,,
STU03450,Madhan,Male,6,C,Mathematics,79.30,93.00,50.00,62.00,64.60,C,Pass,2026-27,Pending,,
STU03451,Kavya,Female,10,A,Mathematics,88.50,58.00,41.00,79.00,63.40,C,Pass,2024-25,Paid,,
STU03452,Priya,Female,8,B,Tamil,72.70,74.00,30.00,86.00,66.80,C,Pass,2025-26,Partial,,
STU03453,Divya,Female,7,A,Science,93.90,54.00,34.00,38.00,40.00,F,Pass,2025-26,Partial,,
STU03454,Harini,Female,8,B,Science,88.20,49.00,39.00,82.00,62.50,C,Pass,2024-25,Paid,,
STU03455,Sanjay,Male,7,A,Social Science,87.70,46.00,35.00,77.00,58.20,D,Pass,2025-26,Pending,,
STU03456,Swetha,Female,12,A,English,87.80,63.00,36.00,76.00,61.40,C,Pass,2024-25,Pending,,
STU03457,Nivetha,Female,10,A,Science,82.60,76.00,40.00,68.00,61.20,C,Pass,2024-25,Pending,,
STU03458,Keerthana,Female,6,B,Science,74.40,95.00,31.00,43.00,49.80,F,Pass,2025-26,Partial,,
STU03459,Divya,Female,6,A,Mathematics,97.90,90.00,47.00,87.00,75.60,B,Pass,2024-25,Pending,,
STU03460,Pranav,Male,9,A,Tamil,71.00,57.00,32.00,91.00,66.50,C,Pass,2024-25,Pending,,
STU03461,Kavya,Female,7,B,English,70.20,64.00,37.00,27.00,37.40,F,Fail,2026-27,Pending,,
STU03462,Aishwarya,Female,8,C,Tamil,95.40,88.00,40.00,85.00,72.10,B,Pass,2024-25,Pending,,
STU03463,Priya,Female,7,A,Social Science,82.80,57.00,42.00,58.00,53.00,D,Pass,2025-26,Partial,,
STU03464,Nivetha,Female,11,A,Social Science,87.60,38.00,34.00,29.00,32.30,F,Fail,2025-26,Paid,,
STU03465,Pranav,Male,11,C,Social Science,64.60,47.00,31.00,53.00,45.20,F,Pass,2024-25,Pending,,
STU03466,Nivetha,Female,11,B,English,81.50,88.00,36.00,55.00,55.90,D,Pass,2024-25,Pending,,
STU03467,Nivetha,Female,11,C,English,62.30,35.00,48.00,94.00,68.40,C,Pass,2025-26,Paid,,
STU03468,Harini,Female,7,D,Science,86.40,39.00,50.00,43.00,44.30,F,Pass,2024-25,Pending,,
STU03469,Sanjay,Male,9,A,Tamil,85.80,56.00,47.00,53.00,51.80,D,Pass,2024-25,Partial,,
STU03470,Divya,Female,9,C,Science,73.70,48.00,44.00,73.00,59.30,D,Pass,2026-27,Pending,,
STU03471,Ananya,Female,8,A,Science,89.00,65.00,30.00,33.00,38.50,F,Fail,2024-25,Partial,,
STU03472,Nivetha,Female,12,A,Science,79.80,59.00,37.00,34.00,39.90,F,Fail,2025-26,Partial,,
STU03473,Ajay,Male,8,D,Tamil,66.30,67.00,39.00,30.00,40.10,F,Pass,2025-26,Pending,,
STU03474,Nivetha,Female,12,B,Mathematics,80.10,60.00,41.00,84.00,66.30,C,Pass,2024-25,Partial,,
STU03475,Swetha,Female,12,C,Tamil,73.20,36.00,45.00,93.00,67.20,C,Pass,2026-27,Pending,,
STU03476,Keerthana,Female,11,B,Science,77.40,49.00,48.00,45.00,46.70,F,Pass,2025-26,Paid,,
STU03477,Ajay,Male,12,A,Tamil,70.90,37.00,33.00,28.00,31.30,F,Fail,2026-27,Paid,,
STU03478,Ananya,Female,10,A,Social Science,77.50,70.00,48.00,25.00,40.90,F,Pass,2026-27,Paid,,
STU03479,Ananya,Female,6,B,English,71.80,56.00,46.00,28.00,39.00,F,Fail,2025-26,Partial,,
STU03480,Pavithra,Female,12,D,Science,82.00,41.00,32.00,60.00,47.80,F,Pass,2026-27,Partial,,
STU03481,Keerthana,Female,11,D,Social Science,99.40,48.00,48.00,67.00,57.50,D,Pass,2025-26,Partial,,
STU03482,Harini,Female,9,A,Science,100.00,92.00,36.00,65.00,61.70,C,Pass,2026-27,Pending,,
STU03483,Kavya,Female,11,A,Social Science,84.30,80.00,33.00,51.00,51.40,D,Pass,2025-26,Pending,,
STU03484,Madhan,Male,11,D,Mathematics,76.80,57.00,41.00,30.00,38.70,F,Fail,2024-25,Pending,,
STU03485,Divya,Female,9,D,Mathematics,93.60,88.00,50.00,85.00,75.10,B,Pass,2024-25,Pending,,
STU03486,Hari,Male,7,A,Science,71.00,98.00,38.00,90.00,76.00,B,Pass,2025-26,Pending,,
STU03487,Pavithra,Female,10,B,Mathematics,91.00,77.00,50.00,95.00,77.90,B,Pass,2025-26,Paid,,
STU03488,Pranav,Male,9,D,Tamil,71.60,57.00,41.00,43.00,45.20,F,Pass,2024-25,Paid,,
STU03489,Arun,Male,11,D,Mathematics,70.30,54.00,42.00,87.00,66.90,C,Pass,2024-25,Partial,,
STU03490,Madhan,Male,9,B,English,87.90,82.00,37.00,29.00,42.00,F,Pass,2024-25,Partial,,
STU03491,Rahul,Male,12,D,Social Science,83.80,85.00,46.00,41.00,51.30,D,Pass,2026-27,Partial,,
STU03492,Nivetha,Female,7,B,Mathematics,90.60,77.00,35.00,79.00,65.40,C,Pass,2026-27,Paid,,
STU03493,Vijay,Male,10,C,Social Science,89.40,99.00,33.00,39.00,49.20,F,Pass,2024-25,Partial,,
STU03494,Ajay,Male,10,B,Mathematics,79.90,82.00,33.00,82.00,67.30,C,Pass,2024-25,Partial,,
STU03495,Vijay,Male,7,B,Tamil,71.70,90.00,40.00,26.00,43.00,F,Pass,2024-25,Partial,,
STU03496,Pavithra,Female,8,A,Mathematics,86.10,76.00,45.00,88.00,72.70,B,Pass,2026-27,Pending,,
STU03497,Dinesh,Male,8,B,Tamil,94.80,62.00,39.00,65.00,56.60,D,Pass,2024-25,Pending,,
STU03498,Hari,Male,11,A,Tamil,74.40,77.00,45.00,70.00,63.90,C,Pass,2024-25,Partial,,
STU03499,Dinesh,Male,7,A,Social Science,81.60,59.00,42.00,100.00,74.40,B,Pass,2026-27,Pending,,
STU03500,Nivetha,Female,9,B,Social Science,84.60,67.00,36.00,50.00,49.20,F,Pass,2026-27,Paid,,
STU03501,Aishwarya,Female,9,D,Tamil,86.30,76.00,30.00,76.00,62.20,C,Pass,2026-27,Pending,,
STU03502,Madhan,Male,11,C,Mathematics,70.40,48.00,31.00,33.00,35.40,F,Fail,2024-25,Pending,,
STU03503,Dinesh,Male,12,D,Mathematics,75.30,54.00,33.00,25.00,33.20,F,Fail,2024-25,Partial,,
STU03504,Hari,Male,10,D,Social Science,75.60,49.00,36.00,44.00,42.60,F,Pass,2026-27,Partial,,
STU03505,Pranav,Male,9,C,English,64.40,44.00,33.00,36.00,36.70,F,Fail,2025-26,Partial,,
STU03506,Ananya,Female,12,B,Mathematics,78.80,93.00,41.00,75.00,68.40,C,Pass,2024-25,Partial,,
STU03507,Ajay,Male,8,B,Science,89.20,77.00,40.00,61.00,57.90,D,Pass,2025-26,Paid,,
STU03508,Vijay,Male,6,B,Mathematics,99.40,67.00,42.00,46.00,49.00,F,Pass,2024-25,Partial,,
STU03509,Madhan,Male,8,A,Science,84.20,91.00,37.00,62.00,60.30,C,Pass,2024-25,Pending,,
STU03510,Swetha,Female,6,C,Mathematics,78.40,95.00,31.00,31.00,43.80,F,Pass,2025-26,Paid,,
STU03511,Madhan,Male,10,A,Tamil,51.50,80.00,33.00,75.00,63.40,C,Pass,2024-25,Pending,,
STU03512,Karthik,Male,8,A,English,93.70,35.00,35.00,46.00,40.50,F,Pass,2025-26,Partial,,
STU03513,Dinesh,Male,8,D,Tamil,79.80,78.00,43.00,57.00,57.00,D,Pass,2026-27,Paid,,
STU03514,Harini,Female,6,B,English,84.00,60.00,43.00,75.00,62.40,C,Pass,2025-26,Partial,,
STU03515,Vijay,Male,10,C,Social Science,83.20,90.00,40.00,95.00,77.50,B,Pass,2024-25,Pending,,
STU03516,Pranav,Male,11,D,Social Science,78.40,56.00,48.00,32.00,41.60,F,Pass,2026-27,Pending,,
STU03517,Sanjay,Male,10,B,English,93.40,49.00,50.00,38.00,43.80,F,Pass,2026-27,Pending,,
STU03518,Madhan,Male,10,C,Social Science,88.80,49.00,39.00,39.00,41.00,F,Pass,2025-26,Paid,,
STU03519,Rahul,Male,12,C,Science,92.70,50.00,39.00,46.00,44.70,F,Pass,2025-26,Pending,,
STU03520,Arun,Male,6,B,Tamil,74.30,48.00,44.00,63.00,54.30,D,Pass,2024-25,Paid,,
STU03521,Madhan,Male,10,C,Mathematics,56.30,100.00,46.00,75.00,71.30,B,Pass,2025-26,Pending,,
STU03522,Aishwarya,Female,6,B,Science,93.00,58.00,49.00,40.00,46.30,F,Pass,2024-25,Partial,,
STU03523,Pavithra,Female,11.00,C,Social Science,100.00,74.00,38.00,98.00,75.20,B,Pass,2024-25,Pending,,
STU03524,Vijay,Male,11,A,Social Science,75.40,38.00,33.00,37.00,36.00,F,Fail,2024-25,Paid,,
STU03525,Keerthana,Female,7,A,Mathematics,65.20,56.00,37.00,62.00,53.30,D,Pass,2024-25,Partial,,
STU03526,Ananya,Female,11,B,English,93.80,67.00,42.00,47.00,49.50,F,Pass,2025-26,Pending,,
STU03527,Rahul,Male,12,B,Tamil,90.70,67.00,35.00,55.00,51.40,D,Pass,2026-27,Pending,,
STU03528,Ananya,Female,12,D,Science,81.70,84.00,30.00,64.00,57.80,D,Pass,2024-25,Partial,,
STU03529,Madhan,Male,12,D,Science,76.30,73.00,31.00,94.00,70.90,B,Pass,2026-27,Pending,,
STU03530,Keerthana,Female,6,A,Science,60.80,78.00,35.00,62.00,57.10,D,Pass,2026-27,Paid,,
STU03531,Rahul,Male,12,B,Tamil,89.10,44.00,30.00,88.00,61.80,C,Pass,2024-25,Pending,,
STU03532,Keerthana,Female,8,C,English,75.50,90.00,41.00,62.00,61.30,C,Pass,2024-25,Pending,,
STU03533,Madhan,Male,7,D,Science,82.40,64.00,48.00,95.00,74.70,B,Pass,2025-26,Partial,,
STU03534,Rahul,Male,10,A,Social Science,57.20,56.00,46.00,98.00,74.00,B,Pass,2024-25,Pending,,
STU03535,Vijay,Male,12,D,Social Science,75.00,96.00,31.00,60.00,58.50,D,Pass,2024-25,Partial,,
STU03536,Pranav,Male,9,B,Tamil,72.20,82.00,48.00,55.00,58.30,D,Pass,2024-25,Paid,,
STU03537,Kavya,Female,10,B,Tamil,76.90,74.00,44.00,32.00,44.00,F,Pass,2025-26,Paid,,
STU03538,Ananya,Female,9,D,Mathematics,74.90,35.00,47.00,95.00,68.60,C,Pass,2025-26,Partial,,
STU03539,Kavya,Female,10,D,English,84.20,99.00,43.00,78.00,71.70,B,Pass,2024-25,Paid,,
STU03540,Hari,Male,6,C,Social Science,71.20,80.00,32.00,57.00,54.10,D,Pass,2026-27,Pending,,
STU03541,Harini,Female,11,B,English,92.70,78.00,33.00,50.00,50.50,D,Pass,2024-25,Partial,,
STU03542,Pranav,Male,10,A,Mathematics,74.20,72.00,33.00,99.00,73.80,B,Pass,2025-26,Paid,,
STU03543,Divya,Female,11,A,Tamil,72.40,78.00,33.00,54.00,52.50,D,Pass,2025-26,Paid,,
STU03544,Nivetha,Female,11,A,Mathematics,75.30,38.00,38.00,33.00,35.50,F,Fail,2025-26,Paid,,
STU03545,Keerthana,Female,7,B,Mathematics,95.30,97.00,46.00,84.00,75.20,B,Pass,2024-25,Partial,,
STU03546,Vijay,Male,7,A,English,97.00,45.00,44.00,33.00,38.70,F,Fail,2026-27,Partial,,
STU03547,Pranav,Male,12,C,Science,81.00,75.00,34.00,40.00,45.20,F,Pass,2024-25,Paid,,
STU03548,Nivetha,Female,10,D,English,62.50,98.00,36.00,34.00,47.40,F,Pass,2024-25,Pending,,
STU03549,Rahul,Male,6,A,Social Science,76.10,65.00,31.00,80.00,62.30,C,Pass,2026-27,Pending,,
STU03550,Ananya,Female,6,B,Social Science,81.90,47.00,46.00,27.00,36.70,F,Fail,2024-25,Partial,,
STU03551,Harini,Female,10,C,Tamil,72.20,51.00,32.00,89.00,64.30,C,Pass,2024-25,Pending,,
STU03552,Sanjay,Male,6,A,Science,61.90,40.00,34.00,91.00,63.70,C,Pass,2025-26,Pending,,
STU03553,Ajay,Male,11,D,Social Science,65.30,59.00,35.00,33.00,38.80,F,Fail,2025-26,Partial,,
STU03554,Ananya,Female,7,B,Tamil,87.90,70.00,36.00,64.00,56.80,D,Pass,2026-27,Pending,,
STU03555,Priya,Female,11,B,Mathematics,80.40,87.00,41.00,33.00,46.20,F,Pass,2024-25,Paid,,
STU03556,Swetha,Female,6,A,Tamil,86.40,72.00,33.00,50.00,49.30,F,Pass,2024-25,Paid,,
STU03557,Nivetha,Female,8,D,Social Science,81.00,95.00,34.00,41.00,49.70,F,Pass,2026-27,Paid,,
STU03558,Swetha,Female,12,D,English,84.90,45.00,45.00,73.00,59.00,D,Pass,2024-25,Partial,,
STU03559,Aishwarya,Female,12,D,Science,67.50,82.00,32.00,52.00,52.00,D,Pass,2026-27,Pending,,
STU03560,Divya,Female,7,B,Social Science,89.50,45.00,47.00,98.00,72.10,B,Pass,2024-25,Partial,,
STU03561,Keerthana,Female,6,C,Social Science,79.20,81.00,33.00,100.00,76.10,B,Pass,2025-26,Pending,,
STU03562,Aishwarya,Female,9,A,Science,82.40,63.00,38.00,39.00,43.50,F,Pass,2026-27,Partial,,
STU03563,Dinesh,Male,10,D,Mathematics,81.60,48.00,41.00,87.00,65.40,C,Pass,2025-26,Partial,,
STU03564,Kavya,Female,7,A,Social Science,79.20,76.00,37.00,75.00,63.80,C,Pass,2026-27,Paid,,
STU03565,Pranav,Male,8,C,Social Science,84.60,58.00,44.00,35.00,42.30,F,Pass,2026-27,Partial,,
STU03566,Harini,Female,6,D,English,88.80,75.00,43.00,83.00,69.40,C,Pass,2024-25,Paid,,
STU03567,Dinesh,Male,11,A,Mathematics,86.20,70.00,35.00,32.00,40.50,F,Pass,2026-27,Pending,,
STU03568,Nivetha,Female,11,C,English,94.10,75.00,38.00,61.00,56.90,D,Pass,2024-25,Pending,,
STU03569,Pavithra,Female,9,B,English,99.70,39.00,31.00,83.00,58.60,D,Pass,2024-25,Partial,,
STU03570,Sanjay,Male,6,C,Science,79.20,43.00,33.00,47.00,42.00,F,Pass,2025-26,Pending,,
STU03571,Dinesh,Male,8,D,Social Science,74.60,70.00,33.00,27.00,37.40,F,Fail,2026-27,Pending,,
STU03572,Swetha,Female,9,A,Social Science,62.20,88.00,38.00,59.00,58.50,D,Pass,2024-25,Pending,,
STU03573,Sanjay,Male,8,D,Tamil,77.70,88.00,45.00,35.00,48.60,F,Pass,2024-25,Paid,,
STU03574,Hari,Male,9,D,Tamil,69.90,64.00,37.00,45.00,46.40,F,Pass,2025-26,Pending,,
STU03575,Sanjay,Male,11,C,English,82.50,66.00,34.00,64.00,55.40,D,Pass,2025-26,Partial,,
STU03576,Aishwarya,Female,10,D,Mathematics,79.60,42.00,36.00,32.00,35.20,F,Fail,2025-26,Paid,,
STU03577,Dinesh,Male,9,B,Mathematics,71.20,71.00,44.00,27.00,40.90,F,Pass,2025-26,Partial,,
STU03578,Karthik,Male,11,B,Tamil,89.40,46.00,46.00,79.00,62.50,C,Pass,2025-26,Paid,,
STU03579,Rahul,Male,6,C,Mathematics,75.20,47.00,46.00,40.00,43.20,F,Pass,2024-25,Pending,,
STU03580,Kavya,Female,6,D,Tamil,64.90,37.00,37.00,59.00,48.00,F,Pass,2024-25,Pending,,
STU03581,Priya,Female,11,B,Mathematics,95.80,95.00,39.00,28.00,44.70,F,Pass,2026-27,Pending,,
STU03582,Ajay,Male,7,C,Tamil,70.30,54.00,36.00,40.00,41.60,F,Pass,2024-25,Pending,,
STU03583,Divya,Female,11,A,Tamil,63.20,38.00,50.00,42.00,43.60,F,Pass,2024-25,Pending,,
STU03584,Dinesh,Male,6,B,Science,69.70,61.00,31.00,29.00,36.00,F,Fail,2025-26,Paid,,
STU03585,Karthik,Male,11,C,Mathematics,92.30,91.00,50.00,56.00,61.20,C,Pass,2026-27,Pending,,
STU03586,Hari,Male,8,B,Mathematics,99.10,89.00,33.00,40.00,47.70,F,Pass,2025-26,Paid,,
STU03587,Kavya,Female,10,C,Mathematics,81.00,45.00,47.00,60.00,53.10,D,Pass,2025-26,Pending,,
STU03588,Dinesh,Male,12,C,Social Science,71.70,54.00,42.00,92.00,69.40,C,Pass,2024-25,Partial,,
STU03589,Ananya,Female,10,A,Mathematics,89.80,74.00,31.00,48.00,48.10,F,Pass,2024-25,Paid,,
STU03590,Pranav,Male,10,C,Social Science,71.40,64.00,41.00,90.00,70.10,B,Pass,2024-25,Partial,,
STU03591,Pranav,Male,11,B,Social Science,73.00,98.00,40.00,30.00,46.60,F,Pass,2025-26,Partial,,
STU03592,Madhan,Male,11,D,English,81.00,81.00,38.00,62.00,58.60,D,Pass,2024-25,Pending,,
STU03593,Sanjay,Male,11,D,Science,74.40,70.00,48.00,74.00,65.40,C,Pass,2025-26,Partial,,
STU03594,Arun,Male,8,D,Mathematics,82.50,41.00,31.00,80.00,57.50,D,Pass,2024-25,Pending,,
STU03595,Ajay,Male,8,D,English,96.50,81.00,41.00,51.00,54.00,D,Pass,2025-26,Pending,,
STU03596,Hari,Male,8,C,Science,78.30,37.00,48.00,37.00,40.30,F,Pass,2024-25,Paid,,
STU03597,Sanjay,Male,6,D,English,86.90,80.00,36.00,80.00,66.80,C,Pass,2024-25,Paid,,
STU03598,Ananya,Female,10,B,English,76.10,67.00,44.00,28.00,40.60,F,Pass,2025-26,Partial,,
STU03599,Ajay,Male,7,C,Tamil,79.70,50.00,42.00,32.00,38.60,F,Fail,2024-25,Paid,,
STU03600,Ananya,Female,11,B,Social Science,73.90,73.00,37.00,90.00,70.70,B,Pass,2026-27,Pending,,
STU03601,Keerthana,Female,9,C,English,79.10,46.00,45.00,100.00,72.70,B,Pass,2025-26,Partial,,
STU03602,Harini,Female,8,C,Social Science,75.10,80.00,49.00,70.00,65.70,C,Pass,2025-26,Partial,,
STU03603,Vijay,Male,9,B,Tamil,61.70,53.00,44.00,38.00,42.80,F,Pass,2026-27,Paid,,
STU03604,Vijay,Male,11,C,Tamil,82.90,55.00,36.00,51.00,47.30,F,Pass,2025-26,Partial,,
STU03605,Dinesh,Male,9,A,Science,66.60,38.00,38.00,30.00,34.00,F,Fail,2025-26,Partial,,
STU03606,Nivetha,Female,11,C,Tamil,92.00,45.00,35.00,95.00,67.00,C,Pass,2025-26,Paid,,
STU03607,Karthik,Male,6,C,Tamil,96.50,51.00,47.00,45.00,46.80,F,Pass,2024-25,Pending,,
STU03608,Nivetha,Female,10,C,English,76.00,52.00,44.00,78.00,62.60,C,Pass,2025-26,Pending,,
STU03609,Keerthana,Female,7,B,Mathematics,79.80,64.00,50.00,83.00,69.30,C,Pass,2024-25,Partial,,
STU03610,Dinesh,Male,10,B,Social Science,75.40,88.00,48.00,48.00,56.00,D,Pass,2024-25,Pending,,
STU03611,Arun,Male,6,B,Science,92.80,56.00,32.00,57.00,49.30,F,Pass,2024-25,Partial,,
STU03612,Aishwarya,Female,9,D,Mathematics,82.10,62.00,45.00,33.00,42.40,F,Pass,2025-26,Pending,,
STU03613,Priya,Female,6,A,Mathematics,87.30,59.00,32.00,96.00,69.40,C,Pass,2025-26,Paid,,
STU03614,Madhan,Male,8,A,Science,93.70,61.00,37.00,84.00,65.30,C,Pass,2025-26,Paid,,
STU03615,Vijay,Male,10,D,English,88.20,45.00,39.00,91.00,66.20,C,Pass,2025-26,Paid,,
STU03616,Dinesh,Male,11,C,Social Science,76.90,38.00,46.00,44.00,43.40,F,Pass,2025-26,Partial,,
STU03617,Arun,Male,10,A,Science,83.40,96.00,32.00,45.00,51.30,D,Pass,2024-25,Partial,,
STU03618,Nivetha,Female,7,B,Social Science,83.90,76.00,48.00,77.00,68.10,C,Pass,2024-25,Paid,,
STU03619,Rahul,Male,6,C,Social Science,99.70,94.00,41.00,39.00,50.60,D,Pass,2025-26,Pending,,
STU03620,Kavya,Female,6,B,English,70.30,60.00,30.00,95.00,68.50,C,Pass,2026-27,Partial,,
STU03621,Ajay,Male,12,A,Social Science,81.20,78.00,30.00,46.00,47.60,F,Pass,2026-27,Pending,,
STU03622,Rahul,Male,6,A,Science,85.60,100.00,50.00,94.00,82.00,A,Pass,2025-26,Pending,,
STU03623,Aishwarya,Female,11,D,Mathematics,75.30,35.00,48.00,68.00,55.40,D,Pass,2026-27,Paid,,
STU03624,Nivetha,Female,6,C,Social Science,92.50,91.00,35.00,56.00,56.70,D,Pass,2025-26,Pending,,
STU03625,Swetha,Female,7,D,English,57.10,48.00,47.00,40.00,43.70,F,Pass,2025-26,Partial,,
STU03626,Arun,Male,8,B,Social Science,81.70,69.00,40.00,30.00,40.80,F,Pass,2026-27,Partial,,
STU03627,Swetha,Female,7,A,Science,87.60,59.00,39.00,50.00,48.50,F,Pass,2026-27,Pending,,
STU03628,Ajay,Male,12,D,Science,76.60,67.00,31.00,81.00,63.20,C,Pass,2026-27,Partial,,
STU03629,Kavya,Female,10,C,Social Science,78.90,44.00,32.00,31.00,33.90,F,Fail,2025-26,Partial,,
STU03630,Pavithra,Female,11,B,Science,89.30,72.00,32.00,89.00,68.50,C,Pass,2025-26,Partial,,
STU03631,Madhan,Male,9,C,English,78.90,55.00,38.00,98.00,71.40,B,Pass,2024-25,Paid,,
STU03632,Harini,Female,8,B,Mathematics,82.90,66.00,44.00,94.00,73.40,B,Pass,2024-25,Pending,,
STU03633,Ananya,Female,8,A,Science,77.40,79.00,32.00,90.00,70.40,B,Pass,2025-26,Pending,,
STU03634,Kavya,Female,7,D,Social Science,77.20,52.00,31.00,53.00,46.20,F,Pass,2026-27,Partial,,
STU03635,Dinesh,Male,7,C,Science,89.00,96.00,35.00,34.00,46.70,F,Pass,2024-25,Paid,,
STU03636,Arun,Male,10,C,Science,88.40,99.00,48.00,69.00,68.70,C,Pass,2026-27,Paid,,
STU03637,Priya,Female,7,C,English,76.70,37.00,30.00,99.00,65.90,C,Pass,2026-27,Partial,,
STU03638,Pranav,Male,9,B,Science,90.40,40.00,36.00,28.00,32.80,F,Fail,2024-25,Pending,,
STU03639,Rahul,Male,12,D,Mathematics,79.10,100.00,40.00,80.00,72.00,B,Pass,2026-27,Partial,,
STU03640,Kavya,Female,11,D,Science,77.70,38.00,45.00,30.00,36.10,F,Fail,2025-26,Paid,,
STU03641,Dinesh,Male,8,D,Tamil,90.60,66.00,44.00,29.00,40.90,F,Pass,2024-25,Pending,,
STU03642,Dinesh,Male,8,C,English,66.70,84.00,47.00,81.00,71.40,B,Pass,2024-25,Partial,,
STU03643,Priya,Female,10,D,Science,83.60,80.00,45.00,87.00,73.00,B,Pass,2025-26,Paid,,
STU03644,Harini,Female,8,D,Science,85.70,50.00,46.00,44.00,45.80,F,Pass,2025-26,Partial,,
STU03645,Harini,Female,6,C,English,72.50,64.00,50.00,33.00,44.30,F,Pass,2025-26,Paid,,
STU03646,Keerthana,Female,9,B,Mathematics,82.70,57.00,32.00,45.00,43.50,F,Pass,2024-25,Paid,,
STU03647,Madhan,Male,12,B,Tamil,75.10,36.00,44.00,40.00,40.40,F,Pass,2024-25,Paid,,
STU03648,Sanjay,Male,11,C,Social Science,98.10,68.00,41.00,78.00,64.90,C,Pass,2025-26,Pending,,
STU03649,Pranav,Male,12,C,Tamil,80.90,83.00,42.00,25.00,41.70,F,Pass,2025-26,Pending,,
STU03650,Aishwarya,Female,10,B,Social Science,70.90,45.00,33.00,76.00,56.90,D,Pass,2026-27,Partial,,
STU03651,Nivetha,Female,9,D,Science,98.20,92.00,42.00,72.00,67.00,C,Pass,2025-26,Partial,,
STU03652,Swetha,Female,9,C,Science,73.20,85.00,31.00,96.00,74.30,B,Pass,2025-26,Paid,,
STU03653,Hari,Male,11,C,English,74.60,76.00,35.00,34.00,42.70,F,Pass,2025-26,Pending,,
STU03654,Sanjay,Male,10,D,Social Science,77.60,52.00,48.00,96.00,72.80,B,Pass,2026-27,Pending,,
STU03655,Dinesh,Male,8,C,Mathematics,82.60,44.00,47.00,71.00,58.40,D,Pass,2026-27,Paid,,
STU03656,Kavya,Female,7,D,English,82.80,90.00,38.00,29.00,43.90,F,Pass,2024-25,Pending,,
STU03657,Keerthana,Female,8,D,Science,82.80,55.00,32.00,57.00,49.10,F,Pass,2024-25,Paid,,
STU03658,Karthik,Male,10,B,Social Science,84.60,65.00,37.00,27.00,37.60,F,Fail,2024-25,Paid,,
STU03659,Hari,Male,8,A,Science,74.80,76.00,40.00,91.00,72.70,B,Pass,2025-26,Pending,,
STU03660,Keerthana,Female,11,C,Mathematics,91.40,54.00,48.00,75.00,62.70,C,Pass,2024-25,Pending,,
STU03661,Sanjay,Male,7,D,Social Science,74.60,93.00,46.00,52.00,58.40,D,Pass,2025-26,Paid,,
STU03662,Kavya,Female,10,B,Social Science,84.00,93.00,32.00,55.00,55.70,D,Pass,2025-26,Pending,,
STU03663,Swetha,Female,10,D,English,78.30,80.00,47.00,80.00,70.10,B,Pass,2026-27,Pending,,
STU03664,Dinesh,Male,11,B,Mathematics,76.40,84.00,31.00,40.00,46.10,F,Pass,2026-27,Partial,,
STU03665,Ajay,Male,7,C,Science,89.80,95.00,43.00,46.00,54.90,D,Pass,2026-27,Paid,,
STU03666,Aishwarya,Female,8,B,Science,78.60,81.00,33.00,87.00,69.60,C,Pass,2026-27,Pending,,
STU03667,Ajay,Male,9,A,Tamil,82.30,98.00,32.00,32.00,45.20,F,Pass,2026-27,Partial,,
STU03668,Keerthana,Female,12,A,English,81.20,93.00,35.00,37.00,47.60,F,Pass,2024-25,Paid,,
STU03669,Divya,Female,10,A,Mathematics,95.10,83.00,35.00,64.00,59.10,D,Pass,2026-27,Pending,,
STU03670,Keerthana,Female,7,A,Tamil,72.40,85.00,40.00,79.00,68.50,C,Pass,2025-26,Paid,,
STU03671,Madhan,Male,7,C,Tamil,73.80,51.00,42.00,41.00,43.30,F,Pass,2025-26,Paid,,
STU03672,Sanjay,Male,6,B,Tamil,80.90,98.00,40.00,65.00,64.10,C,Pass,2026-27,Partial,,
STU03673,Divya,Female,11,C,English,100.00,73.00,36.00,69.00,59.90,D,Pass,2024-25,Pending,,
STU03674,Nivetha,Female,6,B,English,89.80,58.00,46.00,31.00,40.90,F,Pass,2026-27,Partial,,
STU03675,Ananya,Female,7,C,Mathematics,100.00,60.00,32.00,28.00,35.60,F,Fail,2026-27,Paid,,
STU03676,Pavithra,Female,6,B,English,82.60,77.00,37.00,41.00,47.00,F,Pass,2025-26,Pending,,
STU03677,Dinesh,Male,9,C,Mathematics,81.50,91.00,34.00,81.00,68.90,C,Pass,2025-26,Pending,,
STU03678,Pranav,Male,8,C,Social Science,92.10,48.00,39.00,84.00,63.30,C,Pass,2024-25,Paid,,
STU03679,Swetha,Female,9,A,Mathematics,87.80,62.00,48.00,41.00,47.30,F,Pass,2026-27,Pending,,
STU03680,Dinesh,Male,11,A,English,77.20,43.00,41.00,32.00,36.90,F,Fail,2026-27,Paid,,
STU03681,Sanjay,Male,12,B,English,72.30,95.00,49.00,94.00,80.70,A,Pass,2026-27,Partial,,
STU03682,Aishwarya,Female,7,C,Science,77.50,95.00,36.00,52.00,55.80,D,Pass,2026-27,Partial,,
STU03683,Vijay,Male,10,A,English,77.40,49.00,34.00,81.00,60.50,C,Pass,2025-26,Partial,,
STU03684,Madhan,Male,11,C,Mathematics,83.50,94.00,32.00,61.00,58.90,D,Pass,2024-25,Paid,,
STU03685,Ajay,Male,11,B,English,100.00,85.00,50.00,66.00,65.00,C,Pass,2026-27,Paid,,
STU03686,Arun,Male,11,C,Mathematics,86.80,59.00,42.00,57.00,52.90,D,Pass,2024-25,Pending,,
STU03687,Harini,Female,8,B,English,81.90,88.00,48.00,36.00,50.00,D,Pass,2025-26,Paid,,
STU03688,Arun,Male,11,A,Science,69.10,54.00,35.00,81.00,61.80,C,Pass,2025-26,Partial,,
STU03689,Pranav,Male,7,D,Social Science,95.40,92.00,47.00,65.00,65.00,C,Pass,2026-27,Pending,,
STU03690,Arun,Male,10,B,English,86.10,82.00,36.00,30.00,42.20,F,Pass,2024-25,Paid,,
STU03691,Arun,Male,11,D,English,78.30,100.00,43.00,85.00,75.40,B,Pass,2025-26,Pending,,
STU03692,Swetha,Female,8,D,Tamil,77.90,96.00,35.00,95.00,77.20,B,Pass,2026-27,Pending,,
STU03693,Ananya,Female,7,C,Mathematics,86.70,63.00,35.00,61.00,53.60,D,Pass,2025-26,Pending,,
STU03694,Aishwarya,Female,8,A,Mathematics,68.50,72.00,43.00,50.00,52.30,D,Pass,2025-26,Paid,,
STU03695,Nivetha,Female,9,B,Mathematics,98.60,100.00,41.00,38.00,51.30,D,Pass,2026-27,Pending,,
STU03696,Kavya,Female,11,D,Mathematics,79.10,81.00,48.00,77.00,69.10,C,Pass,2025-26,Pending,,
STU03697,Arun,Male,12,B,English,73.80,58.00,48.00,75.00,63.50,C,Pass,2026-27,Pending,,
STU03698,Keerthana,Female,6,A,Social Science,84.80,55.00,35.00,41.00,42.00,F,Pass,2025-26,Paid,,
STU03699,Nivetha,Female,8,D,Social Science,69.30,60.00,44.00,41.00,45.70,F,Pass,2024-25,Pending,,
STU03700,Swetha,Female,6,C,Tamil,67.70,71.00,34.00,79.00,63.90,C,Pass,2025-26,Paid,,
STU03701,Vijay,Male,10,D,Tamil,75.20,97.00,34.00,47.00,53.10,D,Pass,2026-27,Partial,,
STU03702,Karthik,Male,6,B,Mathematics,80.00,54.00,39.00,49.00,47.00,F,Pass,2026-27,Paid,,
STU03703,Madhan,Male,11,C,Tamil,100.00,74.00,48.00,75.00,66.70,C,Pass,2024-25,Partial,,
STU03704,Ananya,Female,9,D,Social Science,97.60,77.00,36.00,31.00,41.70,F,Pass,2026-27,Pending,,
STU03705,Sanjay,Male,12,D,Science,68.50,41.00,44.00,89.00,65.90,C,Pass,2024-25,Pending,,
STU03706,Swetha,Female,9,D,Science,85.70,74.00,47.00,53.00,55.40,D,Pass,2025-26,Partial,,
STU03707,Madhan,Male,11,C,English,70.20,80.00,30.00,92.00,71.00,B,Pass,2025-26,Pending,,
STU03708,Pranav,Male,12,D,English,80.70,96.00,35.00,73.00,66.20,C,Pass,2025-26,Partial,,
STU03709,Rahul,Male,12,B,Mathematics,64.60,97.00,37.00,63.00,62.00,C,Pass,2026-27,Pending,,
STU03710,Dinesh,Male,6,C,Science,87.90,57.00,36.00,55.00,49.70,F,Pass,2025-26,Partial,,
STU03711,Swetha,Female,9,D,Tamil,86.40,73.00,49.00,74.00,66.30,C,Pass,2024-25,Partial,,
STU03712,Ajay,Male,12,D,English,83.30,99.00,47.00,74.00,70.90,B,Pass,2026-27,Partial,,
STU03713,Kavya,Female,7,C,Mathematics,59.00,37.00,37.00,71.00,54.00,D,Pass,2024-25,Partial,,
STU03714,Kavya,Female,11,C,Science,64.40,46.00,37.00,63.00,51.80,D,Pass,2025-26,Paid,,
STU03715,Rahul,Male,12,A,Social Science,82.00,85.00,48.00,49.00,55.90,D,Pass,2025-26,Pending,,
STU03716,Kavya,Female,6,B,English,84.40,98.00,45.00,56.00,61.10,C,Pass,2026-27,Partial,,
STU03717,Karthik,Male,12,B,English,84.20,84.00,36.00,37.00,46.10,F,Pass,2026-27,Pending,,
STU03718,Arun,Male,6,B,English,81.00,47.00,41.00,44.00,43.70,F,Pass,2024-25,Paid,,
STU03719,Rahul,Male,12,D,English,78.40,35.00,48.00,95.00,68.90,C,Pass,2024-25,Paid,,
STU03720,Dinesh,Male,6,B,English,74.50,50.00,47.00,79.00,63.60,C,Pass,2025-26,Paid,,
STU03721,Karthik,Male,7,C,Social Science,100.00,66.00,33.00,83.00,64.60,C,Pass,2025-26,Partial,,
STU03722,Swetha,Female,10,A,Tamil,84.20,35.00,33.00,99.00,66.40,C,Pass,2026-27,Partial,,
STU03723,Dinesh,Male,9,C,English,84.70,72.00,39.00,92.00,72.10,B,Pass,2024-25,Pending,,
STU03724,Hari,Male,12,D,Tamil,76.40,82.00,32.00,65.00,58.50,D,Pass,2025-26,Partial,,
STU03725,Harini,Female,9,A,Tamil,68.30,92.00,30.00,42.00,48.40,F,Pass,2025-26,Paid,,
STU03726,Arun,Male,12,C,Tamil,85.00,40.00,49.00,55.00,50.20,D,Pass,2026-27,Partial,,
STU03727,Hari,Male,11,B,Mathematics,73.00,49.00,35.00,51.00,45.80,F,Pass,2024-25,Paid,,
STU03728,Ananya,Female,6,C,Social Science,72.70,62.00,35.00,58.00,51.90,D,Pass,2026-27,Paid,,
STU03729,Vijay,Male,11,C,English,79.60,81.00,34.00,30.00,41.40,F,Pass,2024-25,Paid,,
STU03730,Karthik,Male,6,D,Science,72.40,79.00,39.00,46.00,50.50,D,Pass,2026-27,Partial,,
STU03731,Vijay,Male,9,D,Tamil,95.50,86.00,44.00,89.00,74.90,B,Pass,2024-25,Paid,,
STU03732,Pavithra,Female,12,D,English,92.00,35.00,35.00,65.00,50.00,D,Pass,2024-25,Pending,,
STU03733,Hari,Male,9,C,English,75.40,37.00,35.00,46.00,40.90,F,Pass,2024-25,Partial,,
STU03734,Divya,Female,9,C,English,85.00,37.00,39.00,26.00,32.10,F,Fail,2025-26,Paid,,
STU03735,Madhan,Male,10,C,Tamil,90.50,92.00,40.00,65.00,62.90,C,Pass,2024-25,Partial,,
STU03736,Aishwarya,Female,8,B,Social Science,85.40,72.00,43.00,87.00,70.80,B,Pass,2025-26,Paid,,
STU03737,Dinesh,Male,10,C,Science,70.90,35.00,47.00,54.00,48.10,F,Pass,2024-25,Partial,,
STU03738,Swetha,Female,8,C,Tamil,85.50,78.00,46.00,54.00,56.40,D,Pass,2025-26,Pending,,
STU03739,Karthik,Male,9,B,Science,89.10,91.00,37.00,42.00,50.30,D,Pass,2026-27,Paid,,
STU03740,Karthik,Male,12,B,English,94.40,36.00,41.00,38.00,38.50,F,Fail,2024-25,Paid,,
STU03741,Rahul,Male,8,A,Science,97.40,38.00,32.00,30.00,32.20,F,Fail,2025-26,Paid,,
STU03742,Sanjay,Male,6,D,Mathematics,70.10,43.00,32.00,85.00,60.70,C,Pass,2026-27,Partial,,
STU03743,Pavithra,Female,12,A,Tamil,67.60,69.00,47.00,70.00,62.90,C,Pass,2025-26,Partial,,
STU03744,Aishwarya,Female,10,D,English,85.60,46.00,35.00,57.00,48.20,F,Pass,2024-25,Pending,,
STU03745,Sanjay,Male,11,C,Social Science,72.50,50.00,48.00,32.00,40.40,F,Pass,2024-25,Paid,,
STU03746,Nivetha,Female,11,D,Science,60.20,86.00,44.00,81.00,70.90,B,Pass,2025-26,Paid,,
STU03747,Keerthana,Female,8,D,Tamil,84.30,54.00,33.00,82.00,61.70,C,Pass,2025-26,Pending,,
STU03748,Divya,Female,9,D,Tamil,83.60,51.00,34.00,51.00,45.90,F,Pass,2026-27,Paid,,
STU03749,Nivetha,Female,7,C,Science,76.10,93.00,34.00,66.00,61.80,C,Pass,2024-25,Partial,,
STU03750,Arun,Male,10,C,Social Science,81.80,58.00,47.00,59.00,55.20,D,Pass,2026-27,Partial,,
STU03751,Priya,Female,8,D,English,100.00,59.00,36.00,68.00,56.60,D,Pass,2026-27,Pending,,
STU03752,Vijay,Male,11,C,Tamil,78.60,66.00,48.00,89.00,72.10,B,Pass,2025-26,Partial,,
STU03753,Priya,Female,11,C,Science,80.20,52.00,44.00,56.00,51.60,D,Pass,2026-27,Partial,,
STU03754,Pranav,Male,11,D,Mathematics,90.00,51.00,37.00,34.00,38.30,F,Fail,2026-27,Partial,,
STU03755,Pavithra,Female,9,B,English,73.10,63.00,37.00,64.00,55.70,D,Pass,2024-25,Pending,,
STU03756,Arun,Male,12,A,Science,83.50,89.00,36.00,56.00,56.60,D,Pass,2025-26,Paid,,
STU03757,Sanjay,Male,11,B,Tamil,71.20,67.00,40.00,47.00,48.90,F,Pass,2025-26,Paid,,
STU03758,Keerthana,Female,12,D,English,92.90,62.00,36.00,71.00,58.70,D,Pass,2025-26,Paid,,
STU03759,Harini,Female,8,C,Mathematics,83.50,74.00,36.00,59.00,55.10,D,Pass,2025-26,Paid,,
STU03760,Karthik,Male,6,D,Mathematics,77.20,68.00,48.00,58.00,57.00,D,Pass,2025-26,Partial,,
STU03761,Pavithra,Female,11,C,English,82.40,73.00,35.00,63.00,56.60,D,Pass,2025-26,Paid,,
STU03762,Pranav,Male,6,B,Social Science,77.90,49.00,33.00,77.00,58.20,D,Pass,2025-26,Pending,,
STU03763,Sanjay,Male,11,D,Mathematics,87.90,99.00,44.00,47.00,56.50,D,Pass,2025-26,Pending,,
STU03764,Pranav,Male,7,D,Mathematics,94.10,50.00,41.00,55.00,49.80,F,Pass,2024-25,Paid,,
STU03765,Nivetha,Female,12,A,Mathematics,65.70,44.00,46.00,53.00,49.10,F,Pass,2025-26,Pending,,
STU03766,Rahul,Male,6,C,Science,99.60,56.00,38.00,66.00,55.60,D,Pass,2026-27,Paid,,
STU03767,Arun,Male,11,A,English,81.80,65.00,45.00,93.00,73.00,B,Pass,2026-27,Partial,,
STU03768,Keerthana,Female,8,B,Tamil,100.00,44.00,38.00,78.00,59.20,D,Pass,2024-25,Pending,,
STU03769,Kavya,Female,9,A,Tamil,67.60,87.00,37.00,82.00,69.50,C,Pass,2025-26,Partial,,
STU03770,Vijay,Male,12,A,Social Science,95.90,97.00,49.00,29.00,48.60,F,Pass,2025-26,Pending,,
STU03771,Ajay,Male,6,C,Science,93.40,48.00,33.00,46.00,42.50,F,Pass,2025-26,Paid,,
STU03772,Rahul,Male,6,D,Tamil,88.60,35.00,38.00,31.00,33.90,F,Fail,2024-25,Pending,,
STU03773,Hari,Male,12,D,Social Science,95.90,49.00,35.00,32.00,36.30,F,Fail,2026-27,Pending,,
STU03774,Sanjay,Male,11,C,English,78.60,82.00,31.00,84.00,67.70,C,Pass,2026-27,Pending,,
STU03775,Kavya,Female,10,D,Social Science,86.20,42.00,50.00,33.00,39.90,F,Fail,2025-26,Paid,,
STU03776,Harini,Female,7,C,Science,77.80,36.00,50.00,85.00,64.70,C,Pass,2024-25,Pending,,
STU03777,Rahul,Male,11,D,Tamil,80.20,82.00,35.00,91.00,72.40,B,Pass,2026-27,Pending,,
STU03778,Pavithra,Female,8,D,Science,72.80,62.00,45.00,89.00,70.40,B,Pass,2024-25,Partial,,
STU03779,Arun,Male,8,C,Science,70.90,61.00,42.00,81.00,65.30,C,Pass,2025-26,Paid,,
STU03780,Harini,Female,11,A,Tamil,83.60,82.00,48.00,52.00,56.80,D,Pass,2026-27,Pending,,
STU03781,Pranav,Male,6,C,English,57.40,78.00,43.00,28.00,42.50,F,Pass,2024-25,Partial,,
STU03782,Aishwarya,Female,11,D,Social Science,70.50,84.00,43.00,26.00,42.70,F,Pass,2026-27,Pending,,
STU03783,Pranav,Male,8,D,Science,93.50,45.00,35.00,36.00,37.50,F,Fail,2024-25,Paid,,
STU03784,Keerthana,Female,9,B,English,83.20,83.00,39.00,61.00,58.80,D,Pass,2024-25,Partial,,
STU03785,Vijay,Male,12,C,Mathematics,78.90,79.00,49.00,54.00,57.50,D,Pass,2025-26,Pending,,
STU03786,Priya,Female,8,B,Mathematics,80.20,66.00,45.00,83.00,68.20,C,Pass,2026-27,Partial,,
STU03787,Ananya,Female,12,D,Science,100.00,76.00,44.00,53.00,54.90,D,Pass,2025-26,Pending,,
STU03788,Keerthana,Female,8,A,English,71.10,56.00,40.00,95.00,70.70,B,Pass,2025-26,Pending,,
STU03789,Kavya,Female,12,A,Tamil,72.30,56.00,35.00,86.00,64.70,C,Pass,2026-27,Partial,,
STU03790,Madhan,Male,8,D,Mathematics,66.70,55.00,36.00,75.00,59.30,D,Pass,2025-26,Pending,,
STU03791,Vijay,Male,6,B,Social Science,80.50,35.00,31.00,96.00,64.30,C,Pass,2025-26,Paid,,
STU03792,Kavya,Female,11,A,English,84.40,71.00,34.00,78.00,63.40,C,Pass,2026-27,Partial,,
STU03793,Pavithra,Female,8,B,Social Science,73.50,60.00,49.00,86.00,69.70,C,Pass,2025-26,Partial,,
STU03794,Pranav,Male,7,C,Science,95.20,44.00,39.00,41.00,41.00,F,Pass,2026-27,Pending,,
STU03795,Arun,Male,8,A,Social Science,80.70,66.00,36.00,58.00,53.00,D,Pass,2025-26,Paid,,
STU03796,Hari,Male,10,D,Social Science,83.70,98.00,36.00,82.00,71.40,B,Pass,2024-25,Partial,,
STU03797,Ajay,Male,8,B,English,81.00,48.00,49.00,33.00,40.80,F,Pass,2025-26,Paid,,
STU03798,Ananya,Female,7,B,English,79.30,42.00,46.00,72.00,58.20,D,Pass,2025-26,Pending,,
STU03799,Hari,Male,11,C,English,66.20,90.00,31.00,48.00,51.30,D,Pass,2026-27,Paid,,
STU03800,Karthik,Male,7,D,Social Science,90.70,41.00,35.00,33.00,35.20,F,Fail,2024-25,Partial,,
STU03801,Ajay,Male,9,D,Science,98.20,93.00,37.00,78.00,68.70,C,Pass,2025-26,Pending,,
STU03802,Harini,Female,8,C,Mathematics,75.50,77.00,49.00,32.00,46.10,F,Pass,2024-25,Pending,,
STU03803,Madhan,Male,8,C,English,71.70,49.00,33.00,31.00,35.20,F,Fail,2024-25,Pending,,
STU03804,Madhan,Male,8,C,English,94.70,65.00,31.00,93.00,68.80,C,Pass,2026-27,Partial,,
STU03805,Rahul,Male,11,B,English,70.20,61.00,41.00,33.00,41.00,F,Pass,2025-26,Partial,,
STU03806,Nivetha,Female,11,A,Science,65.20,37.00,34.00,73.00,54.10,D,Pass,2025-26,Paid,,
STU03807,Keerthana,Female,12,D,Tamil,75.90,48.00,40.00,40.00,41.60,F,Pass,2026-27,Pending,,
STU03808,Aishwarya,Female,9,D,English,87.40,48.00,43.00,61.00,53.00,D,Pass,2026-27,Paid,,
STU03809,Keerthana,Female,9,D,English,94.50,41.00,43.00,97.00,69.60,C,Pass,2025-26,Pending,,
STU03810,Pranav,Male,7,A,English,86.40,64.00,41.00,89.00,69.60,C,Pass,2026-27,Paid,,
STU03811,Pavithra,Female,12,A,English,77.60,68.00,46.00,96.00,75.40,B,Pass,2026-27,Paid,,
STU03812,Kavya,Female,8,A,Science,86.50,77.00,49.00,99.00,79.60,B,Pass,2024-25,Partial,,
STU03813,Nivetha,Female,12,D,Mathematics,92.60,76.00,34.00,55.00,52.90,D,Pass,2026-27,Paid,,
STU03814,Sanjay,Male,6,C,English,81.90,73.00,34.00,92.00,70.80,B,Pass,2025-26,Pending,,
STU03815,Nivetha,Female,8,D,Tamil,84.80,95.00,45.00,69.00,67.00,C,Pass,2024-25,Paid,,
STU03816,Swetha,Female,9,A,Social Science,70.50,64.00,43.00,87.00,69.20,C,Pass,2024-25,Partial,,
STU03817,Ananya,Female,11,B,Social Science,80.90,74.00,32.00,84.00,66.40,C,Pass,2025-26,Partial,,
STU03818,Dinesh,Male,7,C,Science,78.70,40.00,37.00,38.00,38.10,F,Fail,2025-26,Paid,,
STU03819,Sanjay,Male,6,D,Social Science,68.70,46.00,42.00,59.00,51.30,D,Pass,2025-26,Pending,,
STU03820,Keerthana,Female,9,C,Mathematics,69.80,57.00,46.00,50.00,50.20,D,Pass,2024-25,Partial,,
STU03821,Pavithra,Female,11,C,Tamil,96.60,89.00,42.00,91.00,75.90,B,Pass,2026-27,Paid,,
STU03822,Nivetha,Female,11,D,Tamil,78.20,76.00,41.00,78.00,66.50,C,Pass,2026-27,Pending,,
STU03823,Ajay,Male,9,C,Tamil,72.40,65.00,42.00,57.00,54.10,D,Pass,2025-26,Partial,,
STU03824,Pranav,Male,10,C,Mathematics,77.80,50.00,43.00,39.00,42.40,F,Pass,2024-25,Paid,,
STU03825,Madhan,Male,8,D,English,85.00,82.00,32.00,90.00,71.00,B,Pass,2024-25,Pending,,
STU03826,Kavya,Female,9,A,Social Science,89.20,51.00,32.00,43.00,41.30,F,Pass,2026-27,Partial,,
STU03827,Kavya,Female,9,C,Social Science,90.30,84.00,48.00,87.00,74.70,B,Pass,2026-27,Pending,,
STU03828,Kavya,Female,12,D,English,68.90,45.00,48.00,79.00,62.90,C,Pass,2024-25,Paid,,
STU03829,Keerthana,Female,9,A,Mathematics,79.40,58.00,35.00,69.00,56.60,D,Pass,2026-27,Partial,,
STU03830,Ajay,Male,8,B,English,72.40,35.00,33.00,42.00,37.90,F,Fail,2025-26,Pending,,
STU03831,Kavya,Female,11,A,Tamil,75.30,48.00,49.00,36.00,42.30,F,Pass,2026-27,Partial,,
STU03832,Priya,Female,9,A,Social Science,82.50,81.00,41.00,53.00,55.00,D,Pass,2025-26,Paid,,
STU03833,Keerthana,Female,7,B,Tamil,74.10,95.00,36.00,70.00,64.80,C,Pass,2025-26,Pending,,
STU03834,Swetha,Female,10,C,English,86.80,74.00,32.00,25.00,36.90,F,Fail,2025-26,Paid,,
STU03835,Rahul,Male,12,B,Science,84.00,51.00,39.00,92.00,67.90,C,Pass,2024-25,Partial,,
STU03836,Harini,Female,12,D,English,88.70,76.00,34.00,54.00,52.40,D,Pass,2025-26,Pending,,
STU03837,Karthik,Male,10,B,Tamil,100.00,35.00,43.00,99.00,69.40,C,Pass,2025-26,Partial,,
STU03838,Keerthana,Female,11,A,Social Science,77.90,77.00,36.00,33.00,42.70,F,Pass,2026-27,Paid,,
STU03839,Vijay,Male,10,A,Science,68.50,61.00,50.00,75.00,64.70,C,Pass,2025-26,Pending,,
STU03840,Priya,Female,9,C,Science,83.30,57.00,46.00,34.00,42.20,F,Pass,2026-27,Paid,,
STU03841,Ajay,Male,12,C,Social Science,73.00,59.00,36.00,87.00,66.10,C,Pass,2026-27,Paid,,
STU03842,Madhan,Male,8,A,English,81.10,97.00,41.00,52.00,57.70,D,Pass,2025-26,Partial,,
STU03843,Karthik,Male,11,B,English,78.00,51.00,44.00,67.00,56.90,D,Pass,2025-26,Pending,,
STU03844,Madhan,Male,11,C,Tamil,66.10,66.00,31.00,72.00,58.50,D,Pass,2025-26,Partial,,
STU03845,Aishwarya,Female,6,D,Tamil,95.90,85.00,40.00,44.00,51.00,D,Pass,2025-26,Partial,,
STU03846,Aishwarya,Female,10,A,Social Science,96.00,80.00,35.00,89.00,71.00,B,Pass,2024-25,Partial,,
STU03847,Arun,Male,11,A,Mathematics,91.60,91.00,45.00,77.00,70.20,B,Pass,2025-26,Partial,,
STU03848,Rahul,Male,9,A,Science,91.20,80.00,44.00,77.00,67.70,C,Pass,2025-26,Paid,,
STU03849,Vijay,Male,11,D,Tamil,89.80,69.00,48.00,28.00,42.20,F,Pass,2024-25,Partial,,
STU03850,Aishwarya,Female,12,C,Social Science,69.70,72.00,36.00,57.00,53.70,D,Pass,2026-27,Pending,,
STU03851,Pavithra,Female,12,D,Science,100.00,90.00,40.00,68.00,64.00,C,Pass,2024-25,Partial,,
STU03852,Madhan,Male,12,A,Mathematics,91.60,79.00,42.00,81.00,68.90,C,Pass,2026-27,Paid,,
STU03853,Rahul,Male,10,C,Social Science,82.40,36.00,33.00,99.00,66.60,C,Pass,2025-26,Paid,,
STU03854,Dinesh,Male,6,D,Science,72.20,48.00,47.00,66.00,56.70,D,Pass,2026-27,Paid,,
STU03855,Ananya,Female,11,D,Social Science,100.00,52.00,30.00,42.00,40.40,F,Pass,2024-25,Paid,,
STU03856,Hari,Male,10,A,Tamil,88.10,55.00,30.00,98.00,69.00,C,Pass,2026-27,Pending,,
STU03857,Pavithra,Female,9,B,Science,83.00,91.00,37.00,62.00,60.30,C,Pass,2025-26,Partial,,
STU03858,Ajay,Male,8,D,Science,83.60,35.00,44.00,37.00,38.70,F,Fail,2026-27,Partial,,
STU03859,Pranav,Male,9,C,Science,88.50,59.00,48.00,77.00,64.70,C,Pass,2025-26,Pending,,
STU03860,Pranav,Male,8,D,Science,64.00,60.00,49.00,56.00,54.70,D,Pass,2024-25,Pending,,
STU03861,Kavya,Female,6,C,Mathematics,100.00,98.00,37.00,31.00,46.20,F,Pass,2025-26,Partial,,
STU03862,Aishwarya,Female,6,A,English,80.40,77.00,36.00,37.00,44.70,F,Pass,2024-25,Partial,,
STU03863,Ajay,Male,12,D,English,70.30,100.00,31.00,29.00,43.80,F,Pass,2026-27,Pending,,
STU03864,Sanjay,Male,6,A,Mathematics,100.00,84.00,33.00,65.00,59.20,D,Pass,2026-27,Pending,,
STU03865,Arun,Male,6,A,Social Science,69.70,39.00,44.00,51.00,46.50,F,Pass,2026-27,Partial,,
STU03866,Harini,Female,9,D,English,59.10,74.00,45.00,61.00,58.80,D,Pass,2024-25,Pending,,
STU03867,Madhan,Male,11,A,Social Science,78.30,48.00,48.00,92.00,70.00,B,Pass,2025-26,Partial,,
STU03868,Pavithra,Female,6,B,English,79.10,48.00,36.00,26.00,33.40,F,Fail,2025-26,Pending,,
STU03869,Hari,Male,11,C,English,79.60,46.00,48.00,30.00,38.60,F,Fail,2024-25,Pending,,
STU03870,Ananya,Female,10,C,English,84.90,71.00,32.00,48.00,47.80,F,Pass,2025-26,Partial,,
STU03871,Kavya,Female,10,A,English,82.40,92.00,43.00,84.00,73.30,B,Pass,2025-26,Pending,,
STU03872,Ajay,Male,12,B,Social Science,76.50,75.00,32.00,50.00,49.60,F,Pass,2025-26,Paid,,
STU03873,Madhan,Male,10,D,Social Science,84.20,72.00,50.00,49.00,53.90,D,Pass,2024-25,Partial,,
STU03874,Hari,Male,7,D,English,92.90,55.00,48.00,51.00,50.90,D,Pass,2026-27,Partial,,
STU03875,Ananya,Female,7,D,Science,82.30,35.00,45.00,40.00,40.50,F,Pass,2025-26,Pending,,
STU03876,Hari,Male,8,A,English,88.00,63.00,33.00,34.00,39.50,F,Fail,2025-26,Partial,,
STU03877,Ananya,Female,8,D,Science,72.90,44.00,48.00,42.00,44.20,F,Pass,2026-27,Partial,,
STU03878,Arun,Male,12,B,Tamil,88.10,54.00,46.00,81.00,65.10,C,Pass,2025-26,Pending,,
STU03879,Ananya,Female,8,B,English,81.30,88.00,30.00,73.00,63.10,C,Pass,2025-26,Pending,,
STU03880,Divya,Female,10,B,Mathematics,80.50,95.00,35.00,73.00,66.00,C,Pass,2025-26,Pending,,
STU03881,Divya,Female,7,D,Mathematics,72.80,68.00,41.00,37.00,44.40,F,Pass,2026-27,Partial,,
STU03882,Nivetha,Female,7,D,Mathematics,77.20,57.00,41.00,81.00,64.20,C,Pass,2026-27,Pending,,
STU03883,Aishwarya,Female,10,B,Mathematics,88.70,41.00,33.00,91.00,63.60,C,Pass,2025-26,Paid,,
STU03884,Karthik,Male,8,D,Science,90.00,66.00,37.00,94.00,71.30,B,Pass,2025-26,Paid,,
STU03885,Pavithra,Female,9,C,Science,79.30,82.00,31.00,77.00,64.20,C,Pass,2026-27,Paid,,
STU03886,Hari,Male,11,B,Tamil,82.10,63.00,38.00,80.00,64.00,C,Pass,2025-26,Partial,,
STU03887,Vijay,Male,12,D,Mathematics,71.40,66.00,50.00,63.00,59.70,D,Pass,2026-27,Partial,,
STU03888,Swetha,Female,7,B,English,81.40,54.00,37.00,63.00,53.40,D,Pass,2026-27,Pending,,
STU03889,Sanjay,Male,12,C,Science,85.80,78.00,45.00,92.00,75.10,B,Pass,2026-27,Paid,,
STU03890,Priya,Female,10,A,English,83.30,56.00,38.00,43.00,44.10,F,Pass,2025-26,Paid,,
STU03891,Divya,Female,11,D,English,78.70,83.00,48.00,84.00,73.00,B,Pass,2026-27,Pending,,
STU03892,Swetha,Female,11,B,English,67.10,95.00,30.00,51.00,53.50,D,Pass,2026-27,Partial,,
STU03893,Harini,Female,9,D,English,78.20,59.00,33.00,44.00,43.70,F,Pass,2024-25,Partial,,
STU03894,Divya,Female,12,B,English,84.30,52.00,46.00,25.00,36.70,F,Fail,2025-26,Paid,,
STU03895,Priya,Female,11,C,Tamil,90.00,78.00,41.00,60.00,57.90,D,Pass,2024-25,Partial,,
STU03896,Pranav,Male,10,B,Tamil,77.00,68.00,30.00,31.00,38.10,F,Fail,2024-25,Pending,,
STU03897,Priya,Female,6,B,English,71.40,59.00,40.00,63.00,55.30,D,Pass,2026-27,Paid,,
STU03898,Pavithra,Female,10,D,Mathematics,81.70,91.00,33.00,79.00,67.60,C,Pass,2026-27,Partial,,
STU03899,Keerthana,Female,6,B,English,85.30,42.00,46.00,78.00,61.20,C,Pass,2024-25,Partial,,
STU03900,Aishwarya,Female,8,D,Mathematics,64.50,61.00,39.00,81.00,64.40,C,Pass,2025-26,Paid,,
STU03901,Rahul,Male,6,B,Mathematics,76.00,72.00,42.00,84.00,69.00,C,Pass,2026-27,Paid,,
STU03902,Priya,Female,6,D,English,80.30,66.00,30.00,95.00,69.70,C,Pass,2025-26,Pending,,
STU03903,Karthik,Male,9,B,Science,87.60,36.00,37.00,51.00,43.80,F,Pass,2026-27,Pending,,
STU03904,Kavya,Female,6,C,Science,80.80,71.00,48.00,35.00,46.10,F,Pass,2026-27,Paid,,
STU03905,Priya,Female,8,B,Tamil,82.60,47.00,42.00,77.00,60.50,C,Pass,2024-25,Pending,,
STU03906,Keerthana,Female,12,B,Social Science,86.40,70.00,41.00,65.00,58.80,D,Pass,2025-26,Paid,,
STU03907,Ananya,Female,10,C,Science,64.90,83.00,34.00,45.00,49.30,F,Pass,2026-27,Pending,,
STU03908,Karthik,Male,11,A,Social Science,66.90,74.00,46.00,79.00,68.10,C,Pass,2024-25,Paid,,
STU03909,Swetha,Female,11,A,Tamil,86.10,35.00,39.00,78.00,57.70,D,Pass,2026-27,Paid,,
STU03910,Dinesh,Male,8,C,English,91.10,100.00,50.00,38.00,54.00,D,Pass,2026-27,Pending,,
STU03911,Sanjay,Male,8,A,Tamil,69.90,71.00,40.00,85.00,68.70,C,Pass,2024-25,Paid,,
STU03912,Ajay,Male,8,A,English,89.00,70.00,34.00,52.00,50.20,D,Pass,2026-27,Partial,,
STU03913,Pranav,Male,8,C,Tamil,64.60,36.00,44.00,46.00,43.40,F,Pass,2026-27,Partial,,
STU03914,Ananya,Female,7,B,Tamil,86.40,79.00,50.00,28.00,44.80,F,Pass,2025-26,Pending,,
STU03915,Divya,Female,8,C,English,95.20,50.00,45.00,35.00,41.00,F,Pass,2025-26,Pending,,
STU03916,Nivetha,Female,8,A,English,75.80,56.00,39.00,99.00,72.40,B,Pass,2024-25,Paid,,
STU03917,Vijay,Male,10,A,Mathematics,83.40,100.00,48.00,70.00,69.40,C,Pass,2024-25,Paid,,
STU03918,Swetha,Female,10,A,Tamil,75.80,55.00,43.00,80.00,63.90,C,Pass,2024-25,Pending,,
STU03919,Pranav,Male,12,A,Science,79.50,52.00,38.00,33.00,38.30,F,Fail,2024-25,Partial,,
STU03920,Priya,Female,6,B,English,52.70,81.00,31.00,46.00,48.50,F,Pass,2025-26,Pending,,
STU03921,Keerthana,Female,12,B,Social Science,85.10,72.00,31.00,54.00,50.70,D,Pass,2025-26,Partial,,
STU03922,Nivetha,Female,8,B,Social Science,100.00,69.00,34.00,96.00,72.00,B,Pass,2025-26,Partial,,
STU03923,Rahul,Male,7,A,Social Science,75.50,47.00,39.00,96.00,69.10,C,Pass,2025-26,Partial,,
STU03924,Vijay,Male,10,A,Social Science,86.10,75.00,30.00,67.00,57.50,D,Pass,2024-25,Pending,,
STU03925,Divya,Female,8,A,Mathematics,85.80,62.00,44.00,87.00,69.10,C,Pass,2024-25,Paid,,
STU03926,Madhan,Male,6,D,Mathematics,85.50,71.00,38.00,85.00,68.10,C,Pass,2026-27,Partial,,
STU03927,Madhan,Male,6,A,Science,98.80,36.00,30.00,50.00,41.20,F,Pass,2026-27,Pending,,
STU03928,Swetha,Female,10,C,Social Science,98.70,85.00,40.00,87.00,72.50,B,Pass,2024-25,Pending,,
STU03929,Harini,Female,10,D,Science,81.30,52.00,37.00,75.00,59.00,D,Pass,2025-26,Partial,,
STU03930,Sanjay,Male,12,D,Mathematics,82.70,48.00,34.00,25.00,32.30,F,Fail,2026-27,Paid,,
STU03931,Rahul,Male,9,B,Social Science,76.00,51.00,47.00,99.00,73.80,B,Pass,2026-27,Pending,,
STU03932,Sanjay,Male,7,B,Mathematics,74.80,49.00,42.00,27.00,35.90,F,Fail,2024-25,Pending,,
STU03933,Pavithra,Female,9,C,English,78.10,72.00,47.00,31.00,44.00,F,Pass,2024-25,Partial,,
STU03934,Ajay,Male,7,D,Science,72.10,43.00,44.00,65.00,54.30,D,Pass,2024-25,Pending,,
STU03935,Rahul,Male,8,B,Science,76.10,100.00,37.00,53.00,57.60,D,Pass,2024-25,Paid,,
STU03936,Priya,Female,10,C,English,87.20,85.00,31.00,91.00,71.80,B,Pass,2026-27,Partial,,
STU03937,Priya,Female,7,D,English,77.00,46.00,32.00,57.00,47.30,F,Pass,2026-27,Partial,,
STU03938,Harini,Female,9,C,Mathematics,100.00,97.00,36.00,82.00,71.20,B,Pass,2025-26,Paid,,
STU03939,Kavya,Female,10,A,Social Science,93.00,43.00,49.00,64.00,55.30,D,Pass,2025-26,Pending,,
STU03940,Kavya,Female,9,D,English,80.80,84.00,33.00,29.00,41.20,F,Pass,2026-27,Paid,,
STU03941,Ananya,Female,8,D,English,90.50,47.00,31.00,91.00,64.20,C,Pass,2026-27,Paid,,
STU03942,Divya,Female,11,D,Mathematics,76.50,89.00,49.00,60.00,62.50,C,Pass,2024-25,Paid,,
STU03943,Keerthana,Female,12,A,Social Science,75.60,93.00,32.00,79.00,67.70,C,Pass,2026-27,Partial,,
STU03944,Ajay,Male,8,D,English,72.00,64.00,43.00,56.00,53.70,D,Pass,2025-26,Paid,,
STU03945,Arun,Male,8,C,Science,100.00,88.00,44.00,39.00,50.30,D,Pass,2024-25,Pending,,
STU03946,Pavithra,Female,11,B,Social Science,81.50,43.00,47.00,43.00,44.20,F,Pass,2026-27,Paid,,
STU03947,Dinesh,Male,12,C,English,80.70,43.00,49.00,76.00,61.30,C,Pass,2024-25,Partial,,
STU03948,Divya,Female,11,C,Social Science,100.00,77.00,41.00,49.00,52.20,D,Pass,2025-26,Partial,,
STU03949,Arun,Male,11,C,English,72.00,50.00,46.00,66.00,56.80,D,Pass,2025-26,Partial,,
STU03950,Pavithra,Female,6,D,Tamil,84.80,90.00,49.00,57.00,61.20,C,Pass,2025-26,Partial,,
STU03951,Sanjay,Male,11,C,Tamil,98.60,69.00,31.00,81.00,63.60,C,Pass,2025-26,Pending,,
STU03952,Vijay,Male,7,A,Tamil,82.50,89.00,39.00,30.00,44.50,F,Pass,2025-26,Partial,,
STU03953,Keerthana,Female,10,D,Social Science,81.60,99.00,40.00,64.00,63.80,C,Pass,2024-25,Pending,,
STU03954,Sanjay,Male,8,D,Social Science,75.80,54.00,41.00,39.00,42.60,F,Pass,2026-27,Partial,,
STU03955,Priya,Female,12,D,Science,68.10,70.00,44.00,71.00,62.70,C,Pass,2026-27,Pending,,
STU03956,Dinesh,Male,6,A,Mathematics,67.00,59.00,48.00,43.00,47.70,F,Pass,2025-26,Partial,,
STU03957,Ajay,Male,11,D,Science,88.40,86.00,30.00,38.00,45.20,F,Pass,2025-26,Pending,,
STU03958,Arun,Male,8,A,English,88.10,79.00,42.00,32.00,44.40,F,Pass,2024-25,Pending,,
STU03959,Rahul,Male,6,D,Science,88.40,53.00,45.00,25.00,36.60,F,Fail,2025-26,Paid,,
STU03960,Dinesh,Male,10,D,Tamil,72.80,91.00,43.00,52.00,57.10,D,Pass,2026-27,Pending,,
STU03961,Ajay,Male,12,C,English,93.10,38.00,39.00,51.00,44.80,F,Pass,2026-27,Partial,,
STU03962,Dinesh,Male,11,D,Science,82.00,85.00,34.00,46.00,50.20,D,Pass,2025-26,Paid,,
STU03963,Pranav,Male,8,B,Tamil,59.10,64.00,48.00,33.00,43.70,F,Pass,2025-26,Partial,,
STU03964,Swetha,Female,8,D,English,99.40,77.00,43.00,31.00,43.80,F,Pass,2025-26,Pending,,
STU03965,Aishwarya,Female,7,A,English,80.10,48.00,40.00,69.00,56.10,D,Pass,2024-25,Partial,,
STU03966,Ajay,Male,6,B,Mathematics,82.80,38.00,49.00,85.00,64.80,C,Pass,2024-25,Paid,,
STU03967,Vijay,Male,12,A,Science,74.00,76.00,39.00,25.00,39.40,F,Fail,2025-26,Paid,,
STU03968,Sanjay,Male,7,A,Science,89.10,70.00,37.00,67.00,58.60,D,Pass,2024-25,Partial,,
STU03969,Hari,Male,11,D,Tamil,67.50,81.00,47.00,33.00,46.80,F,Pass,2024-25,Partial,,
STU03970,Pranav,Male,9,B,English,85.10,49.00,37.00,73.00,57.40,D,Pass,2025-26,Partial,,
STU03971,Harini,Female,8,C,Mathematics,85.20,50.00,30.00,81.00,59.50,D,Pass,2024-25,Partial,,
STU03972,Nivetha,Female,9,A,Mathematics,85.60,55.00,49.00,72.00,61.70,C,Pass,2024-25,Partial,,
STU03973,Aishwarya,Female,9,C,Mathematics,96.40,78.00,48.00,99.00,79.50,B,Pass,2026-27,Partial,,
STU03974,Keerthana,Female,8,D,Social Science,91.50,54.00,42.00,56.00,51.40,D,Pass,2025-26,Pending,,
STU03975,Arun,Male,9,B,Mathematics,80.20,46.00,45.00,100.00,72.70,B,Pass,2025-26,Partial,,
STU03976,Divya,Female,12,B,Science,78.90,67.00,48.00,67.00,61.30,C,Pass,2024-25,Paid,,
STU03977,Dinesh,Male,12,B,Mathematics,82.70,77.00,46.00,27.00,42.70,F,Pass,2026-27,Paid,,
STU03978,Swetha,Female,11,B,Tamil,74.40,60.00,38.00,78.00,62.40,C,Pass,2024-25,Pending,,
STU03979,Swetha,Female,6,C,English,98.70,90.00,40.00,56.00,58.00,D,Pass,2024-25,Paid,,
STU03980,Sanjay,Male,12,D,Tamil,75.20,100.00,33.00,25.00,42.40,F,Pass,2024-25,Pending,,
STU03981,Vijay,Male,10,D,Tamil,72.70,40.00,47.00,57.00,50.60,D,Pass,2024-25,Pending,,
STU03982,Aishwarya,Female,11,A,English,73.80,86.00,46.00,39.00,50.50,D,Pass,2025-26,Partial,,
STU03983,Arun,Male,11,A,Social Science,87.30,36.00,40.00,90.00,64.20,C,Pass,2024-25,Partial,,
STU03984,Sanjay,Male,6,B,English,74.90,71.00,30.00,68.00,57.20,D,Pass,2024-25,Partial,,
STU03985,Arun,Male,8,D,English,74.20,90.00,48.00,100.00,82.40,A,Pass,2024-25,Partial,,
STU03986,Karthik,Male,12,B,Tamil,94.00,47.00,43.00,78.00,61.30,C,Pass,2026-27,Pending,,
STU03987,Ananya,Female,7,A,English,99.60,90.00,44.00,79.00,70.70,B,Pass,2025-26,Paid,,
STU03988,Vijay,Male,11,C,Social Science,71.20,59.00,42.00,45.00,46.90,F,Pass,2024-25,Pending,,
STU03989,Kavya,Female,10,C,Social Science,95.10,44.00,35.00,74.00,56.30,D,Pass,2024-25,Partial,,
STU03990,Arun,Male,7,B,Tamil,72.70,68.00,43.00,72.00,62.50,C,Pass,2025-26,Partial,,
STU03991,Pavithra,Female,11,A,Science,73.00,100.00,50.00,37.00,53.50,D,Pass,2024-25,Paid,,
STU03992,Kavya,Female,10,C,Tamil,89.40,73.00,37.00,89.00,70.20,B,Pass,2026-27,Partial,,
STU03993,Harini,Female,11,A,Science,81.60,84.00,34.00,97.00,75.50,B,Pass,2025-26,Paid,,
STU03994,Vijay,Male,12,B,Tamil,84.80,95.00,34.00,59.00,58.70,D,Pass,2026-27,Partial,,
STU03995,Swetha,Female,8,A,English,63.90,81.00,41.00,87.00,72.00,B,Pass,2025-26,Pending,,
STU03996,Divya,Female,10,A,Mathematics,93.00,99.00,36.00,98.00,79.60,B,Pass,2024-25,Pending,,
STU03997,Hari,Male,7,C,Mathematics,66.80,53.00,50.00,85.00,68.10,C,Pass,2026-27,Partial,,
STU03998,Kavya,Female,10,A,Social Science,65.00,57.00,30.00,80.00,60.40,C,Pass,2026-27,Pending,,
STU03999,Swetha,Female,10,B,English,66.70,88.00,34.00,83.00,69.30,C,Pass,2025-26,Partial,,
STU04000,Vijay,Male,7,D,Social Science,98.20,65.00,32.00,47.00,46.10,F,Pass,2025-26,Pending,,
STU04001,Sanjay,Male,6,B,Social Science,81.00,79.00,40.00,85.00,70.30,B,Pass,2026-27,Partial,,
STU04002,Vijay,Male,12,B,Social Science,66.40,37.00,32.00,83.00,58.50,D,Pass,2025-26,Paid,,
STU04003,Ajay,Male,7,C,Mathematics,83.30,84.00,48.00,61.00,61.70,C,Pass,2025-26,Pending,,
STU04004,Pranav,Male,11,B,Mathematics,80.60,47.00,50.00,61.00,54.90,D,Pass,2026-27,Paid,,
STU04005,Arun,Male,11,B,English,97.50,50.00,46.00,80.00,63.80,C,Pass,2026-27,Partial,,
STU04006,Pavithra,Female,12,A,Science,76.90,89.00,50.00,87.00,76.30,B,Pass,2026-27,Pending,,
STU04007,Pavithra,Female,11,B,Tamil,80.90,42.00,39.00,25.00,32.60,F,Fail,2026-27,Paid,,
STU04008,Priya,Female,11,D,Social Science,77.60,57.00,42.00,27.00,37.50,F,Fail,2024-25,Partial,,
STU04009,Pavithra,Female,11,D,Social Science,82.30,59.00,39.00,43.00,45.00,F,Pass,2024-25,Pending,,
STU04010,Madhan,Male,7,B,English,67.60,68.00,34.00,71.00,59.30,D,Pass,2025-26,Pending,,
STU04011,Keerthana,Female,9,D,Mathematics,72.30,41.00,35.00,38.00,37.70,F,Fail,2026-27,Partial,,
STU04012,Keerthana,Female,6,A,Mathematics,93.40,74.00,43.00,29.00,42.20,F,Pass,2024-25,Partial,,
STU04013,Priya,Female,10,B,Social Science,89.30,97.00,47.00,89.00,78.00,B,Pass,2025-26,Paid,,
STU04014,Sanjay,Male,9,C,Social Science,68.00,66.00,41.00,89.00,70.00,B,Pass,2026-27,Pending,,
STU04015,Pavithra,Female,6,D,Social Science,77.20,66.00,48.00,47.00,51.10,D,Pass,2026-27,Pending,,
STU04016,Vijay,Male,11,A,English,66.70,75.00,39.00,77.00,65.20,C,Pass,2024-25,Pending,,
STU04017,Kavya,Female,8,D,Science,74.50,43.00,46.00,97.00,70.90,B,Pass,2026-27,Pending,,
STU04018,Ajay,Male,11,A,English,72.40,76.00,49.00,62.00,60.90,C,Pass,2026-27,Pending,,
STU04019,Karthik,Male,6,C,Science,93.50,77.00,50.00,31.00,45.90,F,Pass,2024-25,Partial,,
STU04020,Pavithra,Female,7,D,Science,100.00,89.00,34.00,76.00,66.00,C,Pass,2026-27,Paid,,
STU04021,Nivetha,Female,8,D,Science,67.80,54.00,34.00,27.00,34.50,F,Fail,2024-25,Partial,,
STU04022,Arun,Male,12,A,Tamil,75.30,67.00,35.00,89.00,68.40,C,Pass,2025-26,Partial,,
STU04023,Kavya,Female,6,D,English,78.30,76.00,48.00,68.00,63.60,C,Pass,2024-25,Pending,,
STU04024,Madhan,Male,11,D,Science,90.00,47.00,50.00,26.00,37.40,F,Fail,2026-27,Partial,,
STU04025,Arun,Male,11,C,Mathematics,70.60,58.00,38.00,45.00,45.50,F,Pass,2026-27,Paid,,
STU04026,Harini,Female,11,D,Science,80.90,79.00,34.00,63.00,57.50,D,Pass,2026-27,Paid,,
STU04027,Pranav,Male,6,D,Tamil,77.00,77.00,32.00,48.00,49.00,F,Pass,2026-27,Paid,,
STU04028,Priya,Female,12,B,Mathematics,79.00,64.00,43.00,84.00,67.70,C,Pass,2025-26,Partial,,
STU04029,Pavithra,Female,9,D,English,81.90,51.00,42.00,67.00,56.30,D,Pass,2026-27,Pending,,
STU04030,Ananya,Female,7,A,Tamil,98.00,73.00,50.00,100.00,79.60,B,Pass,2025-26,Partial,,
STU04031,Sanjay,Male,6,D,Science,100.00,58.00,46.00,28.00,39.40,F,Fail,2025-26,Paid,,
STU04032,Dinesh,Male,12,C,Science,91.60,85.00,43.00,88.00,73.90,B,Pass,2026-27,Pending,,
STU04033,Keerthana,Female,12,A,Science,99.10,72.00,37.00,72.00,61.50,C,Pass,2025-26,Pending,,
STU04034,Arun,Male,7,B,Mathematics,98.00,60.00,42.00,98.00,73.60,B,Pass,2025-26,Partial,,
STU04035,Pranav,Male,8,D,Science,73.20,36.00,45.00,96.00,68.70,C,Pass,2024-25,Partial,,
STU04036,Dinesh,Male,7,B,Social Science,82.60,73.00,44.00,74.00,64.80,C,Pass,2025-26,Partial,,
STU04037,Divya,Female,7,D,Tamil,81.00,61.00,42.00,55.00,52.30,D,Pass,2024-25,Partial,,
STU04038,Keerthana,Female,12,D,Mathematics,97.40,85.00,39.00,57.00,57.20,D,Pass,2024-25,Partial,,
STU04039,Madhan,Male,8,A,Social Science,87.20,86.00,36.00,27.00,41.50,F,Pass,2024-25,Partial,,
STU04040,Priya,Female,9,B,Tamil,73.50,41.00,41.00,34.00,37.50,F,Fail,2025-26,Pending,,
STU04041,Dinesh,Male,10,D,Tamil,95.20,99.00,33.00,36.00,47.70,F,Pass,2024-25,Partial,,
STU04042,Priya,Female,12,D,English,68.20,88.00,41.00,45.00,52.40,D,Pass,2025-26,Partial,,
STU04043,Madhan,Male,8,D,Science,67.00,77.00,41.00,63.00,59.20,D,Pass,2026-27,Partial,,
STU04044,Dinesh,Male,6,B,Social Science,85.80,84.00,49.00,37.00,50.00,D,Pass,2025-26,Pending,,
STU04045,Dinesh,Male,6,A,English,75.70,48.00,36.00,41.00,40.90,F,Pass,2025-26,Partial,,
STU04046,Dinesh,Male,12,C,Science,78.90,37.00,35.00,33.00,34.40,F,Fail,2024-25,Pending,,
STU04047,Divya,Female,8,D,Science,86.70,43.00,46.00,59.00,51.90,D,Pass,2024-25,Partial,,
STU04048,Divya,Female,11,C,Science,84.70,45.00,45.00,80.00,62.50,C,Pass,2026-27,Pending,,
STU04049,Aishwarya,Female,10,B,English,83.80,51.00,47.00,66.00,57.30,D,Pass,2026-27,Pending,,
STU04050,Ajay,Male,7,A,English,91.40,53.00,47.00,47.00,48.20,F,Pass,2026-27,Paid,,
STU04051,Pranav,Male,7,D,Social Science,78.40,59.00,41.00,77.00,62.60,C,Pass,2025-26,Pending,,
STU04052,Ajay,Male,10,C,Science,79.00,69.00,43.00,60.00,56.70,D,Pass,2026-27,Pending,,
STU04053,Ananya,Female,9,B,Social Science,82.50,50.00,47.00,70.00,59.10,D,Pass,2026-27,Partial,,
STU04054,Hari,Male,10,A,Social Science,98.80,96.00,40.00,76.00,69.20,C,Pass,2026-27,Pending,,
STU04055,Ananya,Female,11,C,Social Science,83.20,36.00,33.00,25.00,29.60,F,Fail,2026-27,Partial,,
STU04056,Pavithra,Female,10,D,Mathematics,83.00,67.00,45.00,80.00,66.90,C,Pass,2024-25,Partial,,
STU04057,Dinesh,Male,10,D,Science,85.40,72.00,42.00,67.00,60.50,C,Pass,2024-25,Paid,,
STU04058,Sanjay,Male,12,D,Science,91.20,70.00,48.00,77.00,66.90,C,Pass,2024-25,Paid,,
STU04059,Kavya,Female,12,B,English,88.20,90.00,35.00,89.00,73.00,B,Pass,2024-25,Partial,,
STU04060,Pranav,Male,6,B,English,59.70,97.00,39.00,51.00,56.60,D,Pass,2026-27,Partial,,
STU04061,Priya,Female,8,C,Tamil,79.30,72.00,30.00,65.00,55.90,D,Pass,2026-27,Paid,,
STU04062,Pavithra,Female,7,D,Tamil,87.40,96.00,50.00,97.00,82.70,A,Pass,2025-26,Paid,,
STU04063,Sanjay,Male,8,D,Science,84.30,83.00,30.00,98.00,74.60,B,Pass,2026-27,Partial,,
STU04064,Kavya,Female,6,A,Science,100.00,73.00,45.00,54.00,55.10,D,Pass,2025-26,Pending,,
STU04065,Priya,Female,10,D,Social Science,70.00,73.00,46.00,69.00,62.90,C,Pass,2026-27,Pending,,
STU04066,Divya,Female,7,A,Social Science,79.90,67.00,38.00,58.00,53.80,D,Pass,2026-27,Partial,,
STU04067,Divya,Female,9,B,Social Science,78.10,67.00,45.00,86.00,69.90,C,Pass,2025-26,Pending,,
STU04068,Dinesh,Male,11,B,Tamil,90.20,53.00,37.00,89.00,66.20,C,Pass,2025-26,Partial,,
STU04069,Pavithra,Female,8,D,Tamil,86.90,45.00,47.00,97.00,71.60,B,Pass,2026-27,Pending,,
STU04070,Nivetha,Female,9,B,English,60.20,58.00,49.00,30.00,41.30,F,Pass,2026-27,Paid,,
STU04071,Pranav,Male,10,A,Mathematics,78.30,91.00,37.00,73.00,65.80,C,Pass,2025-26,Partial,,
STU04072,Harini,Female,6,C,Social Science,98.00,43.00,48.00,53.00,49.50,F,Pass,2025-26,Pending,,
STU04073,Sanjay,Male,9,B,Science,86.30,64.00,37.00,32.00,39.90,F,Fail,2025-26,Pending,,
STU04074,Rahul,Male,8,B,Mathematics,85.20,95.00,40.00,99.00,80.50,A,Pass,2026-27,Partial,,
STU04075,Madhan,Male,9,B,Social Science,88.10,86.00,30.00,92.00,72.20,B,Pass,2025-26,Partial,,
STU04076,Nivetha,Female,11,D,Social Science,96.40,53.00,45.00,49.00,48.60,F,Pass,2025-26,Pending,,
STU04077,Arun,Male,10,D,Science,84.70,100.00,37.00,80.00,71.10,B,Pass,2025-26,Pending,,
STU04078,Madhan,Male,9,D,Social Science,96.10,76.00,40.00,26.00,40.20,F,Pass,2024-25,Partial,,
STU04079,Harini,Female,8,A,Science,78.20,55.00,49.00,28.00,39.70,F,Fail,2026-27,Paid,,
STU04080,Dinesh,Male,10,B,English,69.00,53.00,42.00,70.00,58.20,D,Pass,2024-25,Pending,,
STU04081,Pranav,Male,8,D,English,95.90,45.00,41.00,79.00,60.80,C,Pass,2025-26,Paid,,
STU04082,Dinesh,Male,9,C,English,83.40,91.00,35.00,60.00,58.70,D,Pass,2026-27,Pending,,
STU04083,Madhan,Male,12,D,Tamil,96.80,73.00,30.00,88.00,67.60,C,Pass,2025-26,Partial,,
STU04084,Priya,Female,11,A,Mathematics,80.30,60.00,42.00,68.00,58.60,D,Pass,2026-27,Partial,,
STU04085,Keerthana,Female,9,B,Social Science,84.40,93.00,30.00,69.00,62.10,C,Pass,2024-25,Paid,,
STU04086,Ajay,Male,10,D,Science,81.10,58.00,32.00,41.00,41.70,F,Pass,2026-27,Paid,,
STU04087,Swetha,Female,10,B,Social Science,79.70,58.00,45.00,91.00,70.60,B,Pass,2025-26,Paid,,
STU04088,Kavya,Female,12,B,Tamil,82.70,71.00,48.00,46.00,51.60,D,Pass,2025-26,Paid,,
STU04089,Dinesh,Male,6,D,English,100.00,59.00,48.00,29.00,40.70,F,Pass,2026-27,Pending,,
STU04090,Arun,Male,9,C,Social Science,82.30,61.00,43.00,91.00,70.60,B,Pass,2024-25,Pending,,
STU04091,Keerthana,Female,7,D,Science,76.70,86.00,45.00,86.00,73.70,B,Pass,2025-26,Pending,,
STU04092,Pavithra,Female,12,B,Mathematics,90.90,72.00,33.00,25.00,36.80,F,Fail,2025-26,Partial,,
STU04093,Pavithra,Female,11,B,Mathematics,90.30,57.00,40.00,93.00,69.90,C,Pass,2026-27,Partial,,
STU04094,Arun,Male,11,C,Mathematics,80.80,92.00,34.00,52.00,54.60,D,Pass,2025-26,Pending,,
STU04095,Nivetha,Female,12,D,English,84.00,71.00,33.00,27.00,37.60,F,Fail,2025-26,Paid,,
STU04096,Ananya,Female,12,D,Mathematics,82.60,66.00,33.00,76.00,61.10,C,Pass,2025-26,Paid,,
STU04097,Ajay,Male,12,A,Tamil,76.70,83.00,43.00,36.00,47.50,F,Pass,2024-25,Partial,,
STU04098,Ananya,Female,11,C,Science,90.00,80.00,31.00,30.00,40.30,F,Pass,2024-25,Pending,,
STU04099,Aishwarya,Female,8,A,Social Science,77.50,96.00,30.00,76.00,66.20,C,Pass,2026-27,Partial,,
STU04100,Ajay,Male,8,C,Social Science,79.30,65.00,40.00,80.00,65.00,C,Pass,2026-27,Pending,,
STU04101,Rahul,Male,12,D,English,72.60,97.00,34.00,46.00,52.60,D,Pass,2025-26,Pending,,
STU04102,Aishwarya,Female,11,A,Science,78.10,39.00,46.00,53.00,48.10,F,Pass,2024-25,Pending,,
STU04103,Sanjay,Male,12,B,Mathematics,80.00,87.00,42.00,56.00,58.00,D,Pass,2026-27,Partial,,
STU04104,Arun,Male,11,A,Mathematics,96.10,80.00,36.00,100.00,76.80,B,Pass,2026-27,Partial,,
STU04105,Sanjay,Male,11,D,Science,69.00,48.00,39.00,26.00,34.30,F,Fail,2026-27,Partial,,
STU04106,Divya,Female,11,D,Tamil,67.80,99.00,44.00,51.00,58.50,D,Pass,2024-25,Pending,,
STU04107,Madhan,Male,10,A,Science,100.00,48.00,37.00,27.00,34.20,F,Fail,2024-25,Partial,,
STU04108,Swetha,Female,10,A,English,77.20,47.00,41.00,31.00,37.20,F,Fail,2024-25,Pending,,
STU04109,Nivetha,Female,8,D,Science,91.60,64.00,33.00,44.00,44.70,F,Pass,2025-26,Paid,,
STU04110,Divya,Female,7,D,Science,81.70,99.00,44.00,75.00,70.50,B,Pass,2024-25,Paid,,
STU04111,Pavithra,Female,12,C,Science,81.50,42.00,50.00,97.00,71.90,B,Pass,2026-27,Partial,,
STU04112,Divya,Female,9,B,English,84.70,46.00,40.00,88.00,65.20,C,Pass,2024-25,Pending,,
STU04113,Sanjay,Male,7,D,Tamil,79.90,67.00,44.00,36.00,44.60,F,Pass,2025-26,Pending,,
STU04114,Sanjay,Male,8,A,Mathematics,100.00,58.00,43.00,58.00,53.50,D,Pass,2025-26,Pending,,
STU04115,Madhan,Male,12,D,Social Science,75.50,67.00,32.00,98.00,72.00,B,Pass,2024-25,Paid,,
STU04116,Aishwarya,Female,6,C,Social Science,100.00,99.00,45.00,79.00,72.80,B,Pass,2024-25,Paid,,
STU04117,Hari,Male,12,B,Science,82.20,76.00,35.00,64.00,57.70,D,Pass,2024-25,Pending,,
STU04118,Ananya,Female,11,D,Mathematics,92.00,50.00,39.00,80.00,61.70,C,Pass,2025-26,Pending,,
STU04119,Vijay,Male,9,A,English,77.10,76.00,41.00,68.00,61.50,C,Pass,2025-26,Paid,,
STU04120,Vijay,Male,12,D,English,88.50,46.00,36.00,93.00,66.50,C,Pass,2025-26,Paid,,
STU04121,Nivetha,Female,6,A,Social Science,78.00,51.00,50.00,71.00,60.70,C,Pass,2024-25,Pending,,
STU04122,Ananya,Female,8,D,Social Science,75.10,99.00,50.00,32.00,50.80,D,Pass,2026-27,Pending,,
STU04123,Arun,Male,9,B,Science,91.00,61.00,39.00,29.00,38.40,F,Fail,2026-27,Partial,,
STU04124,Madhan,Male,7,D,Social Science,86.30,48.00,37.00,44.00,42.70,F,Pass,2025-26,Pending,,
STU04125,Dinesh,Male,7,B,English,85.70,92.00,43.00,81.00,71.80,B,Pass,2025-26,Pending,,
STU04126,Aishwarya,Female,12,A,Social Science,78.40,72.00,42.00,93.00,73.50,B,Pass,2025-26,Partial,,
STU04127,Harini,Female,10,B,Social Science,78.60,59.00,32.00,50.00,46.40,F,Pass,2025-26,Pending,,
STU04128,Pavithra,Female,7,D,Science,95.20,99.00,38.00,25.00,43.70,F,Pass,2026-27,Pending,,
STU04129,Ajay,Male,11,D,Science,77.80,58.00,31.00,49.00,45.40,F,Pass,2024-25,Pending,,
STU04130,Rahul,Male,12,A,Science,76.60,92.00,49.00,26.00,46.10,F,Pass,2025-26,Paid,,
STU04131,Ananya,Female,7,B,English,86.50,47.00,46.00,27.00,36.70,F,Fail,2024-25,Pending,,
STU04132,Harini,Female,10,A,English,95.90,66.00,43.00,42.00,47.10,F,Pass,2026-27,Paid,,
STU04133,Madhan,Male,7,C,English,90.40,65.00,48.00,86.00,70.40,B,Pass,2026-27,Paid,,
STU04134,Pavithra,Female,7,C,Tamil,86.10,75.00,48.00,35.00,46.90,F,Pass,2024-25,Partial,,
STU04135,Swetha,Female,6,D,English,82.90,42.00,39.00,75.00,57.60,D,Pass,2024-25,Paid,,
STU04136,Keerthana,Female,12,B,Mathematics,91.70,98.00,47.00,41.00,54.20,D,Pass,2024-25,Pending,,
STU04137,Hari,Male,11,B,Science,86.40,66.00,40.00,30.00,40.20,F,Pass,2025-26,Paid,,
STU04138,Arun,Male,10,C,Tamil,80.90,44.00,40.00,86.00,63.80,C,Pass,2026-27,Partial,,
STU04139,Ananya,Female,9,B,Social Science,84.70,96.00,50.00,70.00,69.20,C,Pass,2024-25,Pending,,
STU04140,Swetha,Female,8,A,Social Science,79.60,62.00,43.00,95.00,72.80,B,Pass,2024-25,Pending,,
STU04141,Karthik,Male,8,A,Science,92.80,60.00,31.00,92.00,67.30,C,Pass,2026-27,Pending,,
STU04142,Sanjay,Male,12,B,Social Science,78.80,37.00,36.00,26.00,31.20,F,Fail,2026-27,Paid,,
STU04143,Arun,Male,8,D,English,79.70,35.00,50.00,47.00,45.50,F,Pass,2026-27,Pending,,
STU04144,Harini,Female,10,C,Science,83.70,56.00,32.00,54.00,47.80,F,Pass,2024-25,Pending,,
STU04145,Hari,Male,6,C,English,92.10,61.00,35.00,42.00,43.70,F,Pass,2026-27,Pending,,
STU04146,Pranav,Male,8,A,Tamil,96.30,72.00,48.00,56.00,56.80,D,Pass,2026-27,Partial,,
STU04147,Pavithra,Female,12,C,Mathematics,82.40,86.00,39.00,71.00,64.40,C,Pass,2026-27,Pending,,
STU04148,Aishwarya,Female,6,A,Science,86.20,57.00,38.00,79.00,62.30,C,Pass,2024-25,Pending,,
STU04149,Kavya,Female,12,B,Science,87.20,81.00,50.00,27.00,44.70,F,Pass,2025-26,Pending,,
STU04150,Hari,Male,9,C,Tamil,74.10,36.00,45.00,84.00,62.70,C,Pass,2024-25,Partial,,
STU04151,Rahul,Male,6,D,English,99.00,64.00,41.00,100.00,75.10,B,Pass,2026-27,Partial,,
STU04152,Sanjay,Male,7,B,English,93.50,49.00,41.00,78.00,61.10,C,Pass,2026-27,Pending,,
STU04153,Ananya,Female,6,A,Tamil,81.00,60.00,36.00,66.00,55.80,D,Pass,2024-25,Paid,,
STU04154,Keerthana,Female,7,D,Tamil,84.30,61.00,32.00,74.00,58.80,D,Pass,2026-27,Pending,,
STU04155,Ajay,Male,9,B,English,85.30,41.00,47.00,44.00,44.30,F,Pass,2024-25,Paid,,
STU04156,Karthik,Male,9,A,Science,85.00,50.00,49.00,99.00,74.20,B,Pass,2025-26,Pending,,
STU04157,Harini,Female,6,C,Tamil,70.70,81.00,30.00,95.00,72.70,B,Pass,2024-25,Partial,,
STU04158,Arun,Male,12,C,Science,73.40,91.00,37.00,70.00,64.30,C,Pass,2024-25,Pending,,
STU04159,Pranav,Male,10,C,Tamil,71.50,81.00,35.00,58.00,55.70,D,Pass,2024-25,Paid,,
STU04160,Vijay,Male,11,B,Social Science,83.90,83.00,45.00,37.00,48.60,F,Pass,2024-25,Pending,,
STU04161,Nivetha,Female,11,D,Tamil,88.50,59.00,41.00,82.00,65.10,C,Pass,2025-26,Pending,,
STU04162,Divya,Female,11,C,Social Science,93.50,40.00,41.00,85.00,62.80,C,Pass,2024-25,Pending,,
STU04163,Priya,Female,7,B,Science,91.20,98.00,41.00,45.00,54.40,D,Pass,2025-26,Paid,,
STU04164,Aishwarya,Female,9,A,Science,71.40,66.00,33.00,86.00,66.10,C,Pass,2024-25,Pending,,
STU04165,Karthik,Male,6,C,English,81.20,72.00,46.00,64.00,60.20,C,Pass,2025-26,Pending,,
STU04166,Pavithra,Female,7,A,English,77.10,91.00,32.00,85.00,70.30,B,Pass,2026-27,Pending,,
STU04167,Madhan,Male,6,D,Science,74.90,75.00,50.00,31.00,45.50,F,Pass,2026-27,Pending,,
STU04168,Ananya,Female,7,C,Tamil,77.10,50.00,50.00,36.00,43.00,F,Pass,2025-26,Pending,,
STU04169,Dinesh,Male,6,D,Tamil,87.50,49.00,33.00,41.00,40.20,F,Pass,2025-26,Paid,,
STU04170,Karthik,Male,11,A,Science,100.00,55.00,30.00,56.00,48.00,F,Pass,2025-26,Pending,,
STU04171,Nivetha,Female,12,D,Mathematics,85.60,43.00,50.00,65.00,56.10,D,Pass,2025-26,Paid,,
STU04172,Ananya,Female,11,D,Social Science,82.30,54.00,39.00,34.00,39.50,F,Fail,2024-25,Pending,,
STU04173,Priya,Female,8,B,Mathematics,97.20,43.00,33.00,57.00,47.00,F,Pass,2025-26,Pending,,
STU04174,Swetha,Female,9,B,Mathematics,78.10,53.00,34.00,54.00,47.80,F,Pass,2024-25,Partial,,
STU04175,Harini,Female,7,A,Tamil,71.40,86.00,31.00,53.00,53.00,D,Pass,2026-27,Partial,,
STU04176,Divya,Female,11,C,Social Science,87.60,54.00,37.00,60.00,51.90,D,Pass,2026-27,Pending,,
STU04177,Nivetha,Female,7,A,Science,80.20,59.00,37.00,37.00,41.40,F,Pass,2025-26,Pending,,
STU04178,Ananya,Female,9,A,Mathematics,89.50,71.00,33.00,37.00,42.60,F,Pass,2026-27,Paid,,
STU04179,Divya,Female,7,C,Science,81.20,48.00,30.00,88.00,62.60,C,Pass,2026-27,Partial,,
STU04180,Dinesh,Male,10,D,Social Science,64.40,76.00,44.00,73.00,64.90,C,Pass,2024-25,Paid,,
STU04181,Arun,Male,8,A,Mathematics,64.60,71.00,45.00,64.00,59.70,D,Pass,2025-26,Paid,,
STU04182,Sanjay,Male,11,B,Mathematics,62.50,95.00,37.00,80.00,70.10,B,Pass,2026-27,Pending,,
STU04183,Karthik,Male,11,D,Social Science,82.80,81.00,37.00,34.00,44.30,F,Pass,2026-27,Partial,,
STU04184,Nivetha,Female,6,C,Tamil,76.20,62.00,45.00,27.00,39.40,F,Fail,2024-25,Partial,,
STU04185,Hari,Male,8,D,Social Science,72.20,37.00,49.00,70.00,57.10,D,Pass,2024-25,Partial,,
STU04186,Pranav,Male,11,C,Tamil,77.20,79.00,45.00,98.00,78.30,B,Pass,2024-25,Partial,,
STU04187,Hari,Male,8,D,English,72.80,85.00,36.00,47.00,51.30,D,Pass,2025-26,Paid,,
STU04188,Divya,Female,6,C,Mathematics,89.50,39.00,50.00,73.00,59.30,D,Pass,2024-25,Partial,,
STU04189,Aishwarya,Female,11,A,Social Science,100.00,41.00,42.00,89.00,65.30,C,Pass,2024-25,Paid,,
STU04190,Vijay,Male,11,A,Science,77.10,77.00,49.00,42.00,51.10,D,Pass,2026-27,Paid,,
STU04191,Rahul,Male,7,A,English,76.50,52.00,41.00,25.00,35.20,F,Fail,2026-27,Partial,,
STU04192,Hari,Male,12,C,Science,92.10,50.00,43.00,47.00,46.40,F,Pass,2026-27,Pending,,
STU04193,Sanjay,Male,6,B,Mathematics,85.00,98.00,36.00,43.00,51.90,D,Pass,2024-25,Pending,,
STU04194,Priya,Female,11,D,Mathematics,70.70,58.00,33.00,64.00,53.50,D,Pass,2026-27,Paid,,
STU04195,Madhan,Male,8,B,Tamil,75.10,96.00,38.00,39.00,50.10,D,Pass,2025-26,Partial,,
STU04196,Divya,Female,10,C,English,84.70,78.00,31.00,67.00,58.40,D,Pass,2026-27,Paid,,
STU04197,Priya,Female,12,A,Social Science,72.00,97.00,45.00,53.00,59.40,D,Pass,2025-26,Pending,,
STU04198,Dinesh,Male,7,D,Social Science,93.50,79.00,44.00,44.00,51.00,D,Pass,2024-25,Partial,,
STU04199,Ajay,Male,11,A,English,78.30,76.00,33.00,38.00,44.10,F,Pass,2026-27,Partial,,
STU04200,Rahul,Male,11,B,Tamil,79.90,48.00,30.00,85.00,61.10,C,Pass,2025-26,Paid,,
STU04201,Ananya,Female,7,C,Science,90.00,71.00,33.00,46.00,47.10,F,Pass,2024-25,Paid,,
STU04202,Vijay,Male,7,B,Tamil,80.70,96.00,37.00,92.00,76.30,B,Pass,2025-26,Partial,,
STU04203,Ananya,Female,12,C,English,65.70,66.00,45.00,26.00,39.70,F,Fail,2026-27,Pending,,
STU04204,Aishwarya,Female,7,D,Social Science,72.40,56.00,33.00,53.00,47.60,F,Pass,2024-25,Pending,,
STU04205,Vijay,Male,9,A,Social Science,100.00,61.00,44.00,33.00,41.90,F,Pass,2025-26,Paid,,
STU04206,Karthik,Male,9,C,Mathematics,83.30,66.00,47.00,25.00,39.80,F,Fail,2024-25,Pending,,
STU04207,Pavithra,Female,11,B,Social Science,87.10,61.00,44.00,32.00,41.40,F,Pass,2026-27,Pending,,
STU04208,Swetha,Female,7,C,Mathematics,87.00,75.00,39.00,28.00,40.70,F,Pass,2025-26,Pending,,
STU04209,Arun,Male,8,B,Mathematics,71.50,51.00,36.00,58.00,50.00,D,Pass,2026-27,Partial,,
STU04210,Karthik,Male,12,A,Social Science,100.00,57.00,48.00,54.00,52.80,D,Pass,2026-27,Pending,,
STU04211,Vijay,Male,11,C,Science,55.00,56.00,40.00,90.00,68.20,C,Pass,2025-26,Partial,,
STU04212,Priya,Female,9,A,Mathematics,85.20,89.00,39.00,37.00,48.00,F,Pass,2025-26,Paid,,
STU04213,Arun,Male,9,A,Science,69.20,98.00,31.00,76.00,66.90,C,Pass,2024-25,Paid,,
STU04214,Karthik,Male,10,A,Science,90.00,46.00,33.00,100.00,69.10,C,Pass,2025-26,Pending,,
STU04215,Arun,Male,10,B,Science,83.40,59.00,38.00,32.00,39.20,F,Fail,2024-25,Pending,,
STU04216,Kavya,Female,6,D,Tamil,86.70,62.00,45.00,98.00,74.90,B,Pass,2026-27,Partial,,
STU04217,Arun,Male,9,A,Social Science,64.00,36.00,39.00,72.00,54.90,D,Pass,2026-27,Paid,,
STU04218,Dinesh,Male,7,A,Science,72.00,58.00,38.00,82.00,64.00,C,Pass,2026-27,Pending,,
STU04219,Sanjay,Male,9,C,Science,82.40,76.00,31.00,79.00,64.00,C,Pass,2025-26,Paid,,
STU04220,Pranav,Male,11,B,Science,91.40,91.00,49.00,40.00,52.90,D,Pass,2024-25,Paid,,
STU04221,Keerthana,Female,11,A,Social Science,74.90,37.00,37.00,65.00,51.00,D,Pass,2026-27,Partial,,
STU04222,Ananya,Female,10,A,Social Science,92.40,88.00,47.00,58.00,60.70,C,Pass,2025-26,Pending,,
STU04223,Nivetha,Female,11,D,Social Science,85.50,92.00,38.00,62.00,60.80,C,Pass,2024-25,Paid,,
STU04224,Harini,Female,6,C,Tamil,63.70,82.00,40.00,78.00,67.40,C,Pass,2025-26,Pending,,
STU04225,Madhan,Male,12,B,Tamil,89.40,98.00,40.00,56.00,59.60,D,Pass,2024-25,Paid,,
STU04226,Rahul,Male,8,A,Mathematics,88.70,39.00,41.00,93.00,66.60,C,Pass,2024-25,Pending,,
STU04227,Ananya,Female,10,A,Mathematics,83.70,90.00,41.00,64.00,62.30,C,Pass,2026-27,Pending,,
STU04228,Arun,Male,6,A,Mathematics,74.20,39.00,30.00,62.00,47.80,F,Pass,2026-27,Pending,,
STU04229,Nivetha,Female,8,D,Science,75.20,91.00,41.00,46.00,53.50,D,Pass,2025-26,Pending,,
STU04230,Sanjay,Male,10,B,Mathematics,80.80,85.00,43.00,42.00,50.90,D,Pass,2025-26,Pending,,
STU04231,Ananya,Female,6,B,Social Science,92.90,77.00,32.00,36.00,43.00,F,Pass,2026-27,Paid,,
STU04232,Karthik,Male,12,D,Mathematics,84.80,57.00,41.00,32.00,39.70,F,Fail,2026-27,Partial,,
STU04233,Pranav,Male,10,C,Social Science,89.30,78.00,30.00,81.00,65.10,C,Pass,2024-25,Pending,,
STU04234,Divya,Female,11,D,Mathematics,83.00,96.00,45.00,74.00,69.70,C,Pass,2024-25,Paid,,
STU04235,Rahul,Male,12,B,English,90.00,95.00,31.00,45.00,50.80,D,Pass,2025-26,Pending,,
STU04236,Divya,Female,9,C,Mathematics,89.70,70.00,42.00,100.00,76.60,B,Pass,2025-26,Pending,,
STU04237,Aishwarya,Female,10,B,Mathematics,80.30,64.00,35.00,90.00,68.30,C,Pass,2024-25,Paid,,
STU04238,Dinesh,Male,11,B,Mathematics,78.20,70.00,45.00,45.00,50.00,D,Pass,2026-27,Pending,,
STU04239,Kavya,Female,6,C,Mathematics,100.00,74.00,30.00,25.00,36.30,F,Fail,2026-27,Partial,,
STU04240,Swetha,Female,8,C,Science,78.10,65.00,48.00,44.00,49.40,F,Pass,2026-27,Partial,,
STU04241,Aishwarya,Female,11,D,Social Science,100.00,66.00,45.00,75.00,64.20,C,Pass,2026-27,Partial,,
STU04242,Swetha,Female,12,C,Social Science,84.90,95.00,36.00,82.00,70.80,B,Pass,2026-27,Paid,,
STU04243,Priya,Female,8,B,Mathematics,85.50,93.00,33.00,79.00,68.00,C,Pass,2024-25,Partial,,
STU04244,Harini,Female,9,D,Science,85.00,90.00,43.00,76.00,68.90,C,Pass,2024-25,Partial,,
STU04245,Madhan,Male,6,B,Mathematics,91.90,51.00,40.00,98.00,71.20,B,Pass,2026-27,Partial,,
STU04246,Karthik,Male,9,D,Social Science,98.40,98.00,30.00,92.00,74.60,B,Pass,2025-26,Pending,,
STU04247,Nivetha,Female,10,A,Tamil,68.60,90.00,36.00,100.00,78.80,B,Pass,2026-27,Partial,,
STU04248,Pavithra,Female,6,C,Mathematics,68.00,92.00,45.00,86.00,74.90,B,Pass,2024-25,Pending,,
STU04249,Pranav,Male,12,D,Science,85.20,81.00,30.00,35.00,42.70,F,Pass,2025-26,Pending,,
STU04250,Harini,Female,10,C,Tamil,80.80,76.00,44.00,66.00,61.40,C,Pass,2024-25,Pending,,
STU04251,Priya,Female,9,C,Mathematics,93.60,80.00,40.00,68.00,62.00,C,Pass,2026-27,Partial,,
STU04252,Swetha,Female,12,D,English,76.90,65.00,40.00,59.00,54.50,D,Pass,2024-25,Paid,,
STU04253,Ananya,Female,10,C,English,84.90,55.00,45.00,85.00,67.00,C,Pass,2024-25,Partial,,
STU04254,Dinesh,Male,9,C,Social Science,67.10,98.00,31.00,96.00,76.90,B,Pass,2026-27,Pending,,
STU04255,Ajay,Male,12,D,Tamil,84.20,38.00,50.00,48.00,46.60,F,Pass,2025-26,Pending,,
STU04256,Harini,Female,10,B,Social Science,100.00,71.00,36.00,71.00,60.50,C,Pass,2024-25,Paid,,
STU04257,Kavya,Female,12,D,Tamil,75.50,98.00,44.00,92.00,78.80,B,Pass,2025-26,Paid,,
STU04258,Pavithra,Female,6,D,Mathematics,84.90,43.00,48.00,39.00,42.50,F,Pass,2025-26,Paid,,
STU04259,Kavya,Female,8,A,Science,85.00,57.00,41.00,29.00,38.20,F,Fail,2024-25,Pending,,
STU04260,Pranav,Male,9,D,Social Science,73.30,42.00,45.00,90.00,66.90,C,Pass,2024-25,Paid,,
STU04261,Dinesh,Male,11,A,Tamil,75.50,74.00,48.00,27.00,42.70,F,Pass,2024-25,Paid,,
STU04262,Harini,Female,7,B,Science,81.00,57.00,38.00,61.00,53.30,D,Pass,2024-25,Partial,,
STU04263,Karthik,Male,11,D,Social Science,68.00,50.00,33.00,47.00,43.40,F,Pass,2026-27,Pending,,
STU04264,Harini,Female,6,B,Tamil,65.30,48.00,47.00,44.00,45.70,F,Pass,2026-27,Pending,,
STU04265,Sanjay,Male,9,C,Social Science,66.00,53.00,30.00,49.00,44.10,F,Pass,2024-25,Partial,,
STU04266,Pranav,Male,10,D,Science,100.00,90.00,50.00,99.00,82.50,A,Pass,2025-26,Paid,,
STU04267,Madhan,Male,8,B,Social Science,74.80,80.00,39.00,45.00,50.20,D,Pass,2026-27,Partial,,
STU04268,Swetha,Female,7,D,Science,67.70,65.00,39.00,95.00,72.20,B,Pass,2026-27,Pending,,
STU04269,Rahul,Male,6,B,Science,76.60,45.00,44.00,98.00,71.20,B,Pass,2024-25,Paid,,
STU04270,Keerthana,Female,8,A,Mathematics,82.90,80.00,36.00,45.00,49.30,F,Pass,2025-26,Pending,,
STU04271,Sanjay,Male,12,C,Social Science,82.30,85.00,47.00,84.00,73.10,B,Pass,2026-27,Pending,,
STU04272,Hari,Male,11,C,Social Science,93.20,45.00,35.00,92.00,65.50,C,Pass,2025-26,Pending,,
STU04273,Hari,Male,9,D,Mathematics,69.60,45.00,31.00,62.00,49.30,F,Pass,2024-25,Pending,,
STU04274,Keerthana,Female,10,D,Social Science,82.20,83.00,40.00,48.00,52.60,D,Pass,2026-27,Pending,,
STU04275,Pranav,Male,9,B,Tamil,80.40,37.00,39.00,27.00,32.60,F,Fail,2025-26,Paid,,
STU04276,Dinesh,Male,12,A,Social Science,79.20,43.00,34.00,60.00,48.80,F,Pass,2024-25,Partial,,
STU04277,Dinesh,Male,6,B,Science,73.90,47.00,39.00,75.00,58.60,D,Pass,2024-25,Pending,,
STU04278,Ananya,Female,6,B,Mathematics,91.20,61.00,32.00,35.00,39.30,F,Fail,2024-25,Paid,,
STU04279,Aishwarya,Female,8,C,Science,75.30,46.00,37.00,86.00,63.30,C,Pass,2024-25,Partial,,
STU04280,Karthik,Male,11,D,Mathematics,84.50,59.00,32.00,82.00,62.40,C,Pass,2025-26,Pending,,
STU04281,Dinesh,Male,7,A,English,96.70,91.00,36.00,83.00,70.50,B,Pass,2024-25,Paid,,
STU04282,Ananya,Female,6,A,Tamil,76.60,72.00,48.00,46.00,51.80,D,Pass,2025-26,Paid,,
STU04283,Hari,Male,10,B,English,96.30,68.00,30.00,25.00,35.10,F,Fail,2025-26,Paid,,
STU04284,Hari,Male,9,C,Mathematics,77.30,89.00,42.00,31.00,45.90,F,Pass,2024-25,Partial,,
STU04285,Divya,Female,8,B,Mathematics,79.20,70.00,45.00,35.00,45.00,F,Pass,2024-25,Partial,,
STU04286,Arun,Male,8,C,Tamil,81.20,45.00,40.00,56.00,49.00,F,Pass,2024-25,Partial,,
STU04287,Madhan,Male,8,D,Tamil,84.80,86.00,49.00,49.00,56.40,D,Pass,2026-27,Pending,,
STU04288,Pavithra,Female,10,D,Science,77.00,41.00,40.00,57.00,48.70,F,Pass,2026-27,Pending,,
STU04289,Keerthana,Female,8,D,Mathematics,90.00,57.00,39.00,76.00,61.10,C,Pass,2025-26,Paid,,
STU04290,Kavya,Female,8,D,Tamil,82.40,97.00,40.00,58.00,60.40,C,Pass,2024-25,Partial,,
STU04291,Dinesh,Male,12,D,Tamil,84.30,47.00,42.00,32.00,38.00,F,Fail,2025-26,Partial,,
STU04292,Karthik,Male,10,D,Mathematics,73.90,80.00,45.00,30.00,44.50,F,Pass,2026-27,Paid,,
STU04293,Pavithra,Female,11,D,Mathematics,87.90,72.00,32.00,63.00,55.50,D,Pass,2025-26,Partial,,
STU04294,Madhan,Male,8,B,Science,76.90,98.00,50.00,27.00,48.10,F,Pass,2026-27,Partial,,
STU04295,Pranav,Male,12,A,Tamil,79.60,91.00,46.00,78.00,71.00,B,Pass,2024-25,Pending,,
STU04296,Kavya,Female,9,A,Mathematics,86.50,53.00,38.00,33.00,38.50,F,Fail,2025-26,Partial,,
STU04297,Sanjay,Male,7,A,Science,96.50,45.00,44.00,26.00,35.20,F,Fail,2024-25,Pending,,
STU04298,Sanjay,Male,7,D,Mathematics,79.80,95.00,34.00,53.00,55.70,D,Pass,2026-27,Partial,,
STU04299,Swetha,Female,9,A,Tamil,80.00,93.00,32.00,66.00,61.20,C,Pass,2024-25,Paid,,
STU04300,Swetha,Female,6,A,Science,86.70,79.00,33.00,93.00,72.20,B,Pass,2024-25,Paid,,
STU04301,Pavithra,Female,10,C,English,55.00,81.00,44.00,80.00,69.40,C,Pass,2024-25,Partial,,
STU04302,Pavithra,Female,9,A,Science,80.80,89.00,45.00,41.00,51.80,D,Pass,2026-27,Paid,,
STU04303,Vijay,Male,10,B,Mathematics,77.70,61.00,30.00,100.00,71.20,B,Pass,2024-25,Paid,,
STU04304,Keerthana,Female,9,B,Mathematics,79.40,97.00,47.00,53.00,60.00,C,Pass,2024-25,Pending,,
STU04305,Harini,Female,12,A,Social Science,80.00,40.00,41.00,100.00,70.30,B,Pass,2026-27,Pending,,
STU04306,Pavithra,Female,11,D,Social Science,77.80,38.00,32.00,47.00,40.70,F,Pass,2026-27,Paid,,
STU04307,Swetha,Female,12,B,Tamil,71.90,36.00,47.00,94.00,68.30,C,Pass,2024-25,Paid,,
STU04308,Pavithra,Female,12,A,Tamil,79.90,86.00,50.00,46.00,55.20,D,Pass,2026-27,Paid,,
STU04309,Priya,Female,9,A,English,100.00,80.00,49.00,38.00,49.70,F,Pass,2025-26,Paid,,
STU04310,Pavithra,Female,9,A,Science,68.70,87.00,34.00,98.00,76.60,B,Pass,2025-26,Pending,,
STU04311,Priya,Female,9,A,English,83.40,83.00,46.00,87.00,73.90,B,Pass,2024-25,Paid,,
STU04312,Madhan,Male,7,B,Mathematics,74.70,70.00,41.00,30.00,41.30,F,Pass,2026-27,Paid,,
STU04313,Kavya,Female,8,A,Social Science,65.30,94.00,36.00,96.00,77.60,B,Pass,2025-26,Paid,,
STU04314,Sanjay,Male,6,A,Tamil,88.70,35.00,43.00,74.00,56.90,D,Pass,2025-26,Partial,,
STU04315,Aishwarya,Female,8,B,Social Science,82.30,35.00,38.00,80.00,58.40,D,Pass,2024-25,Paid,,
STU04316,Swetha,Female,6,D,Tamil,84.30,84.00,38.00,97.00,76.70,B,Pass,2026-27,Paid,,
STU04317,Nivetha,Female,10,A,Mathematics,77.80,41.00,50.00,65.00,55.70,D,Pass,2026-27,Partial,,
STU04318,Arun,Male,8,D,Tamil,100.00,51.00,45.00,92.00,69.70,C,Pass,2026-27,Paid,,
STU04319,Dinesh,Male,9,C,Mathematics,86.90,41.00,40.00,31.00,35.70,F,Fail,2024-25,Partial,,
STU04320,Pavithra,Female,8,C,Science,86.20,61.00,47.00,90.00,71.30,B,Pass,2024-25,Partial,,
STU04321,Keerthana,Female,9,C,Tamil,73.10,99.00,40.00,25.00,44.30,F,Pass,2025-26,Paid,,
STU04322,Nivetha,Female,7,B,Tamil,90.00,82.00,34.00,93.00,73.10,B,Pass,2025-26,Paid,,
STU04323,Nivetha,Female,6,A,English,78.30,45.00,32.00,81.00,59.10,D,Pass,2026-27,Partial,,
STU04324,Nivetha,Female,6,C,Tamil,88.70,61.00,49.00,40.00,46.90,F,Pass,2026-27,Partial,,
STU04325,Divya,Female,10,A,Mathematics,81.80,48.00,34.00,27.00,33.30,F,Fail,2026-27,Paid,,
STU04326,Harini,Female,11,A,Mathematics,63.40,82.00,32.00,67.00,59.50,D,Pass,2025-26,Partial,,
STU04327,Rahul,Male,12,B,Science,70.30,83.00,47.00,98.00,79.70,B,Pass,2026-27,Pending,,
STU04328,Priya,Female,10,D,Social Science,89.70,60.00,31.00,97.00,69.80,C,Pass,2024-25,Partial,,
STU04329,Keerthana,Female,12,B,Social Science,100.00,81.00,43.00,50.00,54.10,D,Pass,2025-26,Paid,,
STU04330,Divya,Female,7,C,Tamil,90.30,61.00,45.00,51.00,51.20,D,Pass,2026-27,Pending,,
STU04331,Vijay,Male,11,C,Social Science,85.80,63.00,43.00,74.00,62.50,C,Pass,2026-27,Pending,,
STU04332,Ajay,Male,8,B,Science,81.70,79.00,36.00,35.00,44.10,F,Pass,2026-27,Pending,,
STU04333,Kavya,Female,12,C,Mathematics,94.10,50.00,41.00,29.00,36.80,F,Fail,2026-27,Partial,,
STU04334,Divya,Female,8,D,English,78.30,48.00,47.00,82.00,64.70,C,Pass,2026-27,Partial,,
STU04335,Swetha,Female,12,B,English,98.70,51.00,36.00,26.00,34.00,F,Fail,2025-26,Paid,,
STU04336,Rahul,Male,12,B,Social Science,79.40,65.00,33.00,97.00,71.40,B,Pass,2025-26,Paid,,
STU04337,Pranav,Male,6,B,Science,83.10,74.00,37.00,94.00,72.90,B,Pass,2025-26,Pending,,
STU04338,Aishwarya,Female,8,D,Tamil,82.10,98.00,50.00,44.00,56.60,D,Pass,2025-26,Paid,,
STU04339,Dinesh,Male,8,D,Social Science,62.60,60.00,43.00,89.00,69.40,C,Pass,2024-25,Pending,,
STU04340,Dinesh,Male,7,A,Social Science,66.80,53.00,36.00,49.00,45.90,F,Pass,2024-25,Partial,,
STU04341,Ananya,Female,6,B,Mathematics,78.90,94.00,41.00,37.00,49.60,F,Pass,2026-27,Partial,,
STU04342,Keerthana,Female,6,A,Social Science,82.70,99.00,50.00,77.00,73.30,B,Pass,2024-25,Pending,,
STU04343,Aishwarya,Female,11,B,Social Science,79.80,89.00,47.00,98.00,80.90,A,Pass,2025-26,Paid,,
STU04344,Ajay,Male,12,D,Social Science,79.00,43.00,35.00,87.00,62.60,C,Pass,2026-27,Paid,,
STU04345,Keerthana,Female,8,B,Social Science,77.40,99.00,30.00,79.00,68.30,C,Pass,2026-27,Paid,,
STU04346,Kavya,Female,7,B,Mathematics,73.40,47.00,49.00,83.00,65.60,C,Pass,2026-27,Pending,,
STU04347,Rahul,Male,6,A,Social Science,88.40,35.00,49.00,94.00,68.70,C,Pass,2025-26,Partial,,
STU04348,Harini,Female,10,D,Social Science,84.60,40.00,38.00,93.00,65.90,C,Pass,2024-25,Paid,,
STU04349,Swetha,Female,12,C,Social Science,71.00,52.00,42.00,32.00,39.00,F,Fail,2024-25,Paid,,
STU04350,Karthik,Male,11,A,Science,92.70,89.00,43.00,63.00,62.20,C,Pass,2024-25,Pending,,
STU04351,Harini,Female,7,A,Social Science,69.30,62.00,44.00,92.00,71.60,B,Pass,2024-25,Partial,,
STU04352,Priya,Female,9,A,English,82.10,88.00,46.00,92.00,77.40,B,Pass,2025-26,Paid,,
STU04353,Divya,Female,8,C,Science,68.20,65.00,50.00,81.00,68.50,C,Pass,2024-25,Partial,,
STU04354,Sanjay,Male,12,B,Tamil,78.40,96.00,40.00,74.00,68.20,C,Pass,2024-25,Pending,,
STU04355,Kavya,Female,10,C,Mathematics,82.40,98.00,47.00,45.00,56.20,D,Pass,2025-26,Paid,,
STU04356,Pranav,Male,11,D,Science,100.00,90.00,34.00,29.00,42.70,F,Pass,2026-27,Pending,,
STU04357,Dinesh,Male,10,C,Science,82.00,49.00,40.00,81.00,62.30,C,Pass,2025-26,Pending,,
STU04358,Swetha,Female,7,A,Social Science,83.70,97.00,46.00,65.00,65.70,C,Pass,2025-26,Pending,,
STU04359,Pranav,Male,8,C,English,80.90,89.00,42.00,83.00,71.90,B,Pass,2024-25,Partial,,
STU04360,Madhan,Male,10,A,Science,94.80,55.00,34.00,78.00,60.20,C,Pass,2025-26,Partial,,
STU04361,Ananya,Female,9,A,Tamil,75.20,48.00,37.00,91.00,66.20,C,Pass,2024-25,Pending,,
STU04362,Hari,Male,9,B,English,97.80,52.00,36.00,93.00,67.70,C,Pass,2026-27,Partial,,
STU04363,Keerthana,Female,7,C,Mathematics,71.60,88.00,35.00,97.00,76.60,B,Pass,2025-26,Pending,,
STU04364,Arun,Male,7,C,Science,87.50,82.00,45.00,59.00,59.40,D,Pass,2026-27,Partial,,
STU04365,Hari,Male,8,B,Science,79.60,74.00,48.00,45.00,51.70,D,Pass,2025-26,Paid,,
STU04366,Priya,Female,11,C,Tamil,78.70,86.00,31.00,31.00,42.00,F,Pass,2026-27,Paid,,
STU04367,Ajay,Male,9,C,Science,80.20,90.00,32.00,61.00,58.10,D,Pass,2026-27,Paid,,
STU04368,Arun,Male,6,A,Science,79.90,85.00,41.00,100.00,79.30,B,Pass,2025-26,Pending,,
STU04369,Harini,Female,11,B,Tamil,92.70,69.00,42.00,41.00,46.90,F,Pass,2026-27,Partial,,
STU04370,Harini,Female,12,B,Tamil,85.80,75.00,35.00,41.00,46.00,F,Pass,2025-26,Partial,,
STU04371,Priya,Female,6,D,English,87.60,85.00,41.00,76.00,67.30,C,Pass,2026-27,Paid,,
STU04372,Dinesh,Male,6,D,Tamil,90.60,50.00,45.00,36.00,41.50,F,Pass,2024-25,Partial,,
STU04373,Ananya,Female,11,B,Mathematics,84.10,69.00,35.00,43.00,45.80,F,Pass,2025-26,Pending,,
STU04374,Priya,Female,8,C,Science,82.40,78.00,34.00,80.00,65.80,C,Pass,2026-27,Partial,,
STU04375,Ananya,Female,12,C,English,77.50,68.00,32.00,35.00,40.70,F,Pass,2025-26,Paid,,
STU04376,Hari,Male,8,C,English,100.00,98.00,40.00,70.00,66.60,C,Pass,2026-27,Partial,,
STU04377,Nivetha,Female,10,B,Tamil,81.80,79.00,40.00,45.00,50.30,D,Pass,2026-27,Partial,,
STU04378,Rahul,Male,6,A,Science,85.80,70.00,37.00,27.00,38.60,F,Fail,2026-27,Paid,,
STU04379,Madhan,Male,9,D,Mathematics,77.20,64.00,37.00,43.00,45.40,F,Pass,2026-27,Partial,,
STU04380,Nivetha,Female,11,D,Social Science,98.60,89.00,45.00,61.00,61.80,C,Pass,2026-27,Paid,,
STU04381,Pavithra,Female,9,B,Mathematics,70.90,70.00,49.00,86.00,71.70,B,Pass,2024-25,Partial,,
STU04382,Sanjay,Male,6,A,Science,69.20,92.00,50.00,34.00,50.40,D,Pass,2024-25,Paid,,
STU04383,Aishwarya,Female,8,C,English,77.50,66.00,32.00,73.00,59.30,D,Pass,2026-27,Pending,,
STU04384,Karthik,Male,7,B,Science,78.10,80.00,46.00,69.00,64.30,C,Pass,2026-27,Pending,,
STU04385,Vijay,Male,8,A,Tamil,76.80,46.00,41.00,92.00,67.50,C,Pass,2026-27,Pending,,
STU04386,Sanjay,Male,11,C,Science,90.00,79.00,33.00,43.00,47.20,F,Pass,2024-25,Pending,,
STU04387,Sanjay,Male,8,A,Science,77.70,37.00,43.00,52.00,46.30,F,Pass,2024-25,Partial,,
STU04388,Madhan,Male,8,C,English,70.80,76.00,44.00,94.00,75.40,B,Pass,2026-27,Partial,,
STU04389,Nivetha,Female,10,A,Science,85.90,50.00,34.00,91.00,65.70,C,Pass,2024-25,Paid,,
STU04390,Karthik,Male,7,D,Mathematics,96.80,54.00,33.00,90.00,65.70,C,Pass,2024-25,Pending,,
STU04391,Harini,Female,12,D,Social Science,75.00,94.00,50.00,83.00,75.30,B,Pass,2024-25,Pending,,
STU04392,Pranav,Male,12,A,Science,81.80,38.00,49.00,72.00,58.30,D,Pass,2026-27,Partial,,
STU04393,Ajay,Male,7,D,English,86.00,67.00,36.00,41.00,44.70,F,Pass,2025-26,Pending,,
STU04394,Keerthana,Female,6,D,Social Science,91.40,41.00,38.00,87.00,63.10,C,Pass,2024-25,Pending,,
STU04395,Dinesh,Male,10,D,Science,78.90,59.00,49.00,100.00,76.50,B,Pass,2026-27,Pending,,
STU04396,Ajay,Male,10,A,Social Science,76.90,73.00,41.00,60.00,56.90,D,Pass,2025-26,Paid,,
STU04397,Hari,Male,8,D,Social Science,85.40,53.00,49.00,27.00,38.80,F,Fail,2024-25,Pending,,
STU04398,Divya,Female,8,C,English,86.90,96.00,39.00,82.00,71.90,B,Pass,2026-27,Partial,,
STU04399,Divya,Female,8,C,English,84.40,92.00,48.00,54.00,59.80,D,Pass,2024-25,Partial,,
STU04400,Sanjay,Male,12,D,Mathematics,88.30,84.00,32.00,79.00,65.90,C,Pass,2026-27,Paid,,
STU04401,Swetha,Female,8,A,English,83.50,37.00,31.00,46.00,39.70,F,Fail,2025-26,Partial,,
STU04402,Harini,Female,11,C,Social Science,83.30,94.00,31.00,25.00,40.60,F,Pass,2025-26,Paid,,
STU04403,Pranav,Male,7,A,Science,86.80,35.00,40.00,52.00,45.00,F,Pass,2025-26,Pending,,
STU04404,Vijay,Male,11,D,Social Science,94.90,56.00,45.00,61.00,55.20,D,Pass,2026-27,Pending,,
STU04405,Vijay,Male,9,D,Mathematics,83.40,79.00,35.00,58.00,55.30,D,Pass,2024-25,Partial,,
STU04406,Keerthana,Female,12,A,Science,85.80,76.00,44.00,49.00,52.90,D,Pass,2026-27,Paid,,
STU04407,Harini,Female,8,C,Tamil,71.30,69.00,40.00,98.00,74.80,B,Pass,2026-27,Pending,,
STU04408,Sanjay,Male,11,B,Social Science,74.80,70.00,30.00,98.00,72.00,B,Pass,2026-27,Paid,,
STU04409,Pavithra,Female,11,A,Mathematics,60.40,87.00,46.00,67.00,64.70,C,Pass,2024-25,Partial,,
STU04410,Ananya,Female,8,A,Social Science,88.90,54.00,41.00,36.00,41.10,F,Pass,2026-27,Paid,,
STU04411,Rahul,Male,6,D,Science,83.30,80.00,48.00,38.00,49.40,F,Pass,2025-26,Pending,,
STU04412,Swetha,Female,9,A,Social Science,83.40,87.00,42.00,83.00,71.50,B,Pass,2026-27,Pending,,
STU04413,Karthik,Male,11,C,Tamil,80.50,35.00,32.00,25.00,29.10,F,Fail,2024-25,Pending,,
STU04414,Nivetha,Female,9,D,Mathematics,74.90,94.00,41.00,78.00,70.10,B,Pass,2026-27,Pending,,
STU04415,Pavithra,Female,7,B,Social Science,74.90,73.00,32.00,32.00,40.20,F,Pass,2025-26,Paid,,
STU04416,Aishwarya,Female,8,A,English,73.10,65.00,37.00,31.00,39.60,F,Fail,2026-27,Pending,,
STU04417,Keerthana,Female,6,C,Science,68.90,47.00,42.00,67.00,55.50,D,Pass,2024-25,Pending,,
STU04418,Arun,Male,8,B,Mathematics,66.90,56.00,47.00,25.00,37.80,F,Fail,2025-26,Partial,,
STU04419,Ajay,Male,7,B,Tamil,98.50,83.00,33.00,70.00,61.50,C,Pass,2024-25,Pending,,
STU04420,Arun,Male,9,D,Tamil,74.80,85.00,49.00,31.00,47.20,F,Pass,2024-25,Pending,,
STU04421,Ananya,Female,8,A,Mathematics,90.20,95.00,44.00,80.00,72.20,B,Pass,2026-27,Paid,,
STU04422,Madhan,Male,10,C,Science,89.50,91.00,31.00,97.00,76.00,B,Pass,2026-27,Pending,,
STU04423,Hari,Male,9,C,Social Science,78.70,54.00,34.00,90.00,66.00,C,Pass,2024-25,Paid,,
STU04424,Aishwarya,Female,10,C,Science,83.80,92.00,48.00,94.00,79.80,B,Pass,2026-27,Partial,,
STU04425,Sanjay,Male,12,B,Science,76.10,85.00,47.00,80.00,71.10,B,Pass,2024-25,Pending,,
STU04426,Aishwarya,Female,7,B,Tamil,90.30,39.00,48.00,81.00,62.70,C,Pass,2024-25,Pending,,
STU04427,Pavithra,Female,12,C,Social Science,83.80,59.00,36.00,74.00,59.60,D,Pass,2025-26,Paid,,
STU04428,Karthik,Male,12,C,Science,81.90,92.00,46.00,33.00,48.70,F,Pass,2025-26,Paid,,
STU04429,Hari,Male,7,C,Science,77.10,50.00,50.00,55.00,52.50,D,Pass,2025-26,Paid,,
STU04430,Nivetha,Female,6,C,English,94.80,62.00,33.00,72.00,58.30,D,Pass,2026-27,Pending,,
STU04431,Dinesh,Male,10,A,English,92.70,43.00,41.00,38.00,39.90,F,Fail,2026-27,Partial,,
STU04432,Rahul,Male,9,A,Tamil,91.80,70.00,44.00,31.00,42.70,F,Pass,2025-26,Pending,,
STU04433,Harini,Female,10,C,Tamil,83.90,43.00,40.00,37.00,39.10,F,Fail,2026-27,Paid,,
STU04434,Keerthana,Female,9,A,Tamil,67.00,55.00,43.00,93.00,70.40,B,Pass,2026-27,Paid,,
STU04435,Madhan,Male,10,D,Tamil,70.10,44.00,39.00,64.00,52.50,D,Pass,2024-25,Pending,,
STU04436,Swetha,Female,6,A,Science,67.50,94.00,34.00,60.00,59.00,D,Pass,2024-25,Paid,,
STU04437,Pavithra,Female,6,A,Mathematics,81.00,79.00,47.00,44.00,51.90,D,Pass,2025-26,Partial,,
STU04438,Sanjay,Male,10,D,Science,65.50,76.00,45.00,47.00,52.20,D,Pass,2025-26,Paid,,
STU04439,Rahul,Male,6,B,Tamil,71.00,87.00,32.00,82.00,68.00,C,Pass,2025-26,Partial,,
STU04440,Keerthana,Female,12,B,Mathematics,94.40,73.00,50.00,84.00,71.60,B,Pass,2025-26,Pending,,
STU04441,Madhan,Male,8,C,Social Science,87.80,81.00,32.00,98.00,74.80,B,Pass,2024-25,Paid,,
STU04442,Vijay,Male,12,D,English,79.40,62.00,38.00,42.00,44.80,F,Pass,2024-25,Pending,,
STU04443,Pavithra,Female,6,C,Social Science,76.80,89.00,46.00,47.00,55.10,D,Pass,2024-25,Partial,,
STU04444,Nivetha,Female,8,B,Mathematics,96.20,67.00,47.00,48.00,51.50,D,Pass,2024-25,Paid,,
STU04445,Karthik,Male,6,C,Mathematics,68.60,47.00,41.00,38.00,40.70,F,Pass,2024-25,Partial,,
STU04446,Nivetha,Female,12,B,English,83.90,61.00,45.00,71.00,61.20,C,Pass,2024-25,Partial,,
STU04447,Madhan,Male,9,B,Tamil,61.20,75.00,34.00,53.00,51.70,D,Pass,2024-25,Pending,,
STU04448,Sanjay,Male,11,B,Tamil,86.90,61.00,48.00,69.00,61.10,C,Pass,2026-27,Pending,,
STU04449,Nivetha,Female,9,B,Social Science,88.60,63.00,41.00,27.00,38.40,F,Fail,2024-25,Pending,,
STU04450,Nivetha,Female,12,C,Social Science,82.30,40.00,39.00,91.00,65.20,C,Pass,2024-25,Partial,,
STU04451,Ananya,Female,9,B,Social Science,75.10,79.00,46.00,81.00,70.10,B,Pass,2026-27,Paid,,
STU04452,Dinesh,Male,6,D,English,88.60,81.00,46.00,84.00,72.00,B,Pass,2026-27,Paid,,
STU04453,Ananya,Female,10,A,Mathematics,78.80,52.00,43.00,43.00,44.80,F,Pass,2024-25,Partial,,
STU04454,Ajay,Male,9,C,Tamil,86.30,43.00,32.00,72.00,54.20,D,Pass,2024-25,Paid,,
STU04455,Ananya,Female,12,B,Mathematics,84.00,71.00,44.00,86.00,70.40,B,Pass,2025-26,Pending,,
STU04456,Priya,Female,11,D,Tamil,63.30,65.00,44.00,100.00,76.20,B,Pass,2026-27,Partial,,
STU04457,Ananya,Female,10,A,Mathematics,82.10,44.00,35.00,44.00,41.30,F,Pass,2026-27,Paid,,
STU04458,Nivetha,Female,9,C,English,88.40,97.00,42.00,59.00,61.50,C,Pass,2025-26,Pending,,
STU04459,Vijay,Male,11,C,Science,85.40,36.00,47.00,51.00,46.80,F,Pass,2025-26,Pending,,
STU04460,Harini,Female,12,B,Social Science,87.00,84.00,33.00,51.00,52.20,D,Pass,2026-27,Paid,,
STU04461,Divya,Female,10,D,Tamil,91.20,60.00,49.00,58.00,55.70,D,Pass,2025-26,Paid,,
STU04462,Ajay,Male,11,B,Social Science,76.60,54.00,49.00,43.00,47.00,F,Pass,2024-25,Pending,,
STU04463,Madhan,Male,10,D,Tamil,79.80,99.00,41.00,88.00,76.10,B,Pass,2024-25,Paid,,
STU04464,Ajay,Male,11,B,Tamil,88.00,81.00,42.00,67.00,62.30,C,Pass,2026-27,Partial,,
STU04465,Keerthana,Female,8,A,Social Science,75.70,52.00,36.00,65.00,53.70,D,Pass,2024-25,Partial,,
STU04466,Hari,Male,10,D,Tamil,87.70,43.00,32.00,25.00,30.70,F,Fail,2025-26,Paid,,
STU04467,Kavya,Female,11,B,English,81.30,87.00,46.00,28.00,45.20,F,Pass,2026-27,Partial,,
STU04468,Aishwarya,Female,11,C,Mathematics,79.80,69.00,36.00,87.00,68.10,C,Pass,2024-25,Paid,,
STU04469,Vijay,Male,9,D,Science,86.20,63.00,32.00,100.00,72.20,B,Pass,2024-25,Partial,,
STU04470,Sanjay,Male,7,C,English,76.50,40.00,48.00,85.00,64.90,C,Pass,2026-27,Pending,,
STU04471,Swetha,Female,10,C,English,85.80,39.00,32.00,92.00,63.40,C,Pass,2026-27,Pending,,
STU04472,Pavithra,Female,7,A,English,85.40,48.00,33.00,45.00,42.00,F,Pass,2025-26,Pending,,
STU04473,Harini,Female,9,A,English,96.20,48.00,34.00,34.00,36.80,F,Fail,2025-26,Partial,,
STU04474,Dinesh,Male,12,A,Mathematics,87.40,57.00,37.00,42.00,43.50,F,Pass,2025-26,Pending,,
STU04475,Karthik,Male,10,C,Social Science,82.80,62.00,30.00,58.00,50.40,D,Pass,2024-25,Pending,,
STU04476,Keerthana,Female,12,D,English,80.00,85.00,32.00,95.00,74.10,B,Pass,2026-27,Paid,,
STU04477,Madhan,Male,8,B,Tamil,83.80,43.00,44.00,48.00,45.80,F,Pass,2025-26,Paid,,
STU04478,Ajay,Male,12,B,English,81.20,59.00,47.00,27.00,39.40,F,Fail,2024-25,Paid,,
STU04479,Ananya,Female,7,A,Social Science,74.60,46.00,49.00,64.00,55.90,D,Pass,2024-25,Paid,,
STU04480,Swetha,Female,10,D,Tamil,71.50,65.00,42.00,29.00,40.10,F,Pass,2025-26,Pending,,
STU04481,Dinesh,Male,7,A,Mathematics,71.80,35.00,43.00,51.00,45.40,F,Pass,2026-27,Partial,,
STU04482,Priya,Female,7,B,Mathematics,93.60,38.00,33.00,76.00,55.50,D,Pass,2026-27,Paid,,
STU04483,Keerthana,Female,8,A,Tamil,74.80,69.00,42.00,40.00,46.40,F,Pass,2025-26,Paid,,
STU04484,Pranav,Male,11,A,Mathematics,99.50,47.00,36.00,53.00,46.70,F,Pass,2026-27,Paid,,
STU04485,Madhan,Male,9,D,English,100.00,54.00,39.00,25.00,35.00,F,Fail,2025-26,Pending,,
STU04486,Rahul,Male,8,D,Science,88.80,78.00,37.00,55.00,54.20,D,Pass,2026-27,Paid,,
STU04487,Ajay,Male,7,C,Science,80.80,47.00,48.00,65.00,56.30,D,Pass,2026-27,Paid,,
STU04488,Arun,Male,12,C,Tamil,89.00,85.00,34.00,73.00,63.70,C,Pass,2025-26,Pending,,
STU04489,Karthik,Male,11,C,Science,67.70,69.00,42.00,71.00,61.90,C,Pass,2024-25,Paid,,
STU04490,Madhan,Male,8,C,Mathematics,80.20,100.00,39.00,74.00,68.70,C,Pass,2026-27,Pending,,
STU04491,Arun,Male,6,A,Social Science,88.90,35.00,33.00,73.00,53.40,D,Pass,2025-26,Paid,,
STU04492,Ajay,Male,11,A,Social Science,82.90,49.00,45.00,69.00,57.80,D,Pass,2024-25,Pending,,
STU04493,Divya,Female,11,B,Science,86.40,80.00,30.00,60.00,55.00,D,Pass,2025-26,Paid,,
STU04494,Keerthana,Female,11,B,Social Science,71.80,71.00,36.00,80.00,65.00,C,Pass,2025-26,Pending,,
STU04495,Keerthana,Female,6,B,Tamil,80.80,97.00,32.00,28.00,43.00,F,Pass,2024-25,Pending,,
STU04496,Priya,Female,8,D,Science,100.00,72.00,32.00,57.00,52.50,D,Pass,2025-26,Paid,,
STU04497,Divya,Female,11,D,Mathematics,80.10,72.00,41.00,99.00,76.20,B,Pass,2025-26,Pending,,
STU04498,Hari,Male,6,A,English,85.10,37.00,43.00,99.00,69.80,C,Pass,2025-26,Pending,,
STU04499,Priya,Female,8,D,Mathematics,89.20,52.00,48.00,57.00,53.30,D,Pass,2024-25,Pending,,
STU04500,Arun,Male,12,A,Social Science,90.20,55.00,38.00,66.00,55.40,D,Pass,2024-25,Partial,,
STU04501,Sanjay,Male,11,D,Mathematics,76.70,60.00,43.00,25.00,37.40,F,Fail,2025-26,Pending,,
STU04502,Dinesh,Male,6,D,Tamil,84.00,56.00,35.00,71.00,57.20,D,Pass,2024-25,Pending,,
STU04503,Priya,Female,11,A,English,81.90,88.00,35.00,48.00,52.10,D,Pass,2026-27,Paid,,
STU04504,Harini,Female,6,D,Mathematics,86.40,69.00,31.00,37.00,41.60,F,Pass,2025-26,Paid,,
STU04505,Kavya,Female,6,C,Social Science,81.30,49.00,44.00,49.00,47.50,F,Pass,2026-27,Paid,,
STU04506,Madhan,Male,11,D,Social Science,88.00,48.00,30.00,94.00,65.60,C,Pass,2024-25,Partial,,
STU04507,Nivetha,Female,9,A,English,88.60,83.00,39.00,74.00,65.30,C,Pass,2025-26,Partial,,
STU04508,Pavithra,Female,9,C,Science,65.90,80.00,42.00,46.00,51.60,D,Pass,2025-26,Paid,,
STU04509,Nivetha,Female,6,A,Mathematics,82.40,54.00,41.00,84.00,65.10,C,Pass,2024-25,Partial,,
STU04510,Hari,Male,9,A,Tamil,100.00,53.00,46.00,69.00,58.90,D,Pass,2026-27,Pending,,
STU04511,Sanjay,Male,7,B,Mathematics,79.80,66.00,35.00,94.00,70.70,B,Pass,2025-26,Pending,,
STU04512,Hari,Male,12,A,Social Science,77.00,39.00,41.00,48.00,44.10,F,Pass,2026-27,Paid,,
STU04513,Pranav,Male,7,A,Science,61.10,63.00,31.00,54.00,48.90,F,Pass,2026-27,Partial,,
STU04514,Ananya,Female,6,D,Science,83.50,94.00,42.00,100.00,81.40,A,Pass,2024-25,Partial,,
STU04515,Madhan,Male,12,A,Tamil,72.90,47.00,48.00,83.00,65.30,C,Pass,2024-25,Partial,,
STU04516,Pavithra,Female,8,C,Mathematics,99.00,70.00,30.00,80.00,63.00,C,Pass,2026-27,Paid,,
STU04517,Priya,Female,10,D,Science,69.50,74.00,37.00,39.00,45.40,F,Pass,2026-27,Partial,,
STU04518,Nivetha,Female,9,D,Science,84.30,75.00,49.00,84.00,71.70,B,Pass,2026-27,Paid,,
STU04519,Keerthana,Female,11,D,English,87.80,56.00,38.00,54.00,49.60,F,Pass,2025-26,Paid,,
STU04520,Madhan,Male,6,A,Mathematics,91.70,87.00,42.00,66.00,63.00,C,Pass,2026-27,Paid,,
STU04521,Divya,Female,11,B,Mathematics,89.60,85.00,46.00,54.00,57.80,D,Pass,2024-25,Partial,,
STU04522,Swetha,Female,12,A,Science,100.00,39.00,41.00,36.00,38.10,F,Fail,2026-27,Paid,,
STU04523,Ananya,Female,7,C,English,89.00,65.00,44.00,57.00,54.70,D,Pass,2026-27,Partial,,
STU04524,Dinesh,Male,7,A,Tamil,74.10,62.00,32.00,92.00,68.00,C,Pass,2025-26,Paid,,
STU04525,Divya,Female,7,C,Science,78.10,53.00,43.00,40.00,43.50,F,Pass,2024-25,Paid,,
STU04526,Pavithra,Female,9,B,Tamil,64.30,91.00,36.00,57.00,57.50,D,Pass,2025-26,Partial,,
STU04527,Priya,Female,11,C,Mathematics,95.50,76.00,41.00,78.00,66.50,C,Pass,2025-26,Pending,,
STU04528,Karthik,Male,11,A,Science,94.90,100.00,47.00,66.00,67.10,C,Pass,2026-27,Paid,,
STU04529,Swetha,Female,7,D,Tamil,100.00,69.00,37.00,95.00,72.40,B,Pass,2024-25,Paid,,
STU04530,Sanjay,Male,10,C,Science,83.70,99.00,33.00,76.00,67.70,C,Pass,2025-26,Pending,,
STU04531,Hari,Male,10,A,Mathematics,91.50,39.00,34.00,61.00,48.50,F,Pass,2025-26,Pending,,
STU04532,Hari,Male,10,B,Science,74.80,43.00,44.00,51.00,47.30,F,Pass,2025-26,Partial,,
STU04533,Ananya,Female,12,D,English,82.90,60.00,32.00,58.00,50.60,D,Pass,2026-27,Paid,,
STU04534,Hari,Male,6,B,Science,71.40,52.00,34.00,100.00,70.60,B,Pass,2026-27,Paid,,
STU04535,Sanjay,Male,8,A,English,100.00,64.00,38.00,97.00,72.70,B,Pass,2024-25,Partial,,
STU04536,Ajay,Male,8,D,Science,82.40,67.00,48.00,48.00,51.80,D,Pass,2026-27,Pending,,
STU04537,Hari,Male,11,D,Social Science,84.50,64.00,45.00,41.00,46.80,F,Pass,2026-27,Paid,,
STU04538,Aishwarya,Female,6,A,Mathematics,75.70,79.00,36.00,99.00,76.10,B,Pass,2024-25,Pending,,
STU04539,Arun,Male,7,A,English,79.10,41.00,50.00,55.00,50.70,D,Pass,2024-25,Partial,,
STU04540,Divya,Female,11,D,Social Science,84.20,93.00,42.00,26.00,44.20,F,Pass,2024-25,Partial,,
STU04541,Harini,Female,10,A,Science,93.90,67.00,46.00,90.00,72.20,B,Pass,2024-25,Paid,,
STU04542,Ananya,Female,7,A,Science,100.00,96.00,47.00,34.00,50.30,D,Pass,2024-25,Partial,,
STU04543,Dinesh,Male,10,B,Social Science,76.70,63.00,31.00,96.00,69.90,C,Pass,2024-25,Paid,,
STU04544,Aishwarya,Female,6,C,Science,74.80,79.00,37.00,100.00,76.90,B,Pass,2025-26,Paid,,
STU04545,Kavya,Female,10,B,English,98.30,40.00,44.00,46.00,44.20,F,Pass,2026-27,Pending,,
STU04546,Divya,Female,12,A,Mathematics,76.30,90.00,35.00,54.00,55.50,D,Pass,2024-25,Partial,,
STU04547,Pavithra,Female,10,A,Tamil,78.50,97.00,31.00,35.00,46.20,F,Pass,2025-26,Partial,,
STU04548,Vijay,Male,10,A,Mathematics,74.70,72.00,44.00,38.00,46.60,F,Pass,2024-25,Paid,,
STU04549,Ajay,Male,7,C,Social Science,70.80,86.00,35.00,52.00,53.70,D,Pass,2025-26,Partial,,
STU04550,Divya,Female,9,B,English,85.90,92.00,44.00,77.00,70.10,B,Pass,2024-25,Partial,,
STU04551,Priya,Female,10,C,Tamil,79.20,41.00,43.00,71.00,56.60,D,Pass,2025-26,Pending,,
STU04552,Ajay,Male,10,C,English,72.20,88.00,42.00,56.00,58.20,D,Pass,2026-27,Paid,,
STU04553,Nivetha,Female,9,A,Social Science,81.00,96.00,44.00,86.00,75.40,B,Pass,2026-27,Pending,,
STU04554,Kavya,Female,7,C,Mathematics,89.00,99.00,37.00,77.00,69.40,C,Pass,2024-25,Partial,,
STU04555,Dinesh,Male,8,C,Social Science,97.40,59.00,49.00,73.00,63.00,C,Pass,2024-25,Pending,,
STU04556,Sanjay,Male,8,C,Tamil,66.80,58.00,41.00,74.00,60.90,C,Pass,2025-26,Partial,,
STU04557,Vijay,Male,6,D,Social Science,86.20,44.00,42.00,38.00,40.40,F,Pass,2026-27,Paid,,
STU04558,Dinesh,Male,11,D,English,90.00,55.00,48.00,62.00,56.40,D,Pass,2024-25,Paid,,
STU04559,Sanjay,Male,7,D,Mathematics,86.90,36.00,46.00,73.00,57.50,D,Pass,2025-26,Pending,,
STU04560,Arun,Male,10,D,Tamil,85.10,94.00,30.00,88.00,71.80,B,Pass,2026-27,Partial,,
STU04561,Madhan,Male,12,B,Tamil,83.30,39.00,35.00,85.00,60.80,C,Pass,2025-26,Partial,,
STU04562,Keerthana,Female,8,A,Tamil,95.90,86.00,41.00,82.00,70.50,B,Pass,2025-26,Pending,,
STU04563,Pavithra,Female,8,D,English,73.60,36.00,45.00,25.00,33.20,F,Fail,2025-26,Pending,,
STU04564,Pranav,Male,8,D,English,72.50,71.00,33.00,31.00,39.60,F,Fail,2026-27,Pending,,
STU04565,Arun,Male,11,D,Science,86.80,43.00,40.00,49.00,45.10,F,Pass,2024-25,Pending,,
STU04566,Swetha,Female,6,B,Mathematics,73.00,72.00,41.00,73.00,63.20,C,Pass,2026-27,Pending,,
STU04567,Hari,Male,6,C,English,83.90,84.00,49.00,82.00,72.50,B,Pass,2025-26,Pending,,
STU04568,Nivetha,Female,8,D,Tamil,97.20,84.00,47.00,49.00,55.40,D,Pass,2025-26,Paid,,
STU04569,Ananya,Female,8,B,English,90.70,74.00,49.00,100.00,79.50,B,Pass,2025-26,Partial,,
STU04570,Swetha,Female,11,A,Social Science,72.90,49.00,46.00,84.00,65.60,C,Pass,2025-26,Partial,,
STU04571,Sanjay,Male,6,C,Tamil,91.90,74.00,46.00,81.00,69.10,C,Pass,2025-26,Pending,,
STU04572,Vijay,Male,12,D,Tamil,100.00,65.00,44.00,32.00,42.20,F,Pass,2024-25,Paid,,
STU04573,Arun,Male,10,C,Mathematics,87.10,55.00,32.00,50.00,45.60,F,Pass,2025-26,Partial,,
STU04574,Nivetha,Female,12,D,Social Science,100.00,38.00,31.00,85.00,59.40,D,Pass,2024-25,Pending,,
STU04575,Swetha,Female,12,D,English,85.20,61.00,43.00,69.00,59.60,D,Pass,2025-26,Partial,,
STU04576,Dinesh,Male,11,A,Mathematics,80.70,48.00,31.00,61.00,49.40,F,Pass,2024-25,Paid,,
STU04577,Pavithra,Female,9,D,Science,95.60,60.00,34.00,41.00,42.70,F,Pass,2025-26,Partial,,
STU04578,Pavithra,Female,7,D,Tamil,81.70,88.00,45.00,65.00,63.60,C,Pass,2025-26,Pending,,
STU04579,Vijay,Male,6,C,Mathematics,81.80,55.00,47.00,60.00,55.10,D,Pass,2025-26,Paid,,
STU04580,Ajay,Male,12,D,Science,84.20,70.00,33.00,55.00,51.40,D,Pass,2026-27,Pending,,
STU04581,Pavithra,Female,8,D,Social Science,71.50,36.00,46.00,86.00,64.00,C,Pass,2026-27,Pending,,
STU04582,Madhan,Male,6,C,Tamil,73.90,65.00,40.00,99.00,74.50,B,Pass,2024-25,Partial,,
STU04583,Kavya,Female,6,C,Mathematics,81.50,93.00,31.00,82.00,68.90,C,Pass,2024-25,Pending,,
STU04584,Harini,Female,8,B,Science,90.10,87.00,32.00,32.00,43.00,F,Pass,2026-27,Pending,,
STU04585,Pavithra,Female,12,B,Social Science,60.60,93.00,40.00,36.00,48.60,F,Pass,2026-27,Paid,,
STU04586,Sanjay,Male,9,A,English,85.40,92.00,47.00,46.00,55.50,D,Pass,2026-27,Paid,,
STU04587,Pranav,Male,9,A,Tamil,68.60,98.00,45.00,83.00,74.60,B,Pass,2024-25,Partial,,
STU04588,Nivetha,Female,6,A,English,76.70,62.00,49.00,47.00,50.60,D,Pass,2025-26,Pending,,
STU04589,Kavya,Female,9,C,Science,83.70,96.00,45.00,33.00,49.20,F,Pass,2026-27,Pending,,
STU04590,Ajay,Male,9,D,Social Science,78.00,87.00,32.00,76.00,65.00,C,Pass,2024-25,Paid,,
STU04591,Priya,Female,12,A,English,88.60,87.00,34.00,63.00,59.10,D,Pass,2026-27,Partial,,
STU04592,Harini,Female,6,C,Science,82.40,85.00,41.00,60.00,59.30,D,Pass,2026-27,Pending,,
STU04593,Ananya,Female,12,C,English,75.80,66.00,38.00,97.00,73.10,B,Pass,2026-27,Pending,,
STU04594,Divya,Female,7,A,Science,86.90,83.00,35.00,31.00,42.60,F,Pass,2026-27,Partial,,
STU04595,Karthik,Male,11,B,Social Science,66.10,99.00,35.00,93.00,76.80,B,Pass,2024-25,Paid,,
STU04596,Arun,Male,8,B,Science,67.80,76.00,30.00,61.00,54.70,D,Pass,2026-27,Pending,,
STU04597,Aishwarya,Female,9,D,Social Science,100.00,56.00,36.00,49.00,46.50,F,Pass,2024-25,Pending,,
STU04598,Sanjay,Male,6,C,Tamil,87.60,75.00,50.00,83.00,71.50,B,Pass,2025-26,Partial,,
STU04599,Keerthana,Female,9,D,Social Science,65.20,57.00,45.00,82.00,65.90,C,Pass,2026-27,Partial,,
STU04600,Rahul,Male,7,B,Mathematics,91.60,90.00,49.00,64.00,64.70,C,Pass,2024-25,Paid,,
STU04601,Hari,Male,8,C,Mathematics,57.70,45.00,43.00,47.00,45.40,F,Pass,2026-27,Partial,,
STU04602,Ananya,Female,11,D,Mathematics,90.30,43.00,30.00,52.00,43.60,F,Pass,2024-25,Partial,,
STU04603,Divya,Female,11,D,English,75.00,82.00,34.00,52.00,52.60,D,Pass,2025-26,Partial,,
STU04604,Nivetha,Female,11,C,Mathematics,69.60,89.00,32.00,41.00,47.90,F,Pass,2026-27,Paid,,
STU04605,Hari,Male,8,D,Science,77.20,73.00,31.00,34.00,40.90,F,Pass,2026-27,Partial,,
STU04606,Hari,Male,10,A,Mathematics,72.50,61.00,40.00,52.00,50.20,D,Pass,2025-26,Partial,,
STU04607,Keerthana,Female,8,D,English,87.90,89.00,50.00,25.00,45.30,F,Pass,2025-26,Partial,,
STU04608,Rahul,Male,12,C,Science,71.20,77.00,32.00,56.00,53.00,D,Pass,2026-27,Pending,,
STU04609,Dinesh,Male,11,C,Social Science,99.20,75.00,30.00,72.00,60.00,C,Pass,2026-27,Partial,,
STU04610,Sanjay,Male,6,C,Mathematics,92.60,69.00,43.00,69.00,61.20,C,Pass,2024-25,Paid,,
STU04611,Ajay,Male,10,A,Science,92.90,79.00,48.00,83.00,71.70,B,Pass,2024-25,Partial,,
STU04612,Keerthana,Female,8,B,Tamil,90.80,64.00,33.00,65.00,55.20,D,Pass,2026-27,Pending,,
STU04613,Harini,Female,7,C,Mathematics,95.10,37.00,40.00,57.00,47.90,F,Pass,2026-27,Paid,,
STU04614,Madhan,Male,7,B,Tamil,71.40,80.00,31.00,85.00,67.80,C,Pass,2026-27,Pending,,
STU04615,Arun,Male,12,C,English,65.10,65.00,38.00,51.00,49.90,F,Pass,2024-25,Partial,,
STU04616,Ajay,Male,7,A,Mathematics,72.40,81.00,41.00,69.00,63.00,C,Pass,2026-27,Pending,,
STU04617,Hari,Male,8,D,Mathematics,75.10,91.00,47.00,53.00,58.80,D,Pass,2024-25,Partial,,
STU04618,Madhan,Male,10,C,English,88.10,44.00,30.00,99.00,67.30,C,Pass,2026-27,Pending,,
STU04619,Hari,Male,10,C,Science,70.20,58.00,46.00,26.00,38.40,F,Fail,2026-27,Partial,,
STU04620,Pavithra,Female,7,B,Social Science,78.40,92.00,46.00,50.00,57.20,D,Pass,2024-25,Partial,,
STU04621,Hari,Male,10,D,Mathematics,72.90,72.00,42.00,27.00,40.50,F,Pass,2025-26,Pending,,
STU04622,Swetha,Female,7,C,Science,72.20,94.00,30.00,51.00,53.30,D,Pass,2024-25,Pending,,
STU04623,Hari,Male,12,D,Mathematics,63.60,41.00,48.00,95.00,70.10,B,Pass,2024-25,Partial,,
STU04624,Arun,Male,9,C,English,79.60,40.00,38.00,76.00,57.40,D,Pass,2026-27,Paid,,
STU04625,Harini,Female,7,A,Science,92.30,67.00,45.00,88.00,70.90,B,Pass,2024-25,Partial,,
STU04626,Arun,Male,7,C,Mathematics,62.10,69.00,30.00,86.00,65.80,C,Pass,2024-25,Partial,,
STU04627,Madhan,Male,9,A,Social Science,72.50,35.00,33.00,33.00,33.40,F,Fail,2024-25,Paid,,
STU04628,Ajay,Male,9,B,Social Science,68.40,44.00,42.00,57.00,49.90,F,Pass,2024-25,Pending,,
STU04629,Ajay,Male,9,D,Mathematics,51.50,97.00,48.00,53.00,60.30,C,Pass,2025-26,Paid,,
STU04630,Nivetha,Female,9,C,English,85.20,38.00,47.00,56.00,49.70,F,Pass,2024-25,Partial,,
STU04631,Arun,Male,11,A,Tamil,81.70,63.00,35.00,36.00,41.10,F,Pass,2025-26,Paid,,
STU04632,Arun,Male,12,D,Mathematics,77.90,43.00,42.00,73.00,57.70,D,Pass,2026-27,Partial,,
STU04633,Priya,Female,6,D,Tamil,83.80,65.00,33.00,75.00,60.40,C,Pass,2025-26,Paid,,
STU04634,Vijay,Male,12,C,Science,76.60,67.00,38.00,85.00,67.30,C,Pass,2024-25,Paid,,
STU04635,Ananya,Female,12,D,Tamil,59.10,65.00,45.00,83.00,68.00,C,Pass,2026-27,Partial,,
STU04636,Karthik,Male,8,A,Social Science,92.80,50.00,31.00,32.00,35.30,F,Fail,2025-26,Paid,,
STU04637,Hari,Male,11,C,Science,64.60,40.00,33.00,37.00,36.40,F,Fail,2025-26,Paid,,
STU04638,Swetha,Female,8,D,Science,65.50,77.00,47.00,72.00,65.50,C,Pass,2025-26,Pending,,
STU04639,Kavya,Female,6,B,English,73.10,75.00,50.00,100.00,80.00,A,Pass,2026-27,Pending,,
STU04640,Kavya,Female,6,A,Social Science,88.60,62.00,45.00,92.00,71.90,B,Pass,2025-26,Partial,,
STU04641,Nivetha,Female,7,B,Tamil,74.00,62.00,36.00,58.00,52.20,D,Pass,2024-25,Paid,,
STU04642,Kavya,Female,12,B,Tamil,80.00,94.00,31.00,25.00,40.60,F,Pass,2024-25,Paid,,
STU04643,Pavithra,Female,8,C,Mathematics,75.70,90.00,39.00,36.00,47.70,F,Pass,2025-26,Paid,,
STU04644,Pranav,Male,6,A,Science,84.20,53.00,50.00,50.00,50.60,D,Pass,2024-25,Paid,,
STU04645,Aishwarya,Female,7,A,Science,84.00,84.00,37.00,56.00,55.90,D,Pass,2024-25,Partial,,
STU04646,Sanjay,Male,10,A,Social Science,76.10,100.00,43.00,35.00,50.40,D,Pass,2024-25,Paid,,
STU04647,Aishwarya,Female,6,C,Mathematics,79.80,85.00,40.00,84.00,71.00,B,Pass,2025-26,Paid,,
STU04648,Karthik,Male,7,D,Tamil,75.10,86.00,46.00,38.00,50.00,D,Pass,2024-25,Partial,,
STU04649,Dinesh,Male,9,D,English,86.50,77.00,34.00,78.00,64.60,C,Pass,2025-26,Paid,,
STU04650,Divya,Female,6,A,Science,79.30,35.00,42.00,93.00,66.10,C,Pass,2025-26,Partial,,
STU04651,Harini,Female,9,C,Tamil,76.70,79.00,49.00,64.00,62.50,C,Pass,2025-26,Partial,,
STU04652,Priya,Female,11,D,Mathematics,100.00,58.00,40.00,47.00,47.10,F,Pass,2025-26,Pending,,
STU04653,Swetha,Female,10,D,Science,84.70,82.00,32.00,74.00,63.00,C,Pass,2026-27,Pending,,
STU04654,Rahul,Male,11,B,English,75.40,96.00,30.00,37.00,46.70,F,Pass,2025-26,Partial,,
STU04655,Madhan,Male,8,A,Science,87.20,79.00,50.00,37.00,49.30,F,Pass,2026-27,Partial,,
STU04656,Priya,Female,7,B,Tamil,64.50,74.00,45.00,87.00,71.80,B,Pass,2024-25,Pending,,
STU04657,Divya,Female,11,A,Mathematics,72.80,79.00,50.00,54.00,57.80,D,Pass,2024-25,Partial,,
STU04658,Divya,Female,9,B,Social Science,71.00,37.00,43.00,48.00,44.30,F,Pass,2026-27,Partial,,
STU04659,Pranav,Male,11,D,Science,99.70,59.00,30.00,98.00,69.80,C,Pass,2026-27,Paid,,
STU04660,Divya,Female,11,B,Mathematics,88.20,60.00,38.00,97.00,71.90,B,Pass,2024-25,Pending,,
STU04661,Pranav,Male,9,A,Social Science,68.20,66.00,39.00,87.00,68.40,C,Pass,2024-25,Pending,,
STU04662,Divya,Female,11,D,Science,82.10,84.00,34.00,37.00,45.50,F,Pass,2026-27,Pending,,
STU04663,Priya,Female,6,D,Mathematics,76.70,60.00,34.00,75.00,59.70,D,Pass,2026-27,Paid,,
STU04664,Aishwarya,Female,9,A,Social Science,82.00,57.00,48.00,67.00,59.30,D,Pass,2024-25,Pending,,
STU04665,Hari,Male,11,A,Social Science,79.00,54.00,42.00,42.00,44.40,F,Pass,2025-26,Pending,,
STU04666,Rahul,Male,6,B,Mathematics,89.30,47.00,34.00,96.00,67.60,C,Pass,2025-26,Pending,,
STU04667,Priya,Female,8,A,Mathematics,86.10,67.00,38.00,84.00,66.80,C,Pass,2025-26,Pending,,
STU04668,Vijay,Male,8,D,Social Science,68.70,86.00,46.00,67.00,64.50,C,Pass,2024-25,Pending,,
STU04669,Karthik,Male,9,C,Tamil,74.70,53.00,50.00,95.00,73.10,B,Pass,2025-26,Pending,,
STU04670,Pavithra,Female,6,C,Tamil,83.80,37.00,41.00,81.00,60.20,C,Pass,2025-26,Partial,,
STU04671,Aishwarya,Female,6,D,Science,71.20,73.00,33.00,53.00,51.00,D,Pass,2026-27,Partial,,
STU04672,Karthik,Male,7,D,Science,88.00,40.00,45.00,93.00,68.00,C,Pass,2024-25,Paid,,
STU04673,Kavya,Female,8,B,English,90.30,71.00,47.00,93.00,74.80,B,Pass,2024-25,Pending,,
STU04674,Rahul,Male,8,B,Mathematics,77.40,48.00,45.00,79.00,62.60,C,Pass,2026-27,Pending,,
STU04675,Swetha,Female,6,C,Tamil,95.60,48.00,31.00,37.00,37.40,F,Fail,2025-26,Partial,,
STU04676,Priya,Female,10,A,English,92.30,99.00,50.00,55.00,62.30,C,Pass,2025-26,Partial,,
STU04677,Harini,Female,10,A,Tamil,89.50,52.00,44.00,87.00,67.10,C,Pass,2026-27,Paid,,
STU04678,Swetha,Female,11,C,English,90.50,35.00,48.00,37.00,39.90,F,Fail,2026-27,Pending,,
STU04679,Harini,Female,9,C,Tamil,82.50,59.00,30.00,93.00,67.30,C,Pass,2026-27,Partial,,
STU04680,Vijay,Male,10,A,Science,81.70,68.00,33.00,74.00,60.50,C,Pass,2025-26,Partial,,
STU04681,Ananya,Female,7,B,Science,74.30,88.00,50.00,65.00,65.10,C,Pass,2026-27,Pending,,
STU04682,Hari,Male,6,B,English,86.20,84.00,40.00,78.00,67.80,C,Pass,2024-25,Pending,,
STU04683,Arun,Male,10,A,Mathematics,80.00,50.00,46.00,95.00,71.30,B,Pass,2026-27,Paid,,
STU04684,Rahul,Male,6,A,Mathematics,80.90,59.00,44.00,93.00,71.50,B,Pass,2024-25,Partial,,
STU04685,Aishwarya,Female,11,D,English,85.30,54.00,31.00,49.00,44.60,F,Pass,2024-25,Pending,,
STU04686,Arun,Male,12,A,Science,67.80,56.00,35.00,51.00,47.20,F,Pass,2026-27,Partial,,
STU04687,Swetha,Female,11,D,English,88.00,79.00,32.00,99.00,74.90,B,Pass,2026-27,Paid,,
STU04688,Ananya,Female,12,B,Science,87.20,52.00,49.00,46.00,48.10,F,Pass,2026-27,Partial,,
STU04689,Keerthana,Female,11,D,English,73.60,65.00,39.00,99.00,74.20,B,Pass,2024-25,Partial,,
STU04690,Priya,Female,10,D,Mathematics,96.90,76.00,41.00,36.00,45.50,F,Pass,2024-25,Partial,,
STU04691,Rahul,Male,7,C,Mathematics,88.90,93.00,34.00,90.00,73.80,B,Pass,2026-27,Paid,,
STU04692,Swetha,Female,11,B,Social Science,72.40,47.00,43.00,35.00,39.80,F,Fail,2026-27,Partial,,
STU04693,Pranav,Male,8,D,Mathematics,86.00,54.00,48.00,77.00,63.70,C,Pass,2024-25,Pending,,
STU04694,Madhan,Male,8,A,Science,96.90,94.00,48.00,66.00,66.20,C,Pass,2026-27,Partial,,
STU04695,Arun,Male,7,D,Social Science,84.30,47.00,38.00,67.00,54.30,D,Pass,2025-26,Partial,,
STU04696,Karthik,Male,10,A,Science,70.30,55.00,46.00,60.00,54.80,D,Pass,2025-26,Partial,,
STU04697,Aishwarya,Female,11,D,Mathematics,79.50,40.00,48.00,47.00,45.90,F,Pass,2025-26,Paid,,
STU04698,Nivetha,Female,11,A,Science,80.50,58.00,30.00,32.00,36.60,F,Fail,2026-27,Partial,,
STU04699,Pranav,Male,9,A,Tamil,71.40,61.00,40.00,82.00,65.20,C,Pass,2025-26,Partial,,
STU04700,Madhan,Male,7,C,Mathematics,77.00,82.00,50.00,78.00,70.40,B,Pass,2026-27,Paid,,
STU04701,Swetha,Female,12,A,Tamil,94.20,49.00,34.00,52.00,46.00,F,Pass,2025-26,Paid,,
STU04702,Keerthana,Female,8,C,Science,91.40,39.00,30.00,42.00,37.80,F,Fail,2025-26,Paid,,
STU04703,Ajay,Male,11,D,English,79.20,89.00,31.00,71.00,62.60,C,Pass,2025-26,Partial,,
STU04704,Keerthana,Female,12,C,Social Science,89.40,96.00,45.00,61.00,63.20,C,Pass,2025-26,Pending,,
STU04705,Arun,Male,11,B,Mathematics,68.20,38.00,49.00,37.00,40.80,F,Pass,2026-27,Paid,,
STU04706,Ajay,Male,7,C,Science,87.50,74.00,50.00,35.00,47.30,F,Pass,2026-27,Paid,,
STU04707,Keerthana,Female,6,B,English,85.00,96.00,41.00,83.00,73.00,B,Pass,2024-25,Paid,,
STU04708,Aishwarya,Female,12,B,Social Science,90.20,96.00,42.00,69.00,66.30,C,Pass,2025-26,Pending,,
STU04709,Nivetha,Female,7,C,Social Science,74.40,84.00,47.00,71.00,66.40,C,Pass,2024-25,Partial,,
STU04710,Swetha,Female,8,D,Social Science,86.60,56.00,42.00,64.00,55.80,D,Pass,2026-27,Pending,,
STU04711,Rahul,Male,6,A,Tamil,86.20,86.00,50.00,58.00,61.20,C,Pass,2025-26,Paid,,
STU04712,Sanjay,Male,9,C,English,90.30,68.00,50.00,90.00,73.60,B,Pass,2025-26,Pending,,
STU04713,Ananya,Female,8,A,Mathematics,75.80,84.00,36.00,50.00,52.60,D,Pass,2025-26,Paid,,
STU04714,Kavya,Female,8,A,Tamil,88.40,48.00,48.00,75.00,61.50,C,Pass,2026-27,Paid,,
STU04715,Hari,Male,11,D,Mathematics,76.80,70.00,35.00,47.00,48.00,F,Pass,2026-27,Partial,,
STU04716,Rahul,Male,7,B,Mathematics,74.30,44.00,49.00,83.00,65.00,C,Pass,2025-26,Partial,,
STU04717,Karthik,Male,10,A,Tamil,79.80,93.00,39.00,49.00,54.80,D,Pass,2025-26,Paid,,
STU04718,Aishwarya,Female,10,A,Social Science,72.50,77.00,49.00,44.00,52.10,D,Pass,2025-26,Paid,,
STU04719,Priya,Female,11,D,Social Science,83.40,61.00,50.00,64.00,59.20,D,Pass,2025-26,Pending,,
STU04720,Hari,Male,9,A,Science,70.80,46.00,46.00,86.00,66.00,C,Pass,2025-26,Pending,,
STU04721,Nivetha,Female,10,A,Social Science,80.90,88.00,50.00,65.00,65.10,C,Pass,2024-25,Partial,,
STU04722,Dinesh,Male,12,A,Tamil,86.00,76.00,36.00,33.00,42.50,F,Pass,2024-25,Pending,,
STU04723,Pranav,Male,8,D,Mathematics,100.00,73.00,40.00,72.00,62.60,C,Pass,2026-27,Pending,,
STU04724,Kavya,Female,8,C,Social Science,90.30,47.00,50.00,46.00,47.40,F,Pass,2025-26,Partial,,
STU04725,Rahul,Male,6,D,Social Science,83.00,48.00,46.00,55.00,50.90,D,Pass,2025-26,Partial,,
STU04726,Divya,Female,7,B,Mathematics,100.00,76.00,48.00,47.00,53.10,D,Pass,2024-25,Paid,,
STU04727,Aishwarya,Female,6,B,Mathematics,71.10,44.00,33.00,74.00,55.70,D,Pass,2024-25,Partial,,
STU04728,Harini,Female,12,B,Mathematics,97.60,48.00,39.00,41.00,41.80,F,Pass,2026-27,Pending,,
STU04729,Vijay,Male,9,A,English,85.10,39.00,34.00,92.00,64.00,C,Pass,2026-27,Paid,,
STU04730,Ajay,Male,6,D,Science,92.70,64.00,39.00,60.00,54.50,D,Pass,2024-25,Paid,,
STU04731,Swetha,Female,6,B,Science,88.70,81.00,42.00,60.00,58.80,D,Pass,2024-25,Partial,,
STU04732,Keerthana,Female,10,D,Tamil,80.70,56.00,40.00,44.00,45.20,F,Pass,2024-25,Pending,,
STU04733,Sanjay,Male,11,B,Mathematics,84.70,51.00,50.00,50.00,50.20,D,Pass,2026-27,Pending,,
STU04734,Ananya,Female,8,C,Social Science,78.50,81.00,35.00,74.00,63.70,C,Pass,2024-25,Partial,,
STU04735,Rahul,Male,8,C,Science,85.50,39.00,40.00,71.00,55.30,D,Pass,2024-25,Paid,,
STU04736,Divya,Female,6,B,Social Science,87.00,37.00,30.00,59.00,45.90,F,Pass,2025-26,Partial,,
STU04737,Dinesh,Male,8,B,English,80.70,39.00,41.00,78.00,59.10,D,Pass,2026-27,Partial,,
STU04738,Rahul,Male,8,C,Mathematics,93.80,86.00,37.00,90.00,73.30,B,Pass,2025-26,Partial,,
STU04739,Hari,Male,12,B,Social Science,81.50,91.00,39.00,92.00,75.90,B,Pass,2025-26,Partial,,
STU04740,Arun,Male,12,C,Mathematics,88.80,97.00,36.00,50.00,55.20,D,Pass,2026-27,Paid,,
STU04741,Kavya,Female,11,B,Science,81.70,71.00,30.00,63.00,54.70,D,Pass,2025-26,Pending,,
STU04742,Ananya,Female,6,D,Mathematics,81.70,36.00,40.00,77.00,57.70,D,Pass,2026-27,Pending,,
STU04743,Nivetha,Female,10,A,Science,71.70,98.00,34.00,45.00,52.30,D,Pass,2024-25,Paid,,
STU04744,Keerthana,Female,6,C,English,100.00,37.00,31.00,76.00,54.70,D,Pass,2024-25,Partial,,
STU04745,Madhan,Male,6,A,Science,88.80,47.00,37.00,73.00,57.00,D,Pass,2024-25,Pending,,
STU04746,Karthik,Male,12,C,English,73.00,41.00,34.00,95.00,65.90,C,Pass,2025-26,Paid,,
STU04747,Vijay,Male,7,B,Social Science,65.30,50.00,38.00,25.00,33.90,F,Fail,2026-27,Paid,,
STU04748,Nivetha,Female,8,B,English,92.40,68.00,49.00,44.00,50.30,D,Pass,2024-25,Pending,,
STU04749,Arun,Male,7,B,English,82.50,38.00,33.00,49.00,42.00,F,Pass,2024-25,Pending,,
STU04750,Hari,Male,11,B,Mathematics,78.70,65.00,40.00,32.00,41.00,F,Pass,2026-27,Partial,,
STU04751,Kavya,Female,6,B,Mathematics,82.70,76.00,42.00,39.00,47.30,F,Pass,2026-27,Pending,,
STU04752,Keerthana,Female,10,C,Social Science,87.90,70.00,43.00,87.00,70.40,B,Pass,2025-26,Pending,,
STU04753,Hari,Male,12,D,Science,73.70,83.00,32.00,60.00,56.20,D,Pass,2024-25,Partial,,
STU04754,Arun,Male,11,D,Tamil,77.40,41.00,42.00,56.00,48.80,F,Pass,2024-25,Pending,,
STU04755,Vijay,Male,9,B,Tamil,80.40,95.00,35.00,78.00,68.50,C,Pass,2024-25,Pending,,
STU04756,Ajay,Male,7,B,Mathematics,73.10,76.00,49.00,94.00,76.90,B,Pass,2026-27,Pending,,
STU04757,Pavithra,Female,7,B,Mathematics,86.10,43.00,38.00,80.00,60.00,C,Pass,2024-25,Partial,,
STU04758,Vijay,Male,7,B,Social Science,93.10,63.00,36.00,91.00,68.90,C,Pass,2026-27,Paid,,
STU04759,Hari,Male,8,B,English,84.80,38.00,42.00,43.00,41.70,F,Pass,2025-26,Partial,,
STU04760,Madhan,Male,12,C,Tamil,95.30,47.00,38.00,63.00,52.30,D,Pass,2024-25,Paid,,
STU04761,Nivetha,Female,7,B,Social Science,89.60,82.00,42.00,81.00,69.50,C,Pass,2026-27,Paid,,
STU04762,Madhan,Male,11,B,Mathematics,81.40,39.00,38.00,78.00,58.20,D,Pass,2024-25,Partial,,
STU04763,Rahul,Male,11,D,Mathematics,99.20,78.00,47.00,54.00,56.70,D,Pass,2024-25,Partial,,
STU04764,Aishwarya,Female,11,C,Social Science,96.80,45.00,49.00,27.00,37.20,F,Fail,2025-26,Paid,,
STU04765,Madhan,Male,11,C,Mathematics,73.20,79.00,31.00,90.00,70.10,B,Pass,2026-27,Paid,,
STU04766,Pavithra,Female,7,B,English,78.40,59.00,30.00,25.00,33.30,F,Fail,2025-26,Paid,,
STU04767,Divya,Female,10,D,Social Science,86.60,73.00,42.00,83.00,68.70,C,Pass,2025-26,Pending,,
STU04768,Keerthana,Female,11,A,Mathematics,71.10,66.00,41.00,73.00,62.00,C,Pass,2025-26,Paid,,
STU04769,Kavya,Female,7,B,Science,93.20,35.00,35.00,67.00,51.00,D,Pass,2024-25,Partial,,
STU04770,Harini,Female,11,A,Tamil,65.40,42.00,41.00,70.00,55.70,D,Pass,2026-27,Pending,,
STU04771,Sanjay,Male,6,B,Science,76.20,99.00,30.00,97.00,77.30,B,Pass,2025-26,Paid,,
STU04772,Kavya,Female,9,C,Science,72.80,39.00,37.00,50.00,43.90,F,Pass,2025-26,Pending,,
STU04773,Sanjay,Male,12,C,English,87.80,90.00,40.00,59.00,59.50,D,Pass,2026-27,Partial,,
STU04774,Vijay,Male,9,A,Mathematics,81.20,63.00,39.00,32.00,40.30,F,Pass,2026-27,Partial,,
STU04775,Dinesh,Male,6,C,English,94.10,59.00,33.00,30.00,36.70,F,Fail,2026-27,Paid,,
STU04776,Swetha,Female,10,B,Tamil,71.90,81.00,37.00,34.00,44.30,F,Pass,2026-27,Paid,,
STU04777,Pranav,Male,7,D,Mathematics,75.00,94.00,31.00,80.00,68.10,C,Pass,2025-26,Partial,,
STU04778,Harini,Female,8,B,Social Science,77.80,87.00,50.00,54.00,59.40,D,Pass,2024-25,Pending,,
STU04779,Dinesh,Male,10,A,Tamil,80.10,48.00,34.00,62.00,50.80,D,Pass,2025-26,Partial,,
STU04780,Pranav,Male,9,C,English,65.90,48.00,33.00,90.00,64.50,C,Pass,2025-26,Pending,,
STU04781,Arun,Male,8,C,Social Science,85.00,42.00,44.00,46.00,44.60,F,Pass,2026-27,Paid,,
STU04782,Sanjay,Male,10,B,Tamil,83.40,71.00,48.00,51.00,54.10,D,Pass,2024-25,Partial,,
STU04783,Harini,Female,6,C,Tamil,84.40,40.00,38.00,51.00,44.90,F,Pass,2024-25,Paid,,
STU04784,Nivetha,Female,12,A,English,84.50,46.00,41.00,91.00,67.00,C,Pass,2026-27,Pending,,
STU04785,Ananya,Female,9,D,Tamil,83.40,80.00,50.00,39.00,50.50,D,Pass,2025-26,Paid,,
STU04786,Aishwarya,Female,7,C,Tamil,71.20,77.00,42.00,27.00,41.50,F,Pass,2026-27,Pending,,
STU04787,Sanjay,Male,11,B,Science,67.00,43.00,40.00,54.00,47.60,F,Pass,2026-27,Pending,,
STU04788,Karthik,Male,8,A,Tamil,84.50,45.00,43.00,47.00,45.40,F,Pass,2026-27,Pending,,
STU04789,Sanjay,Male,7,C,Social Science,83.70,85.00,33.00,78.00,65.90,C,Pass,2025-26,Paid,,
STU04790,Pavithra,Female,7,C,Mathematics,86.60,62.00,33.00,29.00,36.80,F,Fail,2025-26,Paid,,
STU04791,Divya,Female,7,B,Tamil,73.80,39.00,47.00,64.00,53.90,D,Pass,2025-26,Partial,,
STU04792,Sanjay,Male,6,D,Tamil,85.30,89.00,48.00,41.00,52.70,D,Pass,2025-26,Paid,,
STU04793,Ajay,Male,6,A,Tamil,93.70,65.00,32.00,100.00,72.60,B,Pass,2024-25,Partial,,
STU04794,Ananya,Female,6,A,English,75.80,92.00,33.00,100.00,78.30,B,Pass,2024-25,Partial,,
STU04795,Hari,Male,10,D,Mathematics,81.00,67.00,49.00,44.00,50.10,D,Pass,2025-26,Pending,,
STU04796,Sanjay,Male,11,C,Tamil,73.00,54.00,42.00,79.00,62.90,C,Pass,2025-26,Partial,,
STU04797,Dinesh,Male,7,D,Social Science,93.70,70.00,47.00,33.00,44.60,F,Pass,2024-25,Paid,,
STU04798,Divya,Female,12,B,Social Science,66.80,52.00,44.00,43.00,45.10,F,Pass,2025-26,Paid,,
STU04799,Ajay,Male,9,D,Science,76.60,84.00,44.00,83.00,71.50,B,Pass,2026-27,Paid,,
STU04800,Dinesh,Male,6,B,Mathematics,77.10,41.00,46.00,53.00,48.50,F,Pass,2026-27,Pending,,
STU04801,Rahul,Male,7,A,Mathematics,76.00,58.00,37.00,80.00,62.70,C,Pass,2025-26,Paid,,
STU04802,Keerthana,Female,6,A,Science,83.80,54.00,48.00,66.00,58.20,D,Pass,2026-27,Paid,,
STU04803,Ajay,Male,11,D,Tamil,91.50,88.00,48.00,79.00,71.50,B,Pass,2024-25,Paid,,
STU04804,Hari,Male,8,A,English,73.30,38.00,48.00,48.00,46.00,F,Pass,2026-27,Partial,,
STU04805,Swetha,Female,9,B,Science,94.20,64.00,36.00,52.00,49.60,F,Pass,2026-27,Partial,,
STU04806,Ananya,Female,9,D,Science,83.60,98.00,43.00,26.00,45.50,F,Pass,2026-27,Pending,,
STU04807,Ananya,Female,10,A,Tamil,69.90,41.00,47.00,52.00,48.30,F,Pass,2024-25,Pending,,
STU04808,Pranav,Male,6,A,Mathematics,100.00,82.00,43.00,62.00,60.30,C,Pass,2025-26,Paid,,
STU04809,Divya,Female,12,B,Mathematics,82.90,41.00,41.00,26.00,33.50,F,Fail,2026-27,Paid,,
STU04810,Dinesh,Male,9,A,Social Science,85.60,50.00,50.00,89.00,69.50,C,Pass,2024-25,Partial,,
STU04811,Kavya,Female,10,B,Science,74.20,36.00,37.00,42.00,39.30,F,Fail,2024-25,Pending,,
STU04812,Harini,Female,10,A,Tamil,82.30,96.00,43.00,81.00,72.60,B,Pass,2025-26,Pending,,
STU04813,Arun,Male,8,B,Science,71.30,48.00,40.00,82.00,62.60,C,Pass,2025-26,Partial,,
STU04814,Vijay,Male,10,C,Tamil,99.10,66.00,47.00,75.00,64.80,C,Pass,2024-25,Paid,,
STU04815,Rahul,Male,9,D,Mathematics,71.80,81.00,42.00,85.00,71.30,B,Pass,2025-26,Paid,,
STU04816,Divya,Female,8,B,Mathematics,78.30,98.00,39.00,50.00,56.30,D,Pass,2026-27,Paid,,
STU04817,Ananya,Female,10,A,English,93.80,38.00,36.00,88.00,62.40,C,Pass,2026-27,Paid,,
STU04818,Karthik,Male,6,B,English,86.40,35.00,46.00,44.00,42.80,F,Pass,2024-25,Pending,,
STU04819,Ajay,Male,6,A,Social Science,70.70,80.00,33.00,76.00,63.90,C,Pass,2025-26,Paid,,
STU04820,Dinesh,Male,9,C,Mathematics,84.60,69.00,49.00,31.00,44.00,F,Pass,2025-26,Paid,,
STU04821,Swetha,Female,11,A,Science,87.30,56.00,44.00,81.00,64.90,C,Pass,2024-25,Pending,,
STU04822,Arun,Male,8,C,Tamil,80.60,56.00,42.00,27.00,37.30,F,Fail,2026-27,Paid,,
STU04823,Swetha,Female,8,C,Social Science,84.70,75.00,42.00,94.00,74.60,B,Pass,2026-27,Pending,,
STU04824,Kavya,Female,10,B,English,85.40,92.00,38.00,70.00,64.80,C,Pass,2024-25,Partial,,
STU04825,Hari,Male,6,B,English,69.70,87.00,32.00,63.00,58.50,D,Pass,2025-26,Pending,,
STU04826,Rahul,Male,11,D,English,78.70,83.00,50.00,29.00,46.10,F,Pass,2026-27,Paid,,
STU04827,Pavithra,Female,8,B,Science,73.40,62.00,33.00,92.00,68.30,C,Pass,2026-27,Paid,,
STU04828,Keerthana,Female,11,A,Tamil,75.50,55.00,39.00,100.00,72.70,B,Pass,2024-25,Partial,,
STU04829,Aishwarya,Female,12,C,English,86.80,45.00,40.00,33.00,37.50,F,Fail,2024-25,Paid,,
STU04830,Pavithra,Female,9,A,Social Science,75.10,87.00,31.00,36.00,44.70,F,Pass,2024-25,Pending,,
STU04831,Nivetha,Female,10,D,Social Science,75.10,51.00,41.00,78.00,61.50,C,Pass,2025-26,Partial,,
STU04832,Madhan,Male,7,C,Mathematics,67.90,40.00,50.00,63.00,54.50,D,Pass,2026-27,Pending,,
STU04833,Ananya,Female,11,B,Social Science,75.80,60.00,38.00,73.00,59.90,D,Pass,2025-26,Partial,,
STU04834,Hari,Male,6,C,Mathematics,80.00,85.00,31.00,42.00,47.30,F,Pass,2026-27,Partial,,
STU04835,Nivetha,Female,7,B,Social Science,80.20,44.00,41.00,50.00,46.10,F,Pass,2024-25,Pending,,
STU04836,Dinesh,Male,10,A,Social Science,75.10,40.00,39.00,92.00,65.70,C,Pass,2026-27,Pending,,
STU04837,Ananya,Female,6,C,Tamil,65.10,63.00,37.00,60.00,53.70,D,Pass,2025-26,Paid,,
STU04838,Madhan,Male,10,B,Social Science,80.30,67.00,41.00,59.00,55.20,D,Pass,2024-25,Partial,,
STU04839,Rahul,Male,12,D,Social Science,73.60,97.00,39.00,43.00,52.60,D,Pass,2025-26,Paid,,
STU04840,Harini,Female,7,B,Tamil,80.90,60.00,49.00,70.00,61.70,C,Pass,2026-27,Paid,,
STU04841,Dinesh,Male,10,D,Science,73.50,35.00,31.00,66.00,49.30,F,Pass,2024-25,Partial,,
STU04842,Pavithra,Female,12,D,Tamil,85.00,63.00,42.00,82.00,66.20,C,Pass,2024-25,Paid,,
STU04843,Divya,Female,8,B,Mathematics,77.90,80.00,32.00,80.00,65.60,C,Pass,2026-27,Paid,,
STU04844,Madhan,Male,8,D,Science,82.70,43.00,50.00,60.00,53.60,D,Pass,2026-27,Partial,,
STU04845,Sanjay,Male,11,B,Science,79.10,91.00,46.00,45.00,54.50,D,Pass,2026-27,Pending,,
STU04846,Pavithra,Female,9,B,Tamil,90.70,84.00,32.00,58.00,55.40,D,Pass,2025-26,Paid,,
STU04847,Dinesh,Male,11,C,Tamil,74.90,42.00,31.00,100.00,67.70,C,Pass,2024-25,Pending,,
STU04848,Aishwarya,Female,12,B,Mathematics,77.20,89.00,34.00,82.00,69.00,C,Pass,2026-27,Paid,,
STU04849,Pavithra,Female,9,D,Mathematics,81.60,73.00,45.00,40.00,48.10,F,Pass,2025-26,Pending,,
STU04850,Rahul,Male,9,C,Tamil,87.40,51.00,47.00,45.00,46.80,F,Pass,2025-26,Pending,,
STU04851,Nivetha,Female,7,B,Science,72.20,93.00,41.00,57.00,59.40,D,Pass,2025-26,Partial,,
STU04852,Ananya,Female,7,C,Social Science,83.30,100.00,48.00,56.00,62.40,C,Pass,2026-27,Pending,,
STU04853,Kavya,Female,8,C,English,75.20,56.00,35.00,31.00,37.20,F,Fail,2026-27,Pending,,
STU04854,Ananya,Female,8,C,Mathematics,87.00,98.00,42.00,70.00,67.20,C,Pass,2026-27,Partial,,
STU04855,Madhan,Male,11,A,Tamil,97.20,94.00,42.00,46.00,54.40,D,Pass,2025-26,Paid,,
STU04856,Priya,Female,10,C,English,76.50,92.00,32.00,70.00,63.00,C,Pass,2026-27,Partial,,
STU04857,Sanjay,Male,11,C,English,100.00,94.00,37.00,95.00,77.40,B,Pass,2025-26,Pending,,
STU04858,Keerthana,Female,12,C,Tamil,84.90,54.00,49.00,58.00,54.50,D,Pass,2026-27,Paid,,
STU04859,Swetha,Female,10,D,Social Science,78.90,40.00,47.00,82.00,63.10,C,Pass,2025-26,Paid,,
STU04860,Keerthana,Female,9,B,Mathematics,69.60,91.00,44.00,38.00,50.40,D,Pass,2024-25,Pending,,
STU04861,Aishwarya,Female,9,B,Science,84.50,78.00,43.00,40.00,48.50,F,Pass,2025-26,Paid,,
STU04862,Dinesh,Male,7,D,Science,69.80,45.00,37.00,92.00,66.10,C,Pass,2026-27,Pending,,
STU04863,Karthik,Male,8,A,English,92.80,50.00,42.00,79.00,62.10,C,Pass,2025-26,Partial,,
STU04864,Ajay,Male,7,C,Science,74.80,90.00,45.00,75.00,69.00,C,Pass,2024-25,Partial,,
STU04865,Hari,Male,7,B,Mathematics,55.70,58.00,34.00,57.00,50.30,D,Pass,2025-26,Pending,,
STU04866,Pavithra,Female,6,D,Tamil,88.00,85.00,44.00,36.00,48.20,F,Pass,2026-27,Pending,,
STU04867,Pavithra,Female,10,B,Mathematics,72.70,57.00,36.00,65.00,54.70,D,Pass,2024-25,Partial,,
STU04868,Arun,Male,12,B,Mathematics,84.60,43.00,37.00,81.00,60.20,C,Pass,2024-25,Pending,,
STU04869,Harini,Female,7,C,Science,91.10,47.00,32.00,69.00,53.50,D,Pass,2025-26,Partial,,
STU04870,Vijay,Male,6,A,Social Science,65.90,77.00,32.00,81.00,65.50,C,Pass,2024-25,Partial,,
STU04871,Dinesh,Male,12,A,Science,68.00,60.00,33.00,51.00,47.40,F,Pass,2024-25,Pending,,
STU04872,Nivetha,Female,7,B,English,86.00,86.00,39.00,45.00,51.40,D,Pass,2025-26,Pending,,
STU04873,Rahul,Male,8,B,English,76.40,57.00,32.00,29.00,35.50,F,Fail,2024-25,Paid,,
STU04874,Harini,Female,11,D,Science,66.60,76.00,49.00,33.00,46.40,F,Pass,2025-26,Partial,,
STU04875,Kavya,Female,12,D,Science,86.30,96.00,30.00,71.00,63.70,C,Pass,2025-26,Partial,,
STU04876,Pranav,Male,10,B,English,83.20,40.00,32.00,59.00,47.10,F,Pass,2024-25,Pending,,
STU04877,Nivetha,Female,9,B,Science,91.80,100.00,37.00,80.00,71.10,B,Pass,2026-27,Pending,,
STU04878,Ajay,Male,11,C,Mathematics,72.20,74.00,48.00,89.00,73.70,B,Pass,2024-25,Paid,,
STU04879,Priya,Female,12,B,Science,92.70,52.00,50.00,28.00,39.40,F,Fail,2025-26,Partial,,
STU04880,Sanjay,Male,7,C,English,68.90,52.00,32.00,36.00,38.00,F,Fail,2026-27,Paid,,
STU04881,Pavithra,Female,8,B,Mathematics,94.90,96.00,47.00,46.00,56.30,D,Pass,2024-25,Partial,,
STU04882,Hari,Male,9,B,Tamil,86.20,47.00,34.00,27.00,33.10,F,Fail,2024-25,Partial,,
STU04883,Madhan,Male,10,B,Social Science,83.10,40.00,33.00,72.00,53.90,D,Pass,2024-25,Partial,,
STU04884,Kavya,Female,8,C,Science,55.30,89.00,32.00,80.00,67.40,C,Pass,2026-27,Paid,,
STU04885,Aishwarya,Female,6,B,Tamil,72.30,38.00,30.00,66.00,49.60,F,Pass,2026-27,Partial,,
STU04886,Swetha,Female,10,A,Tamil,100.00,60.00,33.00,60.00,51.90,D,Pass,2024-25,Paid,,
STU04887,Ananya,Female,8,D,Mathematics,83.50,48.00,33.00,69.00,54.00,D,Pass,2025-26,Partial,,
STU04888,Kavya,Female,11,B,Social Science,86.40,45.00,45.00,38.00,41.50,F,Pass,2026-27,Pending,,
STU04889,Madhan,Male,12,A,English,79.30,88.00,40.00,97.00,78.10,B,Pass,2024-25,Paid,,
STU04890,Kavya,Female,8,B,Science,84.50,38.00,48.00,28.00,36.00,F,Fail,2024-25,Pending,,
STU04891,Karthik,Male,12,A,Mathematics,96.60,62.00,43.00,27.00,38.80,F,Fail,2026-27,Pending,,
STU04892,Priya,Female,10,C,Mathematics,70.50,60.00,50.00,59.00,56.50,D,Pass,2026-27,Pending,,
STU04893,Vijay,Male,6,A,Social Science,61.30,82.00,36.00,67.00,60.70,C,Pass,2024-25,Partial,,
STU04894,Pranav,Male,7,B,Mathematics,94.40,90.00,35.00,64.00,60.50,C,Pass,2026-27,Partial,,
STU04895,Sanjay,Male,10,D,Tamil,81.30,77.00,40.00,70.00,62.40,C,Pass,2024-25,Partial,,
STU04896,Kavya,Female,11,B,English,90.00,71.00,31.00,67.00,57.00,D,Pass,2026-27,Pending,,
STU04897,Divya,Female,6,B,Mathematics,83.40,35.00,37.00,90.00,63.10,C,Pass,2026-27,Partial,,
STU04898,Ajay,Male,12,D,Science,86.30,91.00,30.00,71.00,62.70,C,Pass,2024-25,Paid,,
STU04899,Aishwarya,Female,12,D,Social Science,84.10,59.00,49.00,58.00,55.50,D,Pass,2024-25,Partial,,
STU04900,Arun,Male,12,B,Mathematics,79.90,76.00,45.00,90.00,73.70,B,Pass,2024-25,Partial,,
STU04901,Rahul,Male,9,A,English,75.50,45.00,34.00,31.00,34.70,F,Fail,2025-26,Partial,,
STU04902,Kavya,Female,11,C,Social Science,84.00,80.00,36.00,32.00,42.80,F,Pass,2025-26,Pending,,
STU04903,Aishwarya,Female,6,B,Mathematics,97.80,79.00,50.00,40.00,50.80,D,Pass,2025-26,Paid,,
STU04904,Ananya,Female,11,A,Social Science,79.50,47.00,37.00,74.00,57.50,D,Pass,2024-25,Pending,,
STU04905,Arun,Male,6,C,Social Science,85.60,48.00,34.00,49.00,44.30,F,Pass,2026-27,Pending,,
STU04906,Arun,Male,12,C,Mathematics,74.30,56.00,40.00,66.00,56.20,D,Pass,2024-25,Partial,,
STU04907,Keerthana,Female,8,C,Science,89.00,54.00,48.00,94.00,72.20,B,Pass,2025-26,Paid,,
STU04908,Arun,Male,10,B,English,85.70,50.00,40.00,43.00,43.50,F,Pass,2026-27,Pending,,
STU04909,Dinesh,Male,12,D,Tamil,98.00,74.00,46.00,54.00,55.60,D,Pass,2024-25,Pending,,
STU04910,Madhan,Male,9,C,English,95.30,87.00,32.00,41.00,47.50,F,Pass,2024-25,Pending,,
STU04911,Kavya,Female,8,A,Tamil,85.60,61.00,37.00,27.00,36.80,F,Fail,2024-25,Pending,,
STU04912,Kavya,Female,12,D,Mathematics,82.00,82.00,50.00,74.00,68.40,C,Pass,2026-27,Pending,,
STU04913,Vijay,Male,7,B,Science,77.40,65.00,39.00,61.00,55.20,D,Pass,2025-26,Paid,,
STU04914,Hari,Male,6,D,Mathematics,81.90,42.00,40.00,50.00,45.40,F,Pass,2026-27,Partial,,
STU04915,Pranav,Male,11,C,Tamil,65.80,69.00,35.00,92.00,70.30,B,Pass,2026-27,Paid,,
STU04916,Aishwarya,Female,7,D,English,67.70,77.00,44.00,87.00,72.10,B,Pass,2024-25,Paid,,
STU04917,Hari,Male,9,B,Science,76.80,41.00,41.00,99.00,70.00,B,Pass,2024-25,Pending,,
STU04918,Kavya,Female,10,A,Mathematics,100.00,78.00,40.00,36.00,45.60,F,Pass,2026-27,Pending,,
STU04919,Nivetha,Female,7,D,Mathematics,82.20,52.00,33.00,86.00,63.30,C,Pass,2024-25,Paid,,
STU04920,Keerthana,Female,8,D,English,90.70,42.00,35.00,27.00,32.40,F,Fail,2024-25,Partial,,
STU04921,Dinesh,Male,7,D,Mathematics,84.30,66.00,38.00,43.00,46.10,F,Pass,2024-25,Pending,,
STU04922,Pavithra,Female,10,A,English,67.60,48.00,39.00,71.00,56.80,D,Pass,2025-26,Paid,,
STU04923,Priya,Female,6,B,Tamil,88.00,43.00,37.00,27.00,33.20,F,Fail,2024-25,Paid,,
STU04924,Rahul,Male,6,C,Science,76.60,73.00,39.00,48.00,50.30,D,Pass,2024-25,Pending,,
STU04925,Dinesh,Male,11,D,Social Science,75.40,82.00,40.00,42.00,49.40,F,Pass,2026-27,Paid,,
STU04926,Pavithra,Female,6,B,Science,68.50,41.00,39.00,97.00,68.40,C,Pass,2025-26,Pending,,
STU04927,Kavya,Female,10,D,English,73.10,90.00,50.00,64.00,65.00,C,Pass,2024-25,Paid,,
STU04928,Pranav,Male,6,D,Science,94.00,72.00,49.00,73.00,65.60,C,Pass,2025-26,Paid,,
STU04929,Swetha,Female,7,B,Social Science,80.00,40.00,44.00,39.00,40.70,F,Pass,2024-25,Partial,,
STU04930,Pavithra,Female,8,A,Mathematics,83.20,58.00,34.00,30.00,36.80,F,Fail,2024-25,Paid,,
STU04931,Dinesh,Male,12,A,Mathematics,97.70,82.00,48.00,53.00,57.30,D,Pass,2024-25,Partial,,
STU04932,Rahul,Male,12,A,Mathematics,100.00,64.00,36.00,39.00,43.10,F,Pass,2025-26,Paid,,
STU04933,Swetha,Female,11,D,Mathematics,72.40,87.00,48.00,87.00,75.30,B,Pass,2024-25,Pending,,
STU04934,Karthik,Male,10,C,Tamil,62.20,49.00,33.00,72.00,55.70,D,Pass,2025-26,Partial,,
STU04935,Keerthana,Female,7,A,English,73.20,82.00,46.00,76.00,68.20,C,Pass,2024-25,Paid,,
STU04936,Harini,Female,7,B,Science,82.30,57.00,39.00,68.00,57.10,D,Pass,2026-27,Partial,,
STU04937,Swetha,Female,11,B,Science,89.40,98.00,41.00,28.00,45.90,F,Pass,2026-27,Partial,,
STU04938,Pranav,Male,11,D,Tamil,85.40,43.00,45.00,92.00,68.10,C,Pass,2025-26,Partial,,
STU04939,Harini,Female,6,A,English,80.00,100.00,49.00,57.00,63.20,C,Pass,2024-25,Pending,,
STU04940,Priya,Female,9,B,Science,63.40,84.00,43.00,31.00,45.20,F,Pass,2025-26,Pending,,
STU04941,Pavithra,Female,6,A,Social Science,71.90,56.00,45.00,81.00,65.20,C,Pass,2026-27,Paid,,
STU04942,Pavithra,Female,9,C,Social Science,80.50,88.00,44.00,91.00,76.30,B,Pass,2026-27,Pending,,
STU04943,Keerthana,Female,9,B,English,73.00,48.00,40.00,78.00,60.60,C,Pass,2025-26,Pending,,
STU04944,Divya,Female,12,B,Mathematics,70.90,70.00,50.00,70.00,64.00,C,Pass,2025-26,Partial,,
STU04945,Kavya,Female,9,A,Science,69.20,95.00,44.00,32.00,48.20,F,Pass,2025-26,Partial,,
STU04946,Nivetha,Female,7,A,Tamil,72.50,44.00,45.00,50.00,47.30,F,Pass,2024-25,Pending,,
STU04947,Vijay,Male,9,B,Mathematics,77.90,58.00,48.00,95.00,73.50,B,Pass,2025-26,Pending,,
STU04948,Keerthana,Female,8,A,Mathematics,79.50,81.00,40.00,45.00,50.70,D,Pass,2025-26,Paid,,
STU04949,Pavithra,Female,8,C,Science,72.30,86.00,39.00,44.00,50.90,D,Pass,2026-27,Pending,,
STU04950,Dinesh,Male,8,B,Social Science,100.00,52.00,34.00,28.00,34.60,F,Fail,2024-25,Paid,,
STU04951,Sanjay,Male,6,A,Science,78.60,40.00,44.00,45.00,43.70,F,Pass,2025-26,Pending,,
STU04952,Arun,Male,12,A,Mathematics,94.50,100.00,44.00,78.00,72.20,B,Pass,2024-25,Partial,,
STU04953,Pavithra,Female,7,D,English,79.60,65.00,35.00,40.00,43.50,F,Pass,2026-27,Partial,,
STU04954,Swetha,Female,11,B,English,84.40,42.00,41.00,25.00,33.20,F,Fail,2025-26,Partial,,
STU04955,Ananya,Female,9,D,Tamil,74.10,77.00,47.00,91.00,75.00,B,Pass,2025-26,Pending,,
STU04956,Keerthana,Female,7,D,Mathematics,66.90,68.00,32.00,38.00,42.20,F,Pass,2026-27,Paid,,
STU04957,Vijay,Male,6,D,Science,79.80,42.00,43.00,43.00,42.80,F,Pass,2024-25,Paid,,
STU04958,Pranav,Male,6,D,Mathematics,83.50,50.00,49.00,73.00,61.20,C,Pass,2025-26,Partial,,
STU04959,Madhan,Male,9,A,Mathematics,72.80,45.00,38.00,52.00,46.40,F,Pass,2025-26,Paid,,
STU04960,Arun,Male,9,A,Mathematics,80.70,62.00,32.00,30.00,37.00,F,Fail,2025-26,Pending,,
STU04961,Vijay,Male,7,D,Mathematics,64.00,77.00,46.00,97.00,77.70,B,Pass,2024-25,Partial,,
STU04962,Pavithra,Female,8,B,Social Science,65.50,85.00,31.00,35.00,43.80,F,Pass,2025-26,Pending,,
STU04963,Aishwarya,Female,9,B,Social Science,83.00,50.00,33.00,33.00,36.40,F,Fail,2024-25,Paid,,
STU04964,Keerthana,Female,11,B,English,70.00,63.00,41.00,46.00,47.90,F,Pass,2024-25,Paid,,
STU04965,Pavithra,Female,8,A,Mathematics,79.20,38.00,42.00,55.00,47.70,F,Pass,2026-27,Paid,,
STU04966,Harini,Female,10,D,Social Science,93.90,67.00,43.00,29.00,40.80,F,Pass,2025-26,Paid,,
STU04967,Ajay,Male,6,D,Mathematics,78.10,94.00,48.00,56.00,61.20,C,Pass,2024-25,Partial,,
STU04968,Ananya,Female,7,A,Mathematics,89.70,83.00,32.00,74.00,63.20,C,Pass,2026-27,Partial,,
STU04969,Sanjay,Male,9,D,Tamil,100.00,89.00,50.00,71.00,68.30,C,Pass,2025-26,Pending,,
STU04970,Madhan,Male,11,A,Mathematics,90.10,60.00,45.00,84.00,67.50,C,Pass,2024-25,Paid,,
STU04971,Pavithra,Female,6,C,Tamil,84.80,56.00,37.00,82.00,63.30,C,Pass,2024-25,Pending,,
STU04972,Harini,Female,12,C,Science,91.90,36.00,39.00,93.00,65.40,C,Pass,2025-26,Paid,,
STU04973,Madhan,Male,10,A,Science,77.70,65.00,35.00,48.00,47.50,F,Pass,2026-27,Pending,,
STU04974,Kavya,Female,6,A,Tamil,91.00,97.00,46.00,68.00,67.20,C,Pass,2024-25,Paid,,
STU04975,Kavya,Female,11,B,Science,93.40,44.00,42.00,62.00,52.40,D,Pass,2024-25,Paid,,
STU04976,Madhan,Male,7,C,English,100.00,67.00,32.00,95.00,70.50,B,Pass,2025-26,Pending,,
STU04977,Swetha,Female,6,D,Science,73.90,55.00,38.00,71.00,57.90,D,Pass,2026-27,Partial,,
STU04978,Ajay,Male,9,A,Science,90.20,62.00,37.00,61.00,54.00,D,Pass,2024-25,Partial,,
STU04979,Rahul,Male,9,B,Science,84.90,58.00,42.00,78.00,63.20,C,Pass,2026-27,Pending,,
STU04980,Aishwarya,Female,6,A,Science,78.10,82.00,43.00,67.00,62.80,C,Pass,2024-25,Paid,,
STU04981,Arun,Male,7,B,Science,83.60,60.00,43.00,27.00,38.40,F,Fail,2025-26,Pending,,
STU04982,Madhan,Male,7,A,English,82.00,63.00,44.00,36.00,43.80,F,Pass,2025-26,Paid,,
STU04983,Rahul,Male,12,D,Mathematics,76.10,64.00,48.00,47.00,50.70,D,Pass,2026-27,Paid,,
STU04984,Aishwarya,Female,10,C,Social Science,83.90,76.00,38.00,45.00,49.10,F,Pass,2025-26,Pending,,
STU04985,Madhan,Male,7,B,Science,79.60,100.00,36.00,43.00,52.30,D,Pass,2025-26,Paid,,
STU04986,Keerthana,Female,12,A,Social Science,61.90,79.00,49.00,89.00,75.00,B,Pass,2024-25,Partial,,
STU04987,Divya,Female,11,A,Social Science,87.60,38.00,49.00,93.00,68.80,C,Pass,2026-27,Partial,,
STU04988,Sanjay,Male,6,B,English,64.40,85.00,35.00,81.00,68.00,C,Pass,2024-25,Pending,,
STU04989,Nivetha,Female,12,B,English,68.50,52.00,42.00,87.00,66.50,C,Pass,2024-25,Paid,,
STU04990,Keerthana,Female,7,B,Tamil,83.40,75.00,41.00,55.00,54.80,D,Pass,2024-25,Pending,,
STU04991,Karthik,Male,9,B,English,62.10,67.00,41.00,37.00,44.20,F,Pass,2024-25,Partial,,
STU04992,Nivetha,Female,12,A,Science,73.10,35.00,47.00,76.00,59.10,D,Pass,2024-25,Pending,,
STU04993,Divya,Female,7,B,Social Science,65.70,35.00,40.00,84.00,61.00,C,Pass,2025-26,Paid,,
STU04994,Swetha,Female,11,C,Science,90.30,43.00,32.00,90.00,63.20,C,Pass,2024-25,Paid,,
STU04995,Arun,Male,9,B,English,81.60,46.00,47.00,58.00,52.30,D,Pass,2025-26,Pending,,
STU04996,Ananya,Female,12,D,English,77.00,90.00,48.00,90.00,77.40,B,Pass,2025-26,Paid,,
STU04997,Pavithra,Female,11,D,Mathematics,73.50,44.00,49.00,73.00,60.00,C,Pass,2025-26,Partial,,
STU04998,Swetha,Female,6,B,English,93.00,60.00,42.00,60.00,54.60,D,Pass,2025-26,Partial,,
STU04999,Divya,Female,12,C,English,81.10,69.00,36.00,57.00,53.10,D,Pass,2024-25,Pending,,
STU05000,Ajay,Male,7,D,English,82.30,50.00,45.00,84.00,65.50,C,Pass,2025-26,Pending,,
